id,batch,longDescription,country,tags,status
590,W14,"Cruise is building the world’s most advanced, all-electric, self-driving car technology to safely connect people with the places, things, and experiences they care about. Self-driving cars will help save lives, reimagine cities, redefine time in transit, and restore freedom of movement for individuals who live in dense urban settings. Acquired by GM in 2016.",United States of America,"['Autonomous Delivery', 'Machine Learning', 'Climate', 'AI', 'Self-Driving Vehicles']",Acquired
640,W14,"Unbabel is an AI Centric Language Operations Platform that eliminates language barriers so that businesses can grow across markets. Our platform enables anyone to easily create flexible translation pipelines for any language or type of content in a scalable way. The pipelines combine best in class AI components, such as our Machine Translation and Quality Estimation, with different levels of human-in-the-loop capabilities, such as human translation and human annotations. The result is an easy to use, super scalable platform for Language Operations that can easily go from real time translation using adapted machine translation to high end human transcreation. 

Based in San Francisco, Unbabel works with hundreds of businesses such as Lego, Logitech, Microsoft, Warner Bros, Virgin Pulse, Booking.com or Under Armour, to communicate effortlessly with customers around the world, no matter what language they speak.",United States of America,,Acquired
611,W14,"Theorem conducts independent underwriting of consumer loans originated by banks, credit cards companies and other lenders. We utilize this information to manage institutional capital and securitize loans",United States of America,"['Fintech', 'Machine Learning']",Acquired
597,W14,"Axoni is a New York-based technology firm that builds multi-party workflows and infrastructure for some of the largest financial institutions in the world. Founded in 2013, the company offers core data infrastructure, application development, and automation tools. ",United States of America,"['Fintech', 'SaaS']",Acquired
648,W14,"Media companies, brands and celebrities used Vidpresso to create the best quality live videos, typically for Facebook Live and Twitter. Vidpresso was acquired in 2018 by Facebook.",United States of America,"['Video', 'Media']",Acquired
646,W14,"Predictive analytics for user churn. We use machine learning to help you identify when, and why, your users are leaving.

We're building data science tools and predictive analytics solutions for businesses who want value without headcount. Our platform will also include ways for people to collaborate on datasets and analyses. We're in beta, but we have several companies using our product right now. Data science is a high demand field and want to democratize it for all companies to use.

Framed Data was acquired by Block in 2016.",United States of America,['Analytics'],Acquired
645,W14,"Avametric is a privately-held AR and simulation company working to revolutionize the fashion and retail industries. We were founded in 2012 and centrally located in the thriving San Francisco neighborhood of SOMA. Our software platform provides automated content creation for brands, retail & e-commerce sales tools, and increased efficiency in garment design & development. By working on both enterprise-facing tools for design and consumer-facing tools for virtual fitting rooms, we are excited to transform visualization experiences in fashion and bring traditionally physical experiences to the virtual space. 

We are proudly backed and supported by our lead investors at Khosla Ventures and, together, we look forward to changing the way people shop and design clothing globally.

Sound like you? Find your fit at our careers page: https://www.avametric.com/careers/",United States of America,"['Augmented Reality', 'E-Commerce', 'Fashion']",Acquired
637,W14,"Gobble prepares farm fresh 10-minute gourmet dinner kits with 3-step instructions delivered to your door. Our weekly delivery includes three thoughtfully hand-crafted dinner kits filled with fresh pre-chopped and par-cooked ingredients (along with a gorgeous recipe card!) for you to create Michelin-worthy dinners in your very own kitchen.

Gobble offers the convenience associated with takeout along with the health, satisfaction, and freshness of a home-cooked meal. With Michael Mina protege, Thomas Ricci, as our Executive Chef, we're engineering our best recipes into one pan dinner kits so anyone can cook and make a gourmet meal with 1 pan in under 10 minutes.",United States of America,['Subscriptions'],Acquired
632,W14,"Zesty empowers companies to be healthier and more productive.

Our team creates tailored, world-class food programs for offices
with 20 to 1000+ employees. We work with hundreds of
clients serving balanced and delicious breakfasts,
lunches, dinners, happy hours and special events.

Curated by in-house dietitians, Zesty works with hundreds of
the best Bay Area restaurants, including Souvla, Delfina,
Oren's Hummus, and Nopalito — providing nutrition facts on
every dish.

Every meal is delivered and served by Zesty's own Catering
Captains, offering the reliability and hospitality of an in-house
caterer combined with the variety of dozens of cuisines.

We have raised over $20M in funding top Silicon Valley investors including Index Ventures, Founders Fund, Forerunner Ventures, SV Angel and Y Combinator. Our two-floor office building is located in the sunny Potrero Hill district of San Francisco. You can learn more about our values and open positions at http://zesty.com/jobs",United States of America,,Acquired
631,W14,"Natural Language for the Internet of Things.

Wit.ai is an API that makes it easy for developers to build applications and devices that you can talk to. Any app, any device can use Wit.ai to take natural language input (speech or text message) from users and turn it into a command.

Wit.ai is a Y Combinator company based in Palo Alto, and funded by Andreessen Horowitz.",United States of America,"['Developer Tools', 'NLP', 'APIs']",Acquired
620,W14,"SketchDeck is your always ready design team. We give you 24/7 access to high quality, on brand design for all your marketing, sales and communication needs. We're built for the quality, scale and speed modern teams demand.",United States of America,,Acquired
618,W14,"Rocketrip cuts a company’s travel costs by incentivizing employees to spend less on their trips. When employees get to keep a portion of the savings they generate, they start to treat the company’s money like it’s their own. 

Rocketrip’s software combines real-time travel prices, company policy, and a suite of patented algorithms to set customized budgets and predict what a trip should cost. Business travelers beat their budgets by making cost-conscious choices like booking in advance, selecting a cheaper hotel, or staying with friends. The company saves money, and the employee earns actual rewards. 

Rocketrip provides comprehensive reporting and seamlessly integrates into any existing corporate and expense technology stack. If you want to rein in business travel costs while improving corporate culture, visit rocketrip.com",United States of America,"['Fintech', 'Travel', 'Enterprise Software']",Acquired
617,W14,"Rickshaw is a local delivery platform that partners with courier companies and delivers several goods, including laundry, gifts, office snacks, and meal subscriptions. It uses algorithms and mobile apps to dispatch, route, and track customer locations. The service is available from Monday to Friday from 7.00 a.m. to 10.00 p.m.

Rickshaw was launched by Divya Bhat and Gautam Jayaraman.",United States of America,"['Delivery', 'Logistics', 'API']",Acquired
614,W14,"PipelineDB is an open-source PostgreSQL extension that enables realtime reporting use cases by continuously aggregating large streams of time series data down into summary data. It shines the most at larger scales, where storing lots of raw time-series data and aggregating it over and over again becomes inefficient. The amount of value that PipelineDB adds is directly proportional to the amount of continuous aggregation that an analytics use case can benefit from. PipelineDB should be used for analytics use cases that only require summary data, like realtime reporting dashboards. PipelineDB is not a good fit for exploratory analytics on siloed datasets.
",United States of America,"['Open Source', 'Time Series']",Acquired
612,W14,"LiftIgniter uses cutting edge data science to help publishers and retailers optimize their websites and mobile apps in real-time. Machine learning personalization puts the perfect piece of ""content""​ (video, article, item to buy) in front the user at the exact moment when they are most likely to engage or convert - no tags or manual work required. 

The machine learns and updates itself so that's it's always perfectly in sync with your users and your ""content.""​ We average 50% improvements in CTR, engagement and conversation - with only a day's work on your part. Imagine creating a truly dynamic, real-time digital property that enables the perfect experience for that user impression at that moment in time. That is LiftIgniter! 

Our team of PhDs has direct experience building state-of-the-art personalization systems at the petabyte scale for some of the largest companies on the planet. Unless you plan on hiring your own team with deep experience (not likely since very few people with that experience exist), you should contact us to talk about how we can supercharge your digital experiences.",United States of America,"['Machine Learning', 'Personalization']",Acquired
610,W14,"StackLead automatically analyzes sales leads. 

Starting with only an email address, we pull together all the research a sales rep needs to understand a lead and their business. With this information, sales teams close more deals because they can effectively tailor their messaging and they don't have to spend time manually researching every new lead.

You can access StackLead research wherever you need it. If you already have an internal email when a user signs up, you can forward it to StackLead and we'll reply with a complete research report. We also provide a Salesforce integration (stacklead.com/blog/qualifying-leads-in-salesforce-with-stacklead/) and webhooks API (stacklead.com/docs).

Get started at stacklead.com or contact us at team@stacklead.com",United States of America,['Sales Enablement'],Acquired
606,W14,"We create a positive customer experience through real time call verification technology.

Fraudsters cost businesses time and money, and make life more difficult on real customers - whether that’s outright stealing cash or slowing down the phone call authentication process. Next Caller helps businesses fight criminals, not customers, by safely passing through legitimate callers and identifying suspicious interactions. Using VeriCall™, businesses have the opportunity to stop phone fraud before it starts.  With our real-time RESTful API, Next Caller verifies good callers and detects spoofed calls to make your business Spoof Proof™ - flagging high-risk calls within milliseconds of the first ring.  Based on this threat-level analysis of every call, a business can decide how to handle the customer or criminal on the other end of the line.",United States of America,,Acquired
604,W14,"Motionlead empowers advertisers and publishers to reach their audience through a unique advertising experience thanks to transparent, animated and interactive ads that come on top of native and web apps without stopping user navigation",France,['Advertising'],Acquired
599,W14,"Stop break-ins before they happen. Kuna is the first effective break-in prevention solution for home security. Kuna is a smart Wi-Fi camera and video intercom built into an elegant outdoor light. It detects people at your door and lets you see and interact with them through your smartphone. Think of it as a digital doorman. And the best part, it's super easy to install. No need to run power wires or drill holes. Just replace your old light fixture.

Check us out at www.getkuna.com, spread the word and help us bring Kuna to the world. Thanks.",United States of America,"['Smart Home Assistants', 'IoT', 'Security']",Acquired
598,W14,"Kimono Labs lets people turn websites into structured APIs from their browsers in seconds.
We are based in San Francisco, California and graduated from the Y Combinator startup accelerator. Our main product, a bookmarklet or chrome extension, enables users to scrape and crawl websites without any programming required.",United States of America,['APIs'],Acquired
594,W14,"Eventjoy is a mobile-first ticketing company that is redefining how people organize and experience events. Organizers all around the world use Eventjoy to plan everything from conferences to happy hours. They're building technology to make event organizing a breeze, with a focus on mobile to enhance the event day experience.",United States of America,['Ticketing'],Acquired
581,W14,"Fight chargeback fraud. Save time and money.

Chargebacks are tedious to rebut yet costly to ignore. Revenue lost from chargebacks can be won back, but the dispute process is time-consuming and inefficient. With one simple integration, Chargehound automates your entire dispute process. You can respond to all your chargebacks — instantly.

Let us do the work — as soon as you receive a dispute, Chargehound will create and submit a comprehensive, customized response on your behalf. Instead of spending hours compiling disputes, you can focus on more impactful goals, like minimizing your chargebacks and maximizing your win rate. 

Get started for free by making an account at www.Chargehound.com!",United States of America,"['FinOps', 'Fintech']",Acquired
575,W14,"Two Tap is the first e-commerce gateway built to make online shopping experiences seamless across the entire web. 

Its robust platform, which incorporates a set of intelligence tools, eliminates the friction caused by today’s multi-channel path to purchase. 

With Two Tap, shoppers can order products from retailers, directly inside apps and across all devices and operating systems without lengthy checkout processes. 

For publishers and mobile app developers, Two Tap offers a single API that sets new reliability standards with a guarantee to never lose an order. 

Founded in 2012 with headquarters in San Francisco, Two Tap is a Y Combinator company backed by Khosla Ventures, Green Visor Capital, Initialized Capital, SV Angel, Digital Garage and Transmedia Capital. 

For more information, please visit  https://twotap.com/ and follow @TwoTapBuy.",United States of America,"['E-Commerce', 'Retail']",Acquired
573,W14,"Boostable makes advertising easy for sellers and brands on marketplaces. We grow marketplaces by helping their sellers advertise their listings and gather insights. Boostable is a YCombinator company based in San Francisco and funded by SVAngel, 500 Startups and others.",United States of America,"['Marketplace', 'Advertising']",Acquired
572,W14,"Abacus is the only real-time expense management solution to reimburse your team, reconcile corporate cards, and automate your expense policy. By eliminating the month-end expense report, Abacus turns submitting and approving expenses into a delightful, collaborative experience. With our mobile app, you'll quickly submit and approve expenses on the go and reimbursements now happen within days. Abacus syncs with your accounting software and auto-matches transactions for hassle-free bookkeeping.

Come work with us!  We're hiring: abacus.com/about#hiring",United States of America,"['Fintech', 'SaaS', 'Payments', 'B2B']",Acquired
728,S14,"Cognito is the highest converting ID verification system on the market. By starting with just a user's phone number, Cognito can verify their name, date of birth, address, phone, and Social Security Number. The strong link formed between a user and their phone number builds trust while reducing friction.",United States of America,"['Fintech', 'B2B', 'Identity']",Acquired
738,S14,"Unwind Me is making massage and wellness more accessible. We make it easier than ever for anyone to book and receive a high-quality massage, when and where they want, at an affordable price -  with delightful touches that make each appointment a unique experience.",United States of America,['Health & Wellness'],Acquired
736,S14,"Sliced Investing is online platform that provides access to top private investments for financial advisors and accredited investors. Sliced automates all of the previously manual processes associated with making an alternative investment, facilitating electronic signing of subscription documents and streamlined reporting. Sliced's Advisor workstation allows financial advisors a one stop shop for their alternative investments and integrates seamlessly with leading custodians, reporting platforms and file storage systems.",United States of America,"['Crowdfunding', 'Investing']",Acquired
735,S14,"Ravti makes HVAC easier for the Real Estate world.  We track, manager, and procure HVAC for large property owners.  

We manage all your HVAC maintenance programs, emergent repairs, scheduled repairs, capital replacement, capex management, and all the associated headaches that come along with that – multiple bids, procurement, HVAC inventory, warranties.  Your team can start any project with the simple click of a button.  Best of all, we save 18% to 30% for the exact HVAC projects you are spending capital on today.

We're removing the headaches associated with HVAC from the Owner’s perspective while making it the easiest business on the planet for the Vendors that serve you.  

Improve your asset audits and challenge your bottom line - by increasing capex accuracy and staff productivity.  Mechanize the process of bidding, procuring, and overseeing your HVAC operations.  It all starts with Ravti.

We would love to hear from you, so please send us an email at support@ravti.com.  

If you would like to join an intelligent and energetic team who is innovating an antiquated industry, we are hiring!!!  Send us an email: careers@ravti.com",United States of America,"['SaaS', 'IoT']",Acquired
734,S14,"One Codex is a data platform for applied microbial genomics, enabling new and valuable applications in clinical diagnostics, food safety, and biosecurity. Acquired by Invitae (NVTA) in February 2021. Spun out as an independent company in September 2022.",United States of America,"['Biotech', 'Diagnostics', 'Genomics']",Acquired
722,S14,"We aim to support and promote women who are creating wonderful and beautiful things. We hope to offer a trusted destination that will give you a moment's rest and a bit of laughter in our constantly on-the-go, work-driven world.

Our dream is that every time you want to smile and add a little bit of delight to your day, you come to women.com. And when that smile carries over into the rest of your life and world, you share how good you feel with everyone around you. Pass it on.

Our current website offers a personality quiz platform, trivia quizzes and a closed Q & A community.",United States of America,"[""Women's Health""]",Acquired
717,S14,"Tule helps farmers make irrigation decisions.

Using UC Davis research-based technology, our hardware sensor provides growers with field-scale crop water use measurements (i.e., actual evapotranspiration), crop water stress measurements, applied irrigation measurements, and irrigation recommendations.

Using the latest AI technology and our unprecedented crop water stress dataset, our latest product, Tule Vision, provides growers with the water stress of their plants just by taking a picture with their mobile phone.",United States of America,"['Cellular Agriculture', 'Machine Learning', 'IoT']",Acquired
715,S14,"Payable is the easiest way to manage your external workforce. By simplifying and automating onboarding, payments, and 1099 compliance, Payable consolidates disparate and manual processes, while getting contractors paid faster! 

Payable is backed by Freestyle Capital, Redpoint Ventures, General Catalyst, Moment Ventures, Y Combinator, and others.",United States of America,"['Fintech', 'Payments']",Acquired
704,S14,"Apto Payments provides a white-label, turnkey solution to launch innovative, user-first, card programs. Our technology empowers our customers to issue Visa and Mastercard, physical and virtual, card programs. We have both a developer-first, Instant Issuance Platform, as well as an enterprise solution for bespoke opportunities. ",United States of America,['Fintech'],Acquired
697,S14,"Product Hunt surfaces the best new products, every day. It's a place for product-loving enthusiasts to share and geek out about the latest mobile apps, websites, hardware projects, and tech creations. 

Community members can submit, browse, vote and comment on daily submissions of products and collections of products. They also get the opportunity to interact directly with product creators, investors, journalists, as well as, an active community of people who are passionate about products.",United States of America,"['Community', 'Media']",Acquired
686,S14,"Meet the Replenish Blender, the first self-cleaning appliance that instantly and harmoniously prepares healthy smoothies and snacks. The Replenish Blender mixes health, wellness, and simplicity in under a minute.",United States of America,"['Hardware', 'Consumer', 'Food & Beverage']",Acquired
685,S14,"Listrunner is a service made to share patient information in a highly secure manner between authorized members of a clinical team– physicians, residents, interns, and medical students.
 
Listrunner helps clinicians protect patient information by replacing manual processes, such as printed patient lists, which are untraceable and easily lost. Listrunner offers a secure alternative to unsecure practices, such as the use of SMS messages and camera phones to collect and share patient information between clinicians.",United States of America,['Health Tech'],Acquired
684,S14,"We're Lawn Love, a new type of lawn care service. We’re building a software layer on top of the very large and largely low-tech lawn care market. We solve two core problems:
 
For consumers: Lawn Love is a modern, seamless lawn care experience. Gone are the days of physical, in-person estimates, payments left under the doormat, and spotty service. We use a combination of high-resolution satellite imagery, public and private data sets, and human review to generate a personalized quote for your yard – all in under two minutes and without ever setting foot on your property.
 
From there, you are paired with a skilled lawn pro who will show up and complete the work. You can coordinate everything from your smartphone or web browser, and the entire experience is streamlined and delightful.
 
For lawn pros: We start by bringing a pipeline of new customers straight to your door. No more spending hours hanging door hangers or dealing with snake-oil SEO salespeople. Just pick up whatever jobs you want, fill out your schedule, and you’re good to go. We also handle all the customer service, accounting, and collections; freeing you up to spend less time on the back-office work and more time in the field earning money. And that’s just the start: Our advanced job clustering and routing algorithms help build you much denser routes, allowing you to do up to twice as many jobs per day while slashing your fuel expenses and idle time.
 
In short, we’re democratizing software that was previously only available to large companies in the space, and giving small business owners tools to operate more efficiently and better compete with the big guys.",United States of America,['Marketplace'],Acquired
682,S14,"Kash is a San Francisco-based mobile payment company that clears transactions without interchange or card fees and is guaranteed against chargeback. The company gets rid of credit cards and middle-men that stand between bank accounts and retailers. It uses SecureDebit technology, a direct bank payment method that avoids the credit card network and allows retailers to save 2% to 5% in transaction processing fees. Kash uses its funding received from Draper Associates, Green Visor Capital, and Structure Capital to develop, market, and expand its mobile payments technology.",United States of America,"['Fintech', 'Payments']",Acquired
680,S14,"Impraise empowers your people to accelerate their performance and professional growth with clear direction, alignment, feedback exchange, and recognition.

The Impraise platform offers solutions such as Goal Management, Performance Check-ins, 1:1 meetings, 360 reviews, real-time feedback and coaching.",Netherlands,"['SaaS', 'Human Resources']",Acquired
678,S14,"Hublo (www.hublo.com) is making data-driven marketing simpler. It's a super simple tool, allowing marketers to set-up analytics, monitor precisely what's happening on their website and launch remarketing campaigns without relying on their IT teams.",France,"['Analytics', 'Marketing']",Acquired
676,S14,"Blockspring helps small businesses and merchants integrate APIs into their productivity tools without any code - useful for report automation, lead generation, and building dynamic landing pages. It is recognized by Gartner, wired, BI, and Techcrunch for API data management.",United States of America,['Analytics'],Acquired
675,S14,"You work in government affairs? Keep it all at your fingertips. Every bill. Every meeting. Every report. Every mention. Get more work done.

",United States of America,"['SaaS', 'GovTech', 'B2B']",Acquired
666,S14,"PersistIQ is a free email automation platform to send a small batch of personalized emails.

We help hundreds of small teams (1-200 employees), particularly YC companies, send batches of personalized emails for sales, marketing, and other customer outreach. 

Our platform is simple to set up, allows custom sequence building, A/B testing, and analytics. Our integrations with Salesforce, Copper, and Zapier allow for a streamlined workflow.",United States of America,"['SaaS', 'B2B']",Acquired
665,S14,,United States of America,"['Consumer', 'E-commerce']",Acquired
663,S14,Clara is a human-in-the-loop assistant that helps automate repetitive tasks.,United States of America,['Automation'],Acquired
661,S14,"Get your next car hassle-free.

We’re here to change the used car marketplace. No more headache of combing through web listings and car lots, no more haggling with a dealership. We help you find the best car at the best price, period.

Tell us what car you’re looking for, and we’ll find you the best pre-owned vehicle for the lowest possible price. Once we’ve landed your car, we’ll inspect it, detail it, and deliver it to you. We pride ourselves on the very best quality, and back it with a 7-day money-back guarantee. Let us know what you're looking for and we'll bring you a great car.",United States of America,['Marketplace'],Acquired
659,S14,"We make enterprise software for crypto.

Our leading product is a Bitcoin ATM. Customers have converted over $1B USD of cash into Bitcoin at our network.",Canada,"['Fintech', 'Crypto / Web3']",Acquired
655,S14,"Parenthoods is a community platform for local parents to meet up, share advice, and help each other conquer one of life’s most craziest rides…parenthood.",United States of America,['Community'],Acquired
652,S14,,,['Messaging'],Acquired
853,W15,"We are a B2B medical device and data company passionate about providing remote monitoring solutions for the proactive care of chronic disease patients.
Our core expertise and IP is in continuous respiratory sensing. Spire Remote Patient Monitoring is used by pulmonologists and patients throughout the United States. To date our sensors have been worn by more than 150,000 people.",United States of America,"['Telehealth', 'Medical Devices', 'Digital Health']",Acquired
855,W15,"Lumi.com provides packaging and shipping supplies to online brands, from small businesses to leading ecommerce companies shipping millions of orders per month.",United States of America,"['E-Commerce', 'Supply Chain']",Acquired
846,W15,"At Chariot, we're focused on creating the world's first self-sustainable mass-transit system that relieves congestion while offering a comfortable, personalized commuting experience.

The core of our mission is universal access to better transportation. We envision cities where every commuter takes Chariot to work and home — regardless of income or location — which is why we prioritize affordability and flexibility as we expand. When the world runs on smarter routes, lower costs, and better ride experiences, we'll collectively take cars off the road and transform our twice-daily frustration into a part of your day you actually look forward to.

Chariot + Ford Smart Mobility

Ford Smart Mobility (FSM) was formed by the Ford Motor Company in 2015 to acquire and invest in innovative mobility startups and technologies.

Chariot is proud to be FSM's first acquisition, making it a cornerstone of the company's mobility strategy. With all the resources and influence Ford provides, Chariot is accelerating accomplishing its Mission.",United States of America,['Transportation'],Acquired
842,W15,"Raven Tech is a startup which focus on artificial intelligent, big data and the next generation operating system. Besides, Raven Tech is the fifth alumni of Microsoft Venture Accelerator and the only one startup team from mainland China in Y Combinator W15.",China,,Acquired
837,W15,"Vanhawks is both a hardware and software company with a goal of changing up the urban commute. Technology impacts our lives in countless ways – you’re connected, why shouldn’t your bike be?
Our product is the Valour, a connected, carbon fibre, commuter bicycle with built in GPS, blind-spot sensors, integrated front and back lights, and more. The Valour will radically change the way you ride.
Built upon safety first in mind, a turn by turn navigation is incorporated in the handle bar to keep your eyes on the road. A LED indicator lets you know when you are approaching your next turn, and you're alerted of any object in your blind spot.
To further enhance your cycling experience, the application tracks your riding history including calories burned, distance traveled, and much more, to serve you better.
The data it acquires is used to provide you with suggestions on which route will get you to your destination safest and fastest or help you burn the most calories.",Canada,"['IoT', 'Transportation']",Acquired
836,W15,"Today, water supplies are more scarce than ever before, requiring water utilities to operate more efficiently than anyone thought possible. That’s where we come in.

Like water, the flow of data from water utilities is both measurable and manageable. Valor helps utilities transform complicated data into simple solutions that can make a big difference. Some call it advanced water utility analytics. We call it all in a day’s work.",United States of America,,Acquired
830,W15,"SigOpt is the optimization platform that amplifies your research. SigOpt takes any research pipeline and tunes it, right in place. Our cloud-based ensemble of optimization algorithms is proven and seamless to deploy, and is used by globally recognized leaders within the insurance, credit card, algorithmic trading and consumer packaged goods industries.",United States of America,"['Machine Learning', 'SaaS', 'AI']",Acquired
829,W15,"Seed is simply a better way to bank. As a mobile first banking service designed with the small business in mind, Seed empowers small businesses with modern, easy-to-use digital tools and customer-support resources for starting, running, and growing a business. With Seed, business banking has never been easier. Learn more at https://seed.co",United States of America,['Fintech'],Acquired
825,W15,"Pretty Instantly streamlines the photography needs of over 2000 forward-thinking brands and non-profits. By handling all of the back-end logistics, staffing, editing, and delivery of photos for our clients, as well as building Interactive photography technology, Pretty Instant is the go-to solution for growing companies and reputable brands nationwide. ",United States of America,['B2B'],Acquired
824,W15,"Popular Pays is a platform connecting content Creators with Brands who want content to tell their stories. We’re tech-forward, with an in-house built iOS and web app (for creators) and dashboard (for brands) that delivers direct communication & powerful statistics to help you run a multiplatform campaign. To find out what we’re about, visit our website: www.popularpays.com.",United States of America,['Advertising'],Acquired
820,W15,"Outbound organizes the messages you send around the actions your customers take. We allow non-technical marketers and product people to set up automated email, push notification, SMS or voice messages when you need your users to take an action, then test how well each message works.",United States of America,"['Messaging', 'Analytics', 'Notifications']",Acquired
818,W15,"At Moltin, we believe that brand experiences should never be obscured by technology and that commerce development should be simple, lightweight and fun. 

Moltin is an API-first digital commerce solution that enables retailers to build distinctive shopping experiences and embed them into any consumer touchpoint. It combines an extremely flexible set of APIs, developer toolkits, pre-built applications and cloud infrastructure to make commerce development simple, lightweight and fast. Moltin APIs are the simplest, most powerful in the industry. Retailers can test new channels quickly, scale into new markets, and keep pace with ever-evolving consumer trends. With Moltin, commerce flows seamlessly across any channel, device and experience. 

Moltin has a rapidly growing community of more than 17,000 developers around the world, pushing the boundaries of traditional commerce.",United States of America,"['Payments', 'E-Commerce', 'API']",Acquired
814,W15,"NexTravel is a platform for companies to manage and streamline travel. We help companies get access to corporate/group negotiated rates for hotels, cars - making booking travel easier and more cost-effective. Email us at travel@nextravel.com or go to https://www.nextravel.com/ to find out more.",United States of America,"['Travel', 'Booking']",Acquired
801,W15,"WayUp is the #1 way to hire the right students and recent grads. We are the leading digital solution for employers to reach, engage, and recruit students and recent grads for internships and jobs. 

Find out more information at: http://www.wayup.com",United States of America,['Marketplace'],Acquired
800,W15,"Bonfire is the leading next-generation eSourcing / competitive bidding and RFx platform.  

Bonfire goes beyond the basic automation of eProcurement suites and older simple bidding tools, helping you to make better, faster decisions.  It’s a collaborative, powerful, and insightful cloud-based platform for today’s procurement needs.

We're focused on government procurement teams (which control ~18% of GDP) and enabling them to thrive in a world of crushing compliance requirements and very high workloads.

Bonfire streamlines the entire RFx and bidding process, helping to run projects >50% faster.  Bonfire empowers users with unparalleled evaluation features for deeper analysis, delivered through our distinctly intuitive and easy-to-use platform.

Bonfire is trusted with over a billion dollars of supplier selection decisions per month, and is one of the fastest growing new procurement technologies.
",Canada,"['SaaS', 'GovTech', 'Procurement']",Acquired
799,W15," Yhat (YC W15, pronounced y-hat) was an end-to-end data science platform. Acquired by Alteryx (NYSE:AYX)",United States of America,"['Artificial Intelligence', 'Machine Learning', 'Enterprise', 'Data Engineering']",Acquired
798,W15,"YesGraph helps your app grow by recommending exactly who a user should invite. We can help boost the performance of referral and invite flows in your app or web site.

We use machine learning and social graph analysis -- a lot like ""People You May Know"" on LinkedIn!",United States of America,"['Social', 'Referrals']",Acquired
796,W15,"Vest, on a mission to bring wider access to financial derivatives, manages investment products worth $30+ billion (as of May 29, 2024). Backed by private equity, the firm has a strategic partnership with Cboe Global Markets, Inc. (NASDAQ: CBOE), and First Trust, a global asset manager. 

Vest created Target Outcome Investments in 2013, which target a defined return profile, with an allowance for a specific level of risk, at a particular point in time. Today, Target Outcome Investments are available as mutual funds, exchange-traded funds (ETFs), unit investment trusts (UITs), collective investment trusts (CITs), and customizable managed accounts / sub-advisory services. 

The firm was launched and backed by preeminent venture firms such as Y-Combinator (Airbnb, Reddit, Dropbox), Payment Ventures (MicroVentures, CardFlight) and First Round Capital (Uber, Mint, Square).

See more at https://www.vestfin.com.",United States of America,"['Fintech', 'Investing']",Acquired
793,W15,"Remix’s mission is to help build more livable cities. Our software helps city planners understand their communities and design transportation systems that serve them. We’ve partnered with over 325 cities across 20 countries on 4 continents — and were continually seeking to grow our impact around the world.

Urban planning impacts everything from economic mobility to CO2 emissions, and our platform empowers local governments to transform their transportation systems, design safer streets, and implement new mobility options to better serve their communities.",United States of America,"['SaaS', 'Transportation', 'Mobility']",Acquired
792,W15,"MobyDish, a tech-enabled service, allowing anyone to place a catering order online in less than 3min to feed people from 10 to 1,000 people. We select the best restaurants, hire and train our fleet of drivers who will deliver and setup and we're proud to have the best customer service in the space. We also offer on site catering host and premium service that can be requested in up to 48hours in advance. 
We own our tech from online ordering, to manage and dispatch orders to drivers, and build customer relationship. 

We're used by top companies in the biggest cities in the US and we help for our customers with any needs from breakfast, lunch, happy hour and dinner. We are known for our flexibility, reliability and provide recurring and last-minute catering orders. ",United States of America,"['Food Service Robots & Machines', 'Food Tech']",Acquired
788,W15,"Smarking is a group of hyper-driven MIT PhDs, data scientists, engineers, transportation experts, and battle-tested business professionals working to solve the notorious parking problem via a unique enterprise approach. Smarking aims to enable highly efficient urban mobility by digitizing parking spaces and distributing parking inventory dynamically, in order to get the world ready for the connected, shared, and autonomous future. 

Backed by top VCs like Y Combinator and Khosla Ventures, Smarking has brought its solution to over 2,500 parking locations across North America. For the first time, cities, parking asset owners, and parking operators can make data-driven decisions easily. Smarking also launched the industry’s first fully automatic dynamic pricing engine, producing 40%-400% revenue uplifts for online sales at at parking locations Chicago, NYC, Boston, and many other cities. ",United States of America,"['SaaS', 'AI']",Acquired
785,W15,"Shift Labs makes medical devices that place technology and design on equal footing to create affordable solutions. We emphasize simplicity and create devices that serve the fastest growing healthcare markets in the world.

We believe that every person in the world deserves quality healthcare -- whether they are receiving care in the home, in an outpatient infusion center, or in an emerging market. 

We're a for-profit company committed to doing well, and doing good.

We believe Simple Saves Lives.
___

In true startup fashion, we have a strategy that emphasizes early revenue. So check out our first product DripAssist, a low-cost IV fluid monitor and alarm. Get precision monitoring of blood transfusions or fluid delivery at a fraction of the cost of an infusion pump. Purchase at http://www.shiftlabs.com/purchase-dripassist",United States of America,"['Hardware', 'Medical Devices']",Acquired
780,W15,"Paperspace is a cloud computing company creating simple and scalable accelerated computing applications. Our goal is to allow individuals and professional teams to seamlessly build and deploy computationally complex products and services.

Paperspace is backed by leading investors including Y Combinator and Initialized Capital.

Mission:
Our mission is to make cloud computing more accessible through radical simplicity, community-driven technical resources, and straightforward pricing.

--
To learn more about Paperspace, please visit https://www.paperspace.com/ or follow us on Twitter at: @hellopaperspace.",United States of America,"['Artificial Intelligence', 'Machine Learning']",Acquired
778,W15,"Pachyderm is a tool for production data pipelines. If you need to chain together data scraping, ingestion, cleaning, munging, wrangling, processing, modeling, and analysis in a sane way, then Pachyderm is for you. If you have an existing set of scripts which do this in an ad-hoc fashion and you're looking for a way to ""productionize"" them, Pachyderm can make this easy for you.",United States of America,"['Developer Tools', 'Machine Learning', 'Data Science']",Acquired
777,W15,"Open Listings was the all-in-one homebuying app designed to make buying a home simple and more affordable. We helped buyers purchase billions of dollars worth of homes and saved them over $25 million in commission fees.

Acquired by Opendoor in 2018.",United States of America,"['Marketplace', 'Real Estate']",Acquired
769,W15,"HigherMe is all-in-one hiring software for restaurant and retail businesses to easily recruit, screen, interview, and onboard employees. Quickly review applications, schedule interviews, manage job board postings, and fill out employee paperwork from anywhere on any device. 

Created by a former multi-unit franchisee, HigherMe reduces the time and cost of hiring using a mobile-first applicant tracking system, Text-To-Apply technology, one-click interview scheduling, video cover letters, and more. With over three million applications submitted using our cloud-based software, say goodbye to the stack of paper résumés and easily fill open jobs anywhere, anytime.",Canada,"['SaaS', 'HR Tech', 'Restaurant Tech']",Acquired
768,W15,"WorkLife is a web app that helps teams have more productive meetings. There are over 3 Billion meetings/year in the U.S. and studies show 50% of that time is completely wasted. WorkLife helps you reclaim that time by helping you and your team adopt good meeting habits - create agendas, stay on track during the meeting, and ensure next steps get done afterwards.

Most people spend the majority of their waking hours at work, and way too many of those hours in unproductive meetings. Your work life is a big portion of your life -- and the happier and more productive you are at work, the more fulfilled and energized you are in your life. Better Work = Better Life.",United States of America,"['SaaS', 'Productivity', 'Collaboration', 'Enterprise Software']",Acquired
759,W15,"Cyberfend offers a robust security solution to protect your web and mobile applications from sophisticated attacks and fraudulent activity. Cyberfend's solution detects account take-over, payment fraud and the use of stolen credentials. All of these problems are relevant to every consumer facing web and mobile product/service. 

Cyberfend’s solution uses a new security paradigm – human cognitive science coupled with advanced machine learning. The result is a robust detection system with near zero false positives and false negatives. Today Cyberfend protects nearly a billion login and payment transactions every month for many large e-commerce, web and payment customers. 

Cyberfend's product is at the intersection of almost every single cutting edge technology today : a) Our core product employs heavy machine learning b) On the backed, our product is cloud based and deals with enormous scale (customers are directing significant portions of their traffic to us) c) On the front end we need to deal with both web and mobile (IOS, SDK) challenges.Please visit us at: www.cyberfend.com.

Cyberfend is backed by Y Combinator, SV Angel and A Capital. 

Cyberfend was acquired by Akamai Technologies in December 2016.",United States of America,"['Cybersecurity', 'Fraud Prevention']",Acquired
753,W15,"Bluesmart is a global travel company that became famous for creating the world's first smart connected luggage. Its first product, the Bluesmart Carry-on, launched in October 2014 through Indiegogo and raised more than $2M in pre-orders from more than 10,000 backers in 120 countries worldwide. It was named ""Top Innovative Product and Service""​ by Forbes Magazine, awarded ""Best Travel Gear""​ by Fast Company and “Best of the Best""​ Red Dot Design Award. The company is backed by Y Combinator and other top Silicon Valley venture investors. Bluesmart is headquartered in New York with offices in Hong Kong, China and Argentina.",United States of America,"['IoT', 'Travel']",Acquired
752,W15,"Bizzy is an automated marketing platform designed to boost sales for ecommerce shops. Bizzy is the first tool to centralize a business’ entire marketing portfolio around a single, dynamic set of customer data. As this centralized data updates based on customer behavior and marketing interactions, Bizzy adapts and executes a business'​ campaigns.",United States of America,"['E-Commerce', 'Marketing']",Acquired
750,W15,"Smyte stops spam, scams, harassment and credit card fraud for marketplaces and social networks.  We automatically classify your website and mobile app's event data and stop bad actors at scale.",United States of America,"['Security', 'Fraud Detection']",Acquired
746,W15,"Tech in Asia (YC W15) is the largest English-language technology media company that focuses on Asia. From the latest news to the hottest trends and the boldest startups to the strongest titans, we cover everything tech in the region. Our goal is to build and serve Asia’s tech and startup community.",Singapore,['Media'],Acquired
744,W15,"Pomello maps your organizational culture on a team-by-team basis, and integrates with your existing recruiting process to allow you to find the candidates most likely to thrive within your organization. 

Founded at Stanford University, Pomello’s technology is based on 30 years of research in Organizational Behavior, which has been validated over time across multiple industries.",United States of America,"['Machine Learning', 'SaaS']",Acquired
743,W15,"At Final, we are re-building the credit card from the ground up. 

Final is issuing a credit card that gives consumers total control over their merchant relationships, transparency in their spending, and piece of mind across all payment experiences. Rather than a single, 16-digit card number, Final generates multiple card numbers and manages them automatically.

It works everywhere you buy; online, and offline, and integrates with digital wallets like Google Wallet and ApplePay with zero updates to the payment infrastructure. Bottom line - with Final, you’ll never lose access to your spending ability from a breach, fraud, cancelled or stolen card ever again.",United States of America,"['Payments', 'Security']",Acquired
870,S15,"OpenInvest is the first technology-backed, socially responsible investment asset management platform that aligns your investments with your values. OpenInvest’s proprietary technology seamlessly creates low-cost investment portfolios tailored to your values, while tracking market indices. A mission-driven company, OpenInvest was one of the first VC-backed Public Benefit Corporations.",United States of America,"['Fintech', 'Investing']",Acquired
946,S15,"HER is here to connect womxn and queer people.

Our dating app helps LGBTQ+ folks express their identity fully and unequivocally to meet someone for love, lust or anything in between. 
Our communities connect people to each other socially around interests and identity. Group chats around what's important to you as well as listings of LGBTQ+ evens taking place in your area. 

HER also hosts events in 12 cities across the world, helping queer womxn meet in person. Our parties are typically 300-600 people per event and we host 4 per month. 
",United States of America,['Consumer'],Acquired
971,S15,"Gigster is democratizing access to software by enabling organizations harness the best teams regardless of where they are in the world.

Businesses with access to custom software have thousands of times more leverage than those without. We believe that by democratizing access as well as the ability to build great software we can increase the pace and efficiency of human advancement. 

Core to our approach is building the best place to work on the internet. We are building the largest network of exceptional engineers, designers, and product managers and making this network available to businesses. We are also using software and insights from thousands of projects to improve the odds of successful outcomes. 

Gigster is backed by Andreessen Horowitz, Redpoint, Marc Benioff, Adam D'Angelo, Michael Jordan and others.  Gigster has served well over 1000 customers including multiple F100 companies spanning a range of industries.",United States of America,,Acquired
969,S15,"Tenant Turner helps property managers eliminate vacancy. We streamline your rental process from leads to lease by listing your rentals on all the major rental sites; pre-qualifying prospects via web, phone, and email; and schedule showings with a leasing agent, lockbox, or lock. ",United States of America,"['SaaS', 'Smart Locks', 'Proptech']",Acquired
959,S15,"PlateJoy uses 50 data points about how you eat and live to determine what you should be eating and provides customized meal plans and shopping lists to help you reach your goals. We provide a digital Diabetes Prevention Program, available for free to over 60M covered lives, paid for by insurers.",United States of America,['Health Tech'],Acquired
956,S15,"(acquired by Brondell in 2022)
At Nebia we build innovative and impactful products that improve how people use water in their daily lives. Through thoughtful reinvention of everyday interactions, we empower people everywhere to collectively make a greater impact with their most basic daily rituals. 

We started with the shower. 

The Nebia shower embodies the highest standards of experience, design, engineering and water and energy use. With water savings up to 70% compared to traditional showers, Nebia was designed to make a meaningful impact without compromising on experience.

At the heart of our products is our unwavering dedication to developing groundbreaking sustainable solutions that stand the test of time. Every new iteration is made to solve a complex engineering challenge that has limited innovation for over a century. Our investment in R&D and product development is second only to our investment in the people who are making it possible.

After several years working behind the scenes, we are extremely proud of what we have recently achieved:
- $10m raised on Kickstarter
- Products in 100,000 homes
- 500+ million gallons of water saved (c. 2022)
- 27 million kWh (27 GWh) of energy (approx. energy to heat 2,700 U.S. homes in one year)",United States of America,"['Hardware', 'Sustainability', 'Climate', 'ClimateTech']",Acquired
954,S15,"We are building self-driving shuttles for transportation within campuses like universities, resorts, airports, and retirement communities. 

Website: www.auro.ai",United States of America,['Robotics'],Acquired
953,S15,"Mimir is venture backed startup in Indianapolis, Ind., focused on creating products to better computer science. We’re hiring rapidly to help satisfy the educational needs of instructors and students all over the world. Our primary product, the Mimir Classroom, is deployed in more than 70 universities allowing computer science instructors to teach their courses more effectively! 

We don’t need (or want) you to be perfect, but we expect you to work hard, move fast, and constantly iterate until we get it right. If you’re looking to be challenged every day, make a huge impact, and help define a large part of the future of computer science, then this job is for you.",United States of America,['Education'],Acquired
948,S15,"Blitz Esports is a tech and media startup focused on bridging the gap between esports fandom and personal gameplay. We're one of the premier media publications in esports, specializing in educational video content for League of Legends, CS:GO and Overwatch.

We've also developed the first fully automatic League of Legends coaching app, which uses computer vision and data-driven insights to proactively help gamers make better decisions at each step of their gameplay experience. A month into open beta, the Blitz app is now used in over a million games each week.",United States of America,"['Media', 'eSports']",Acquired
939,S15,"Xfers is a Singaporean-based payment processing gateway offering credit card processing and Internet banking transfers. As a graduate of Y Combinator’s Summer 2015 Class, Xfers aims to unify banking networks across Southeast Asia. Featured on Techcrunch and coined as the Paypal of Southeast Asia by Channel News Asia, we simplify and redefine the process of collecting and receiving payments in Southeast Asia.  

In 2016, Xfers announced its first round of seed funding. Its investor portfolio includes venture capital firms such as Quest Ventures, 500 Startups, Golden Gate Ventures and angel investors such as Eduardo Saverin.",Singapore,['Fintech'],Acquired
930,S15,"Indeed, the world’s number one job site has acquired Interviewed - http://press.indeed.com/press/indeed-acquires-leading-hr-technology-company-interviewed/",United States of America,"['Recruiting', 'HR Tech']",Acquired
927,S15,,United States of America,"['FinOps', 'Fintech', 'Payments', 'Productivity']",Acquired
926,S15,"Oolu was founded by Nilmi Senaratna and Dan Rosa in 2015. 

The company's mission is to provide off-grid households in rural regions in Africa with high quality products at an affordable price. In Wolof, a national language of Senegal, Oolu means ‘trust.’",Senegal,"['Solar Power', 'Climate']",Acquired
916,S15,"zPREDICTA is developing organ-specific, physiologically-relevant 3D cell culture models providing a 1-to-1 reconstruction of human tissues. This is the only available 3D culture approach that comprehensively accounts for the major components of the cellular and extracellular tissue microenvironment preserving the critical interactions between a tumor and its surroundings. Clinical study data demonstrate the high correlation between drug efficacy measured in our platform and the clinical response. The ability of the zPREDICTA platform to reliably predict clinical outcomes offers superior compound attrition management, empowering researchers to exclude ineffective compounds while selecting agents with a high probability of success in the clinic.

Our approach is compatible with any drug class, multiple tissue/cell types and a wide variety of readouts.  Our customers are using these models for efficacy screening of anticancer compounds, including immuno-oncology agents, evaluation of mechanisms of drug resistance, the rescue of failed drug candidates, assessment of off-target toxicity, and a multitude other applications.",United States of America,,Acquired
912,S15,"Sphere Secure Workspace

For a product demonstration, or for any other enquiries please contact at info@sphere.works",United Kingdom,,Acquired
911,S15,"Cloudstitch is an early-stage, venture-backed, Y Combinator start-up serving the developer community based on research started at MIT. Their web developer platform connects webs/mobile apps with ordinary spreadsheets, replacing custom databases and the infrastructure surrounding it. The data flows both ways: updating your spreadsheet automatically changes the website, and interacting with the website changes your spreadsheet. They’re used in production by thousands of web developers on both the Google and Microsoft Office platforms.

Their mission is to democratize the web, making web development simpler. faster, and more intuitive.",United States of America,"['Developer Tools', 'SaaS']",Acquired
909,S15,"Never run vulnerable software again.
We monitor your servers, and notify you when you need to update. 

Try us for free: https://appcanary.com",Canada,"['Security', 'Monitoring']",Acquired
907,S15,"BlueCrew is an on-demand, data-driven staffing platform for blue collar jobs in Los Angeles, San Francisco Bay Area, Sacramento, and Reno. Bluecrew is a seed-stage, YC backed company creating software to automate outdated, and inefficient traditional temp agencies. We are the best platform to quickly fill positions with high-quality workers.

Bluecrew is an ideal staffing partner for companies looking for temporary, seasonal, or temp to hire workers for jobs including event staff, warehouse staff, drivers, forklift operators, data entry personnel, movers, and customer service reps. By innovating on screening, matching, dispatching, and time tracking technology, BlueCrew eliminates the major pain points of other alternatives.",United States of America,['Recruiting'],Acquired
905,S15,"Willing makes it easy for people to make wills without a lawyer. Answer simple questions and we'll instantly create all the legal documents you need to name guardians for your children and transfer your assets. We were acquired by MetLife and our technology now powers the world's largest legal insurance company.

https://www.metlife.com/about-us/newsroom/2019/november/metlife-to-acquire-digital-estate-planning-capabilities/",United States of America,"['Documents', 'Consumer', 'B2B', 'LegalTech', 'Insurance']",Acquired
894,S15,"Foxpass increases your organization's server and network security by ensuring employee accounts have access only to what they need.

Our cloud-hosted LDAP and RADIUS systems help you bring best-practices to your infrastructure. And they're backed by your existing Google Apps accounts.",United States of America,['DevSecOps'],Acquired
893,S15,"Eden provides workplace software for modern companies. Our suite includes tools such as Desk Booking, Room Scheduling, Visitor Management, and more.",United States of America,"['SaaS', 'Human Resources', 'B2B', 'Collaboration', 'HR Tech']",Acquired
891,S15,"Cymmetria is a cybersecurity company at the forefront of deception technology, and offers the only commercially available deception technology that has caught 5 nation-state APTs.

Cymmetria’s deception products, MazeRunner and ActiveSOC, give organizations the ability to hunt attackers, detect lateral movement inside the perimeter, automate incident response, and mitigate attacks. The company also offers deception as a service, enabling organizations to customize deception technologies for their business environment. 

Founded in 2014 by security expert Gadi Evron, Cymmetria is changing the asymmetry of cybersecurity, giving defenders the upper hand.

For more information, visit www.cymmetria.com.",Israel,['Cybersecurity'],Acquired
890,S15,Convox provides an unparalleled development and deployment platform for apps. Deploy in your own account on the cloud provider of your choice.,United States of America,['Kubernetes'],Acquired
879,S15,"Track code in iOS and Android apps with our software similarity web service. Discover code quality, origin, and intent with our in-depth scan. Our patent-pending analysis engine can match up code and find variants, cross-platform.

See our public report on SDK marketshare at http://sourcedna.com/stats",United States of America,['Analytics'],Acquired
877,S15,"Second Measure is a Silicon Valley technology company and leading provider of data analytics that deliver valuable insights into company performance and consumer behavior.  Investors use these tools for screening/sourcing, thesis validation/diligence, and intra-quarter KPI prediction. Consumer brands use these tools for competitive benchmarking and to make key decisions on product strategy, partnerships, and growth marketing.

Second Measure is based in San Mateo, CA with an additional office in New York. We’re proudly backed by Bessemer Venture Partners, Goldman Sachs, Citi Ventures, Y Combinator, and other top investors.

We'd love to hear from you if you're passionate about data, working with a bright team, and want to be a part of a growing startup.
",United States of America,['Fintech'],Acquired
868,S15,"For every L. product sold, one is made accessible to another woman or girl who needs it. L. has been named ""Best for the World"" by B Corp, a ""future-forward company"" by Fast Company and ""a model of sustainable innovation"" by Forbes. After making more than 250 million products accessible in over 20 countries around the world L. was acquired by P&G in 2019 where it retained its status as a Public Benefit Corp. L. continues to be dedicated to its solidarity model and is scaling to reach billions of people around the world.",United States of America,"['Beauty', 'Health & Wellness']",Acquired
867,S15,"Jopwell’s mission is to make a substantial, measurable impact on increasing Black, Latinx, and Native American representation in the workforce. Jopwell strives to build inclusive workplaces where our members can bring their authentic selves to work. We do this by assisting companies with their recruitment, marketing, and retention efforts for communities of color. ",United States of America,"['SaaS', 'Recruiting']",Acquired
860,S15,"Triplebyte is LinkedIn for software engineers. We help great engineers find work at the fastest growing companies in the world, with the least amount of time and effort. We work with a wide range of companies, including Apple, Facebook, Stripe and Dropbox and a lot more of mid-sized and smaller companies.",United States of America,['SaaS'],Acquired
1005,W16,"Rocket Money (formerly Truebill) is a leading personal finance app that analyzes members' spending habits, identifies inefficiencies, and offers immediate methods to improve their financial health. It enables people to optimize their spending, manage subscriptions, lower their bills, and automatically set aside money to reach their savings goals. Truebill has saved members more than $100 million since 2016 and is headquartered in Silver Spring, Maryland, with offices in San Francisco. 

Truebill's mission is to empower people to live their best financial lives. Truebill offers members a unique understanding of their finances and a suite of valuable services that save them time and money - ultimately giving them a leg up on their financial journey. 

Truebill is backed by Accel, Bessemer Venture Partners, Eldridge Industries, and YCombinator.",United States of America,['Fintech'],Acquired
1058,W16,"Caper focuses on compacting Amazon-Go's technology (image recognition, sensor fusion and artificial intelligence) into a smart shopping cart, allowing each shopper to throw her groceries into the cart and self-checkout without cashiers. The technology is looking to fundamentally transform physical retail and rapidly scale into existing grocery stores.",,"['Artificial Intelligence', 'Cashierless Checkout', 'Computer Vision', 'Retail Tech']",Acquired
1067,W16,"Nurx is a telemedicine startup focused on increasing access to healthcare, starting with birth control and PrEP services.",United States of America,['Consumer Health Services'],Acquired
1021,W16,"Paystack is a small and vibrant family working across Lagos and San Francisco.

We enable businesses to accept payments via credit card, debit card, money transfer, and mobile money, directly from their website or mobile app.",Nigeria,['Fintech'],Acquired
1091,W16,Acquired by Pluralsight in May 2019,United States of America,"['Developer Tools', 'SaaS', 'B2B']",Acquired
979,W16,"Stilt/Onbo enables you to launch credit products without a bank sponsor.

We have built APIs to abstract complexity around licenses, regulatory compliance, underwriting, loan management system, credit reporting, and debt capital.

We are backed by fintech investors including Y Combinator, Link Ventures, Hillsven Capital, Petrushka investments (early backer of Lending Club, Zillow, Check, Pets.com), and CEOs of billion-dollar fintech companies.",United States of America,"['Fintech', 'SaaS', 'B2B', 'Lending']",Acquired
1099,W16,"Kip combines traditional in-person therapy with a private app so that you get the most out of every session.

Meet your therapist in person and start working on your personalized care plan.

Share daily thoughts, feelings, and events with your therapist on Kip's private app.

Achieve measurable results with Kip's science-backed, results-driven approach.

Not your average therapy service, Kip makes therapy more effective by combining in-person visits with digital support in-between.",United States of America,"['Mental Health Tech', 'Digital Health']",Acquired
1089,W16,"Hingeto is a technology platform that enables fashion brands & influencers to sell past and future masterpieces with zero inventory risk.

We are backed by Y Combinator (W16), Kapor Capital, Cross Culture Ventures, Precursor Ventures, Stanford University / StartX & several angels (including Andrew Iguodala)",United States of America,"['Marketplace', 'B2B', 'E-commerce']",Acquired
1088,W16,"flexEngage helps retailers personalize post-purchase communications, like receipts, to better engage their most committed customers and drive additional sales. 

Amazon is destroying traditional retailers with their data and software because most retailers can't afford to build it on their own. So instead, retailers resort to wasting billions of dollars on ineffective marketing like Facebook ads to try and compete, while ignoring their most effective marketing channel, post-purchase communications. flexReceipts provides retailers with Amazon-like software for their trillions of post-purchase communications, by turning static messages into a personalized marketing medium.  We have a powerful data network effect; creating the world’s largest database of consumers’ shopping behavior currently at 300 million transactions and 47m unique consumer profiles.  

Other important information: 
- Our consumer database will replace the need for Nielsen, IRI, and Traqline - A $130b industry.  
- We're at $2.4m ARR,
- Deployed in 11k stores nationwide by amazing brands like Under Armor, Michael Kors, Oakley, and GNC. 
- Contracts range from $25 - $500k yearly, recurring - with the majority being 3-year contracts. 
- Avg retailers you have never heard about, like Shoe Carnival and DXL, each represent $100k yearly recurring contracts for us. 
- We've run an efficient company while we found PMF.  $2m still in the bank, $85k monthly burn.  

",United States of America,"['Analytics', 'Retail']",Acquired
1084,W16,"Nova helps sellers focus their time where it will have the greatest impact, by identifying next best actions across the entire pipeline. No more dropped balls, no funnel leakage.

Understand the fundamental flow of customers and revenue over time, what role each team member plays, and what needs to happen to achieve your big hairy audacious goals.",United States of America,"['Artificial Intelligence', 'Sales']",Acquired
1074,W16,"Spinal Singularity designs connected medical devices to improve the quality of life for people with Spinal Cord Injury and Disease (SCI/D).

Our first product, the Connected Catheter, will revolutionize the way people deal with Neurogenic Bladder and Urinary Incontinence.",United States of America,['Medical Devices'],Acquired
1057,W16,"Redspread is a collaborative deployment tool for managing environments from development to production. It enables the deployment of Docker projects to a Kubernetes cluster using a single command.

Redspread was launched in 2015 and is based in San Francisco, California.",United States of America,['Developer Tools'],Acquired
1054,W16,"Landed helps employers develop programs that increase access to homeownership for their employees. We do this by unlocking the power of shared appreciation to create down payment programs tailored to the needs of each institution, improving recruitment and retention of key talent. Unlike other programs, shared appreciation is mutually beneficial to funders and buyers, creating a self-renewing pool of capital that recycles as homebuyers exit the program.",United States of America,"['Fintech', 'Proptech']",Acquired
1050,W16,"Emburse is an expense management platform that gives businesses more insight into and control over corporate expenses. Using Emburse, businesses may order virtual or physical MasterCard-network branded expense cards and assign these cards to employees or contractors for authorization of pre-approved business expenses.",United States of America,['Fintech'],Acquired
1048,W16,"Plato turns the company's engineering and product managers into better leaders. We help resolve challenging management situation as they arise, in real-time thanks to video one-on-one conversations, AMAs, and more with experienced technical leaders form Google,Netflix, Lyft, Box,  etc.

",United States of America,,Acquired
1025,W16,"Goodybag helps you find catering for your office. Easily search restaurants and have food delivered to your next meeting.

For Restaurants and Caterers:
Goodybag lists your catering menu with no startup or monthly fees. You set your own delivery fees and zones. 

For Businesses:
Goodybag is an easy, time-saving way for you to explore and order food from restaurants around town for your employees.",United States of America,['Food Tech'],Acquired
1019,W16,Leveraging Artificial Intelligence to offer personalized video experience for online video platforms. ,United States of America,"['Artificial Intelligence', 'Machine Learning', 'Video']",Acquired
1017,W16,"MineralSoft is the leading solution for mineral rights and royalty management. 

Are you looking for a better way to manage your minerals? Whether you're an investment fund, a family office, an individual, or an advisor, MineralSoft has a tailored solution for you. We combine industry-leading software with experienced, professional service to maximize the value of your assets.  

Save time, make money, and get peace of mind by managing your oil & gas interests with MineralSoft.",United States of America,"['Analytics', 'Energy']",Acquired
1014,W16,Luminist developed a non-invasive diagnostic test for the early detection and staging of liver fibrosis and non-alcoholic steatohepatitis (NASH). Luminist was acquired in 2020 by DiscernDx.,United States of America,"['Medical Devices', 'Diagnostics', 'Genomics']",Acquired
1013,W16,"LendEDU was Co-Founded by Nate Matherson and Matt Lenhard in 2014. LendEDU is a personal finance comparison website. Our goal is to create transparency in a number of markets including student lending, unsecured lending, auto lending, banking, credit cards, and some misc. insurance products. LendEDU participated in Y Combinator's W16 program in Mountain View California. 

LendEDU has been featured and mentioned on a variety of websites including The Wall Street Journal, New York Times, Washington Post, CNBC, Bloomberg, USA Today, MSN, Fox News, CBS News, NBC News, Yahoo! Finance, Forbes, Bustle, and roughly 500 other media outlets.

LendEDU is a graduate of the Iowa Startup Accelerator. LendEDU received seed funding from Built By Iowa, the Iowa Startup Accelerator Fund, and others.

We'd love to tell you about LendEDU! Email support@lendedu.com with any questions, comments, or criticism (really!).

Pronounced ""Lend E D U""​, our website is located at LendEDU.com!",United States of America,"['Fintech', 'Marketplace']",Acquired
1004,W16,"Able Health is the one platform physician organizations need to manage value-based programs. From calculating HEDIS and Medicare measures to engaging clinicians and health plans, managing value-based programs can take an army of administrators and IT staff. Able Health simplifies administration, customized to your specific programs, so you can ease today's reporting requirements and set your organization up for the future of healthcare reimbursements.",United States of America,,Acquired
1000,W16,Loop Genomics provides long-read sequencing solutions across a diverse set of research and clinical applications.  Our platform for long-read DNA sequencing transforms short-read DNA sequencers into long-read sequencing machines. ,United States of America,['Biotech'],Acquired
1270,S16,"The Athletic is a direct-to-consumer digital sports media company committed to helping subscribers experience storytelling in a whole new way. Founded in 2016 and headquartered in San Francisco, The Athletic has over 600 full-time employees and covers more than 250 professional sports and collegiate teams in the US, Canada and the UK. The Athletic’s newsroom has produced thousands of in-depth articles along with more than 120 podcasts and premium video content. The Athletic is a remote-friendly company as we have offices in San Francisco, Los Angeles, London, and Melbourne.",United States of America,['Media'],Acquired
1352,S16,"We're building a mobile and wearable digital wallet that makes interacting with payments, identity, and authentication seamless, fun, and empowering.

Acquired by OURA in 2023",United States of America,"['Hard Tech', 'Hardware', 'Consumer', 'Identity']",Acquired
1265,S16,"Bulldozair is a technology company backed by Y Combinator (US), Station F (EU) and Kima Ventures (EU).

We provide a collaborative web and mobile platform that helps companies that own real estate or industrial assets to deliver their construction projects on time and on budget.

Bulldozair digitally integrates all the construction process, compliance and checklists and deliver them to contractors and engineering teams. 
Users follow their project progress on Dashboard and are alerted anytime there is a potential delay or technical risk and can collaborate online with those companies to solve problems.

With their mobile application, construction teams collect data on the field (forms, measurements, pictures, plans...) that are uploaded  directly on a collaborative platform.
All that communication between stakeholders is archived for traceability. 
All the legal and contractual reporting that took weeks is now done automatically.

Bulldozair is now deployed across the biggest names of the corporate world in infrastructure construction  but also in  manufacturing, energy and retail.",France,"['SaaS', 'Construction', 'Enterprise']",Acquired
1239,S16,"Burrow is the clever, direct-to-consumer furniture company reinventing the way people furnish their home. In 2018, Burrow was named one of the 10 most innovative retail brands in the world by Fast Company, and the Burrow Sofa was named one of the 50 best inventions of the year by TIME. Burrow products ship within a week, assemble and disassemble easily, and are sustainably made to be more comfortable, functional, and durable than the rest of the industry.",United States of America,"['Consumer', 'E-commerce', 'Furniture', 'Retail']",Acquired
1187,S16,"WorkRamp is the All-in-One Learning Platform that your executives, employees, and customers will love. WorkRamp advances learning as a growth engine for your business with a flexible platform that empowers teams to develop top talent, exceed revenue targets, and inspire customers to become advocates. With a flexible, All-in-One Learning Platform, WorkRamp redefines the LMS for the modern workplace to help executives recognize learning as a growth engine and one of the most strategic investments an organization can make. See why top learning teams at Box, Outreach, and Reddit trust WorkRamp to drive business outcomes and organizational scale.",United States of America,"['SaaS', 'Customer Success', 'Sales Enablement']",Acquired
1436,S16,"RunKit is the best tool for prototyping server-side JavaScript.

RunKit notebooks remove the friction of trying new ideas. With one click, you'll have a sandboxed JavaScript environment where you can instantly switch node versions, use every npm module without having to wait to install it, and even visualize your results.",United States of America,,Acquired
1431,S16,Starcity was one of the largest co-living brands. Exit to Common in 2021. ,United States of America,"['Real Estate', 'Housing', 'Proptech']",Acquired
1341,S16,"Innov8 Coworking is a Y- Combinator backed workspaces and community startup based in India. We provide Premium workspaces (Managed Private Offices and Coworking Spaces).
Innov8 Coworking is the first of its kind Thought space in India. We encourage community engagement of like-minded individuals from any space, whether they are founders, investors, freelancers, creators or just want to work in a highly productive zone. Innov8 boasts of the most premium work culture, ergonomically and innovatively
We currently have centres across India - Delhi, Noida, Gurgaon, Mumbai, Bangalore and Chandigarh.",India,['India'],Acquired
1289,S16,"Polymail is an email platform for sales communication. Our platform - which includes email tracking, Salesforce sync, and calendar scheduling - empowers sales teams to increase conversion and shorten sales cycles while providing executives with transparency into sales activity.

Backed by Y Combinator and based in Los Angeles, Polymail has helped thousands of customers transform their sales communication processes.  For more information visit http://polymail.io",United States of America,"['Productivity', 'Email']",Acquired
1288,S16,"Saleswhale is an AI Sales Assistant that scales lead qualification via two-way email conversation. 

We look after the grunt work in Sales (ahem, admin) and bring only qualified leads and meetings to your Sales teams.

On top of automating data entry into your CRM, Saleswhale also conducts lead enrichment on your prospects (e.g. capturing their most up-to-date contact details), capture referrals and rejection reasons, as well as manage lead assignment.

Happy customers we support include Randstad, General Assembly and Verlocal - to name a few.

Interested to find out more about our AI Sales Assistant? Request a customised demo for your business on our website and we'll get back to you shortly!",Singapore,"['Artificial Intelligence', 'Sales', 'Automation']",Acquired
1285,S16,"CrowdAI equips enterprises of all sizes with the power of deep learning and the approachability and speed of no-code software.  Our easy-to-master platform allows users of all technical abilities, from business operators to data scientists, to power real-time decisions from their visual world.

Recognizing data as the new code, CrowdAI is the only vision AI platform to truly provide organizations with the infrastructure for the entire AI-lifecycle, empowering you to label data systematically, train models efficiently, scale models iteratively, and power decisions continuously.",United States of America,"['Machine Learning', 'Computer Vision']",Acquired
1247,S16,"NeoWize changes the way we look at machine learning and deep learning. 
Current deep learning algorithms focus on making the most out of the data available. 
NeoWize utilizes neural networks and adaptive input to create more data and better data, thus increasing our predictive power with small data-sets.
We use this technology to help e-commerce sites learn what each individual buyer is looking for and create a better user experience from the first visit.",Israel,"['Machine Learning', 'E-Commerce', 'Personalization']",Acquired
1245,S16,"Vidcode is computer science courses for tweens and teens. With over three hundred self-guided coding tutorials teens can build their web development skills with Vidcode course tracks. The curricular approach enables students to create video filters, simulations, augmented reality, and other creative projects  -- all while learning the fundamentals of computer programming.

Founded by female developers and artists, the company was originally built with girls in mind and pays special attention to increasing participation from young women and underrepresented minorities. ",United States of America,['Education'],Acquired
1244,S16,"Symple is building a logistics platform for field service & delivery teams. Our platform is re-shaping the $30Bn field service management market by powering real-time collaboration and communication across massively distributed service teams. 

Symple's mission is to modernize the way over 400M mobile-service workers complete their daily tasks, share information and interact with their customers -- which means touching, in some capacity, every businesses on the planet.",United States of America,"['Delivery', 'Logistics']",Acquired
1241,S16,"Revlo helps eSports streamers better connect, engage, and monetize their fan base. 

Today, thousands of gamers are becoming online celebrities as they stream their video games to over 100 million fans all over the world. Yet, the only method for popular streamers to interact with their fans while streaming is in a cluttered IRC chat room. Revlo allows streamers to reward their loyal fans with recognition, merchandise, and interaction opportunities. Naturally, fans engage more, driving up repeat viewership and conversion into paid subscription on a streamer's channel.",United States of America,['Creator Economy'],Acquired
1237,S16,"We're a Top YCombinator S16 and YCG F19 company empowering people to live healthy and blissful lives. We create healthy and happy employees through nutrition and wellness services. We have built a sophisticated tech stack utilizing AI and IoT to enable a flexible supply chain, being completely asset lite, and full wellbeing analytics. We work with some of world’s top companies such as Apple, Google, Amazon, Kaiser, Stanford, Stripe, Nike, Lyft, and many more.",United States of America,"['Artificial Intelligence', 'IoT']",Acquired
1234,S16,"Fabric is a personal location-based journal that catalogs experiences and interactions. With Fabric, users can automatically preserve a record of places, paths, activities, add friends, and browse photos.",United States of America,['Privacy'],Acquired
1230,S16,"Techmate offers simple, on-demand tech support for small businesses and startups. With fast appointment booking, transparent pricing, and friendly, trusted technicians, we aim to take the frustration out of tech support. Get onsite or virtual tech support in as little as 2 hours.",United States of America,"['IoT', 'Customer Support', 'Home Automation']",Acquired
1222,S16,"The best way for businesses to ship software. Opsolutely empowers engineering teams to be more productive, inclusive, and collaborative by making the most challenging and chaotic part of their software creation process safe, easy-to-use, and friendly for every member of the team.",United States of America,['DevOps'],Acquired
1221,S16,"The future for autonomous industrial drones is in sight - Enabling safer drone operation through intelligent collision avoidance. We are a Y Combinator and Silicon Valley investor company with a team from NASA, Boeing and PhDs in computer vision. 
Read more at: https://tinyurl.com/y7tm4zr8
 
Website: www.IrisOnBoard.com",United States of America,"['Drones', 'Computer Vision', 'AI']",Acquired
1211,S16,SimpleCitizen is here to make applying for citizenship in the United States as simple as filling out an online application for a job. Taking 20 minutes to answer just 20 questions can save you thousands in lawyer fees. SimpleCitizen is here to help you make the most important decision in your life SIMPLE.,United States of America,"['Civic Tech', 'GovTech']",Acquired
1182,S16,"Every day, incredible government workers serve the public without the resources—and appreciation—their important work deserves. These hard-working teams have to deal with communications arriving from too many channels, maze-like processes for fulfilling constituent requests, and a dangerous lack of visibility into constituent opinions on major issues and the work teams perform.   

Software can help! But the vendor community has responded with hard-to-use, hard-to-implement, and hard-to-purchase private sector software rather than building something from the ground up. These outdated solutions fail to address government workers’ unique challenges. 

Seneca Systems was founded to address those challenges and strengthen the vital bond between government and people. Our Constituent Services Platform, Romulus, centralizes constituent communications, organizes service requests, and provides insights into constituent preferences and work performed. Built for governments by people who love government workers, Romulus enables government workers to get more done in less time, with less overhead, and to more constituent applause.",United States of America,['GovTech'],Acquired
1573,W17,"Humi is building important infrastructure for Canada's economy. Software that helps SMBs employ Canadians. 

Payroll, HR, and Benefits all together in a single simple to use platform.

Serving thousands of Canadian companies, Humi’s clients include innovators such as Ada, Hubdoc, LiveCA, AudioBooks.com, Inkbox, and others. 

www.Humi.ca",Canada,"['Fintech', 'Payroll']",Acquired
1482,W17,"Sandbox Banking provides a low-code platform to quickly build and run banking integrations.  Our software is literally a web application named Glyue, and it's typically used by banks, credit unions, and fintechs to connect banking systems.  Glyue integrations are often web service APIs, batch ETL jobs, file/document transfer jobs, or event-driven pub/sub services (e.g. web hooks, Kafka streaming data pipelines).",United States of America,"['Banking as a Service', 'Fintech', 'B2B']",Acquired
1450,W17,We build pre-employment assessments that accurately simulate the work your applicants will actually be doing on-the-job.,United States of America,"['SaaS', 'B2B', 'Recruiting']",Acquired
1563,W17,"ScopeAI automates the process of communicating user insights to product and operation teams. The product leverages natural language processing (a form of AI) to extract insights from customer conversations. It integrates with existing support channels such as Zendesk, Intercom, Desk.com (salesforce) to automatically tag and analyze conversations for trends in customer feedback.",United States of America,"['Artificial Intelligence', 'NLP']",Acquired
1559,W17,"Peer5's P2P CDN improves content delivery for live and on demand video streams. As video streaming continues to become more mainstream and the streams themselves become HD and 4K, traditional CDNs struggle to deliver high quality viewing experiences. Many publishers try to keep up with peak demand by paying for more servers, many of which are almost never used and struggle with video playback. Not only is this expensive, but it's also inefficient, which is why at Peer5, we've created a P2P CDN to boost your video streaming capabilities. 

Our CDN works with your servers to ensure that as your viewership increases, your network gets stronger by offloading bandwidth to our peer network. On average, this has been shown to increase server capacity by 20x, offload 70% of bandwidth, increase viewing time by 30% and decrease instances of rebuffering by 40%.

Our video streaming CDN uses emerging technologies, including HTML5 and WebRTC. They require no installation by end users and offer easy integration for content providers. We support many different streaming protocols, players and media servers.",United States of America,['Video'],Acquired
1549,W17,"KidPass is a new way for parents to discover and book amazing children's activities. Get access to exclusive events, classes, camps, museums, and more. Unlock a new world of experiences.",United States of America,['Education'],Acquired
1539,W17,"""Computers are incredibly fast, accurate and stupid; humans are incredibly slow, inaccurate and brilliant; together they are powerful beyond imagination.""​

Playment is a fully managed data labeling platform generating training data for computer vision models at scale. We empower companies in the Autonomous Vehicle, Drones, Mapping, and similar spaces with high precision annotation services - No matter how complex. We’re helping companies and research institutions like Drive AI, Starsky Robotics, CYNGN, and UIUC focus on their core areas of development.

Our platform is powered by a trained workforce of 300,000+ users and managed by our human intelligence experts who build your tasks and deliver results with assured quality.

Support Annotation types: Bounding Boxes, Cuboids, Polygons, and Polylines, Point annotations, Segmentation(coming soon) for both image and video data types. Interested to hear more? please check out https://playment.io

Use Cases we worked on: Autonomous vehicles, drones, satellite imagery, precision agriculture, Retail / eCommerce, sports analytics",India,['Crowdsourcing'],Acquired
1536,W17,"Terark built a new storage engine for Database and Data Systems. Our technology enables direct search on highly compressed data, with 200X faster read performance and more than 10X storage savings (better than Google's LevelDB, Facebook's RocksDB), getting larger scalability with lower cost for big data applications. Alibaba is our paying customer, and we are a YCombinator company.",China,"['Big Data', 'Cloud Computing']",Acquired
1529,W17,"We are a group of expats in Hong Kong that want easy and affordable access to buy the products we love from back home. Snacks, foods, health products, and other daily essentials that we miss are either not found in Hong Kong, or are too expensive to buy. We were faced with bad alternatives such as overpriced grocery stores, or expensive package forwarding companies.

We believe that with the help of technology, anyone should be able to buy anything from around the world at an affordable price. We are on a mission to make international commerce seamless.",Hong Kong,"['E-Commerce', 'International']",Acquired
1526,W17,"Bulletin is a small business community that allows independent brands and retailers to connect, transact, and grow together.",United States of America,"['Marketplace', 'B2B']",Acquired
1525,W17,"Breaker is a podcast listening and discovery application.

Most podcasts are free, but serious publishers are spending big budgets to make high quality audio content like Serial, which hit 100 million downloads and made podcasts mainstream. 67 million Americans are already listening to podcasts a month. Breaker wants to sign exclusive deals to distribute the best premium podcasts and charge users $6 per month. First, its goal is to build a huge listener audience by making the best podcast consumption app. It launched today, and will offer podcasters ways to connect and get feedback from their community, and analytics about what content performs best. It has a stunning 67% retention rate after a month for beta users. If it can convince people to pay for what’s often free, it could become the preferred place for podcasters to talk.",United States of America,"['Social Media', 'Media', 'Podcasts']",Acquired
1516,W17,"Tetra uses AI to take notes on phone calls, to help you focus, remember the details, and keep your team in sync.",United States of America,['Artificial Intelligence'],Acquired
1514,W17,"WaystoCap takes the pain out of working internationally for businesses all over the African continent, improving their ability to trade. They help them find partners internationally, and regionally; sourcing the most competitive prices; offering better payment terms; and supporting the entire trade.

WaystoCap is a technology driven trading platform focused on Africa. We are backed by some of the best early stage US and international investors including Battery Ventures (investors in Google), 4DX Ventures (investors in Flutterwave) and Y Combinator (Airbnb and Dropbox).",Morocco,"['Marketplace', 'E-Commerce']",Acquired
1511,W17,"Supr Daily is a daily grocery delivery service in India. We use daily milk subscriptions as a railroad to reduce the last-mile delivery costs by 10x. We leverage this as a 'Trojan Cow' to deliver all groceries to your doorstep by 7 am, daily.

At it's peak, we scaled the company to $100M annual revenue run rate with a presence in 6 cities serving 200k+ orders daily. We were part of the Winter 17 batch of Y Combinator and were later acquired by Swiggy.",India,"['Grocery', 'Consumer', 'Delivery', 'E-commerce']",Acquired
1505,W17,"Hivy is a task management tool for office operations teams and helpdesk system for employees. The platform enables office managers to collect employee requests, manage projects, assign tasks and notify employees when their requests have been completed.

Hivy was acquired by Managed by Q in 2017. ",United States of America,"['SaaS', 'B2B']",Acquired
1489,W17,"Penny is a personal finance app that helps you track your income and spending.

Penny accesses your statement history—with your permission—and uses that information to help you manage your finances. Whenever you open the app, she’ll chat with you about your finances: letting you know how you’re doing this month, forecasting where you’ll be next month, giving you a heads up about upcoming bills, or even helping you cancel services you don’t use.

Penny makes finances less intimidating and stressful. Many apps have lots of useful features, but they’re often hard to use and time-consuming. Penny automatically organizes your finances, explains them simply and clearly, and tells you what you need to know, when you need to know it.",United States of America,"['Artificial Intelligence', 'Fintech', 'Finance']",Acquired
1486,W17,"Your software is your competitive advantage, and your customer experience is everything. Armory Continuous Deployment solutions empower you and your teams to confidently deploy every application, every time; safely and securely, so you can accelerate your time-to-market, increase stability, and decrease customer-impacting issues.",United States of America,"['Developer Tools', 'DevSecOps']",Acquired
1479,W17,,United States of America,"['Augmented Reality', 'Music']",Acquired
1478,W17,"Fiix offers auto repair services for its clients.

The company offers on-demand auto repair services in terms of battery, brakes, diagnostics, inspections, doors, windows, engines, exhaust systems, filters, fluids, fuel systems, heating, lights, sensors, suspension, steering, tires, and transmission. The company offers auto repair services at its clients' homes or offices.

Fiix was founded in 2015 by Zain Manji and Arif Bhanji and is based in Ontario.",Canada,['Automotive'],Acquired
1466,W17,"Scaphold is the world's most powerful GraphQL as a service platform. The platform will provide a number of services including push notifications, analytics, file storage, custom code, multiple environments, and more to allow developers to build mobile, web, and IOT applications. Our innovative use of GraphQL is the big game changer here. We’re convinced that it’s the future of APIs and we want to make it readily accessible to everyone else.",United States of America,['API'],Acquired
1459,W17,"Soomgo is a local services marketplace that connects providers with new customers across 1,000+ services such as moving, piano lessons, wedding planning, and more.",South Korea,['Marketplace'],Acquired
1457,W17,"Volansi builds and operates high-payload long-range unmanned aerial vehicles to service B2B customers with a point-to-point delivery solution that saves them millions of dollars in down-time costs.

We service customers around the world with a focus on defense, commercial, and medical supply deliveries. Our aerial vehicles can transport loads up to 200 lbs up to 1,000 mi. 

Volansi was founded by Hannan Parvizian and Wesley Zheng in 2015, and is based in San Francisco.",United States of America,"['Autonomous Delivery', 'Drones']",Acquired
1456,W17,"Shipamax's core technology can 'understand' any logistics document - outputting a business-ready, machine-readable format. 

Why does this matter? When customers order online - it feels smooth & simple. But in the background it's chaos. When goods are physically moved around the world, there can be up to 20 companies involved in the transaction. Currently, this is a complex, messy process, with different systems and teams creating a mountain of manual work to get the job done.

Customers value our technology as we to help make these behind-the-sceens processes simple.

We're making one of the largest segments of the global economy – logistics – more scalable and adaptable to today's on-demand world.",United Kingdom,"['Robotic Process Automation', 'Logistics', 'NLP']",Acquired
1454,W17,"Arthena is a financial product that gives you access to the alternative asset class with the highest barrier to entry and strongest historical returns. We invest in the most liquid segment of the art market, with the lowest volatility, yielding tremendous growth uncorrelated to traditional investments. Arthena’s automated and data driven investment strategy regulates art investment by building traditional fund structures. HNWI’s can now securely and confidently diversify their portfolios into alternative assets focusing on the luxury market.

Arthena has designed and built a statistically rigorous model that estimates the value of artwork over time. Since the data we obtain derives from auction records and repeat sales, our model relies on a set of features about each result. These features include include the artist’s name, medium, date of creation, origin of location and size of work. After identifying groups of work that are similar to each other, we calculate the expected ROI and estimated volatility based on the distribution of gains. Using historical auction results to simulate the performance of our funds, we leverage Monte Carlo analysis to determine annualized returns and sharpe ratios. Based on this analysis, Arthena can validate the financial viability of our product and establish statistically rigorous bounds for these estimates.",United States of America,['Investing'],Acquired
1452,W17,,,"['Autonomous Trucking', 'Self-Driving Vehicles']",Acquired
1446,W17,"Scribe is an AI-Powered Sales Assistant for your inside sales team, that you can hire in <10 minutes. 

Scribe magically finds the best prospects, writes highly personalized emails, handles objections and schedules demos with pre-qualified leads. To put it into perspective, our customers have been able to get 3X the number of qualified meetings for 50% of the cost, and your SDRs can now focus on only the warmest leads. 

Scribe is backed by Y Combinator and other elite Silicon Valley investors and is fundamentally transforming sales.",India,"['Artificial Intelligence', 'SaaS', 'B2B']",Acquired
1441,W17,"Clear Genetics is developing innovative, patient-centric software to thoughtfully integrate genetics into routine patient care. Our HIPAA-compliant platform offers an automated and comprehensive solution to deliver genetic services at scale. Clear Genetics serves leading health systems, clinics and commercial labs across the nation. ",United States of America,"['Healthcare', 'Chatbots']",Acquired
1688,S17,"We're a women’s health company making personalized reproductive health information more accessible, earlier in life. We make the same laboratory tests that were previously confined to fertility clinics more accessible for women at home. By arming women with powerful information about their reproductive health, Modern Fertility is closing the fertility information gap and enabling women to own the decisions impacting their bodies and futures. We've raised $22 million from Forerunner Ventures, Maveron, Union Square Ventures, First Round Capital, #Angels and Y Combinator.
",United States of America,"['Fertility Tech', 'Consumer Health Services', ""Women's Health""]",Acquired
1635,S17,"Our API-connected healthcare infrastructure empowers our partners to deliver world-class patient experiences. We power prescribing, lab testing and pharmacy fulfillment. ",United States of America,['Consumer Health Services'],Acquired
1598,S17,"Ribbon Health is a health care data platform that provides the critical infrastructure that health insurers, medical providers, and digital health solutions need to enable accurate provider directories, reliable referral management, and efficient care navigation. 

We offer a seamless API layer that integrates into each health care organization's existing workflow to build connectivity across the industry and continuously improve the accuracy of its data with its spread and use. 

Ribbon is the only solution to offer all of these capabilities in one platform, and delivers the most comprehensive data on doctors, insurance plans, and the cost and quality of care culled from thousands of sources. 

By providing this infrastructure, Ribbon delivers on its mission of making it easy for every health care decision to be high-quality, cost effective, and convenient. ",United States of America,"['Health Tech', 'Digital Health', 'Healthcare', 'API']",Acquired
1715,S17,"Code Review as a Service

PullRequest is passionate about code quality. From static analysis to an on-demand network of code review experts, we help development teams ship code faster, with improved quality and lower costs.",United States of America,['Developer Tools'],Acquired
1714,S17,Dharma is the only Ethereum wallet capable of seamlessly moving money between any US bank account and decentralized exchanges like Uniswap. The net result is a product that looks & feels like Coinbase on steroids — Download an App. Plug in your bank. Invest in the exponentially growing universe of tokens & yield opportunities in DeFi with a tap.,United States of America,"['Fintech', 'Crypto / Web3']",Acquired
1697,S17,"VIDA is the story of the rich, beautiful, interconnected world in which we live. It is the story of contemporary life and of mindful, global citizenship.

VIDA is a collaboration amongst global citizens - from a designer in Milan, to a producer in Karachi, and a consumer in San Francisco – we are a global partnership of co-creators.

VIDA presents an alternative to the homogeneous, disposable products that increasingly dominate retail. We produce only that which is purchased, bringing into the world only items that are wanted.

We are using innovations in design and technology to make quality accessible again. We produce with the highest ethical standards, respecting the makers of the products we bring into our lives.

We believe beautiful products should create beauty every step of the way.",United States of America,"['Marketplace', 'Manufacturing']",Acquired
1695,S17,"Every year $1.2 trillion in residential home sales are exchanged, however buying and selling a house is still a huge, painful process. Maybe that’s because Real Estate is the least digital industry, behind only agriculture 🐮 . 

Disclosures.io is on a mission to make the real estate process more transparent and efficient for everyone involved. Our product helps sellers get their home to market faster and enables buyers to make more informed offers. 

We believe in lean, pragmatic product development, entrepreneurship and building a business that we are proud to be a part of. We love talking to like-minded makers, drop us a line!",United States of America,"['Documents', 'SaaS', 'B2B']",Acquired
1691,S17,"Developer-oriented security platform, helping small and large companies protect their software from malicious activityDeveloper-oriented security platform, helping small and large companies protect their software from malicious activity",United States of America,['Security'],Acquired
1689,S17,Lyrebird offers a new generation of speech synthesis technologies for developers. It is the result of several months of research conducted at the MILA lab at University of Montréal.,Canada,['Artificial Intelligence'],Acquired
1678,S17,"Headstart (YC S17) uses Machine Learning technology to help employers identify the best-suited talent in the shortest period of time. We provide leading organisations with a solution designed to help them transition away from experience/qualification based screening and towards a more inclusive and effective process which considers personality, behaviours, strengths and motivations. In doing so, Headstart helps companies hire people truly aligned to their values, culture and exact job requirements in a seamless, engaging way.

The Headstart process is simple and effective: companies save time and money by finding candidates who meet their exact job requirements at an earlier stage, and job seekers connect directly with businesses through an engaging, reusable 15 minute application form. We ensure a transparent process and initiate productive dialogue, making candidates feel valued and helping companies hire the right people.",United Kingdom,"['Machine Learning', 'Recruiting']",Acquired
1675,S17,Opearlo builds voice apps for Amazon Alexa and Google Assistant.,United Kingdom,['AI Assistant'],Acquired
1674,S17,Eduflow is a tool for running active online learning experiences. We are used at thousands of institutions around the world all the way from middle school to corporate training at Google. We believe that digital tools for learning need to be more than just a playlist of videos. We're building learning activities that instructors can use to engage learners and make them active participants in their own learning process.,Denmark,"['Education', 'eLearning']",Acquired
1670,S17,"LotusPay was acquired by Juspay in Jan 2024.

LotusPay is the recurring payments solution for businesses in India. We enable our clients to quickly and easily collect payments directly from their user's bank accounts via paperless NACH Debit.

LotusPay is perfect for collecting loan repayments, membership fees, subscription and billing, recurring donations, tuition fees - any kind of regular or irregular payment, be it a fixed amount or variable amount.

LotusPay is backed by Y Combinator.",India,"['Fintech', 'Payments', 'India']",Acquired
1668,S17,bxblue is a Y Combinator backed (S17) Personal loan marketplace for pensioners and government workers with guaranteed income in Brazil. bxblue is taking this $80 billion market online.,Brazil,['Fintech'],Acquired
1666,S17,"Artificial intelligence for modernized customer support. We provide end-to-end AI-powered solutions for business to connect with and support their customers. By leveraging the state of art deep learning and natural language processing technology, we make the customer support teams more intelligent and efficient.",United States of America,"['Artificial Intelligence', 'SaaS', 'Customer Service']",Acquired
1657,S17,"Honeydue is the best personal finance app for couples. Track your bills, bank balances, and spending together, and engage in meaningful dialogue about your goals and habits.",United States of America,['Fintech'],Acquired
1656,S17,"Guilded upgrades your group chat and equips your server with integrated event calendars, forums, and more.
",United States of America,"['Consumer', 'Gaming', 'Chat']",Acquired
1648,S17,"Surematics is helping commercial insurance brokers structure complicated deals online. Homeowners and car insurance are enough of a nightmare for most of us to handle but Surematics is targeting even more difficult cases — awkward expensive items like oil rigs. With a dash of blockchain, the startup wants to allow companies to collaborate together to create enforceable contracts.",United States of America,"['Blockchain', 'Insurance']",Acquired
1644,S17,Indivio's video creative automation capabilities enable modern marketing teams to more easily deliver dynamic video experiences that improve business outcomes.,United States of America,"['Analytics', 'Video', 'Personalization']",Acquired
1633,S17,Plasticity builds APIs that help developers create human-like natural language interfaces. We believe in a future where computers can actually understand language and communicate.,United States of America,"['Artificial Intelligence', 'SaaS', 'NLP']",Acquired
1632,S17,"Meetingbird is the calendar with superpowers. Individuals and teams from companies like Uber, Shopify, and Yelp use Meetingbird to make their meetings great.

See what Meetingbird can do for you at meetingbird.com.",United States of America,['Scheduling'],Acquired
1631,S17,"We started Wildfire during our senior year at UC Berkeley as a safety alert app for colleges. Wildfire quickly grew beyond a campus safety tool to a social news app, which empowered people to spread the word quickly to their community when something significant happened nearby. Over six years, we've sent 65 million alerts to nearly 1 million users.",United States of America,['Social Media'],Acquired
1626,S17,The most advanced Augmented Reality API.,United States of America,"['Developer Tools', 'Augmented Reality', 'Gaming']",Acquired
1625,S17,"Solve (YCS17) provides airport fast track, customs, and concierge services in over 470 airports worldwide. Whether it's departure, arrival, or transit, we've got you covered.",United States of America,"['Travel', 'Logistics', 'Operations']",Acquired
1620,S17,"Enzyme provides online quality management system software and supportive QA/RA consulting, helping life science companies with FDA approval and ongoing compliance. Enzyme staff has over 50 years of medical device industry experience, across several Fortune 500 companies and startups.",United States of America,['SaaS'],Acquired
1617,S17,"We started Mystery.org to create better explanations for every question children have about the world. We began with the 150 most common science questions that children ask teachers. We call this collection Mystery Science. Last year, more than 4 million children used Mystery Science in 50% of U.S. elementary schools. In an industry that is plagued by long sales cycles and high barriers to entry, we’ve sold thousands of schools without a single sales person. We’re backed by a great group of investors including Y Combinator, Learn Capital, and Reach Capital.

We’re now moving on to all the other questions children have that they’ll never learn in school. In the last 18 months we received over 500,000 questions from children eager for better explanations of the world.  Now we’re creating video explanations for every question. You can think of this like a visual Wikipedia for kids.

Our goal is to create a generation of better thinkers. We think this is the most important problem to solve in the world today.",United States of America,"['Education', 'eLearning']",Acquired
1601,S17,"Fat Llama is a peer-to-peer rental marketplace which allows people to rent spare items to others nearby, fully insured. The platform provides a cheaper and more efficient solution than buying outright or hiring from rental shops. At the same time, it allows others to monetise their rarely-used possessions.

The company's mission is to enable people to share and monetize their unused possessions, increasing the efficiency of both the consumer and the planet’s resources.",United Kingdom,"['Marketplace', 'Insurance']",Acquired
1597,S17,"Taking care of your car doesn’t need to be a painful or archaic experience. CarDash picks up your car from home or work, oversees the work, and returns your car to you. We also offer upfront and transparent pricing and serve as your advocate so you are never overcharged. 

We are on the verge of a major transformation in our relationship with the automobile. Connected cars, self-driving cars, mainstream electric vehicles, and new economic models of car ownership are all coming within the next decade. These could bring about a transportation revolution as disruptive as the adoption of the automobile itself. We don’t know how or when these changes will unfold, nor do we know which technologies will triumph. We do however know that all cars on the road will need to be serviced, regardless of who owns them, who drives them, or what powers them. 

By leveraging technology, logistical efficiency, and above all — superior service, CarDash aspires to become the service platform for the automotive industry of tomorrow.",United States of America,['Marketplace'],Acquired
1592,S17,"Feather is redefining furniture rental for city living and helping people feel at home no matter where they live or how long they plan on staying. By giving people smarter options, Feather is able to keep more furniture in homes and out of landfills.

Monthly furniture payments can go toward ownership or you can simply return the furniture you no longer need. Those items endure our extensive refurbishment process before they are sent to live in their next home. Our reverse logistics platform allows our customers to swap and add new furniture at any time, helping limit furniture waste.",United States of America,"['Marketplace', 'Delivery', 'Furniture']",Acquired
1591,S17,"Audm is a mobile app that turns long-form print journalism into professionally narrated digital audio. The app, which was quietly launched on 2016, uses professional voice actors to read news content that makes it enjoyable to listen to.",United States of America,"['Consumer', 'Media', 'Subscriptions']",Acquired
1588,S17,"AutoHub is a marketplace for automotive wholesale transactions. AutoHub is a transparent, efficient, convenient and cost-efficient digital auction platform.",United States of America,"['Diagnostics', 'Automotive']",Acquired
1582,S17,"Py is democratizing access to career opportunities in tech. Our iOS and Android apps have been featured in the App Store & Google Play Store and we've provided millions of lessons and quizzes to our users. We are changing the way that educational content is delivered and modernizing traditional online teaching tools.

We launched Py for Work to level the playing field for candidates and empower companies to take a skills-based approach to hiring. Our platform enables companies to assess candidates using real-world assessments, not brain teasers. We’re helping industry leaders like LiveRamp, Amplitude, and Factual approach hiring based on merit, not resume keywords.",United States of America,['Recruiting'],Acquired
1578,S17,Elucd is a GovTech company that provides cities with near real-time understanding of how citizens feel about their government.,United States of America,"['SaaS', 'GovTech']",Acquired
1793,W18,"Sqreen is the application security platform for the modern enterprise. More than 800 organizations trust Sqreen to protect, observe and test their applications, APIs and microservices. As opposed to pattern-based approaches, Sqreen analyses in-app execution in real time to deliver more robust security without compromising performance.",United States of America,"['DevSecOps', 'B2B', 'Security']",Acquired
1743,W18,"Bear Flag Robotics is developing autonomous driving technology for farm tractors. By equipping tractors and implements with technology, Bear Flag allows growers to automate and optimize many of their most common tasks. This addresses the farm labor shortage while removing workers from hazardous conditions. Additionally, Bear Flag provides growers with analytics that help them garner actionable insights about their crops and operations.",United States of America,"['Robotics', 'Agriculture']",Acquired
1840,W18,"Memora Health helps healthcare organizations digitize and automate complex care workflows, making them simple for patients and clinicians to navigate. Memora ingests existing data on clinical workflows, converts them into cohesive messaging journeys that guide patients through their care episodes, and automates the completion of simple follow-up tasks in the EMR. Memora's platform reduces care team notifications by nearly 40%, has a >70 average NPS, and has improved clinical outcomes across various populations. Contact us at info@memorahealth.com",United States of America,"['Health Tech', 'Digital Health', 'AI']",Acquired
1837,W18,"YouTeam has helped more than 60 YC startups hire top-notch engineers they couldn't find elsewhere.

YouTeam connects you with select offshore developers seeking full-time contracts that aren't listed on any freelance portals or job boards. We are the only platform accessing this previously untapped talent pool, allowing us to select the ""crème de la crème"" of the talent.",United States of America,"['Marketplace', 'Human Resources']",Acquired
1835,W18,,France,"['Consumer', 'B2B', 'Design Tools', 'Video', 'Subscriptions']",Acquired
1874,W18,Look After My Bills is a new auto-switching service making sure you're always on the best possible energy deal.,United Kingdom,['Fintech'],Acquired
1870,W18,"Qulture.Rocks makes people management, OKR management, and culture management software for some of the world's most innovative companies, backed by the likes of Founders Fund, Blackstone, Sequoia, and Tiger Global.

Our suite of products encompasses 1:1s, engagement surveys, performance reviews, OKRs/goals, ongoing feedback, and peer to peer recognition, and integrates seamlessly with your existing software (including Slack).

We also help our customers design their processes, which is of special help for startups and scaleups implementing these practices for the first time.",United States of America,"['Human Resources', 'Culture']",Acquired
1858,W18,"We help teams that may or may not have machine learning expertise quickly turn their data into deployed computer vision models. Example applications include security camera monitoring, automating data entry, interpreting web scraped images, validated user photo inputs, augmented reality and mobile product scanning. 

If you have visual or scanned data that you wish your software could interpret at scale, we can turn around a first proof of concept in under a week. Reach out and see how computer vision can change your business.",United States of America,"['Deep Learning', 'Indoor Mapping', 'Machine Learning', 'Computer Vision']",Acquired
1852,W18,"The biggest social network in the world for TikTok celebs. One of the first 5 companies in the US to get the TikTok API. Launched over 400 companies on TikTok in under a year.

Work with Ridge, Hopper, and more. Acquired in 2021.",United States of America,"['Entertainment', 'Community', 'E-commerce']",Acquired
1843,W18,"We’re a group of Harvard and Yale-trained physicians, engineers, designers, and social entrepreneurs who came together to transform care delivery.

Medumo’s CareTours™ enable healthcare organizations to effectively provide turn-by-turn guidance to patients without disrupting workflow by utilizing automated, precisely-timed messages sent via text and email. 

- Dramatically improve procedural completion rate
- Increase referral conversion
- Reduce staff burden 
- Recover revenue loss 

Want to get started in automating patient navigation for your Hospital, ASC, or Practice? We serve all specialties. Reach out to our leadership team for a brief chat or full presentation. 

Bob Smith - Director Strategic Partnerships 
Bob@medumo.com
Cell # is 502-744-2911  EST",United States of America,"['Healthcare', 'Healthcare IT']",Acquired
1841,W18,"Zyper is a machine learning-led community marketing tool that enables brands to identify and engage with the top 1% of their social following, turning them from passive followers to active advocates.

These brand fans create authentic and emotive content, scaling peer-to-peer advertising in a unique way by uplifting market voice, engagement and social conversion.

Neither micro-influencers nor bloggers, brand fans are real, social-savvy consumers who influence their immediate peer group and immerse themselves in your brand ecosystem. We target them at scale to give you the equivalent reach of one influencer but with the value of repeat content, authenticity and higher engagement.",United States of America,"['Social', 'Networks']",Acquired
1830,W18,"Dataform helps data teams build, version control, and deploy SQL pipelines in their data warehouse.

Acquired by Google Cloud in December 2020. ",United Kingdom,['Analytics'],Acquired
1827,W18,"SharpestMinds is a mentorship program for data scientists based on income share agreements. Experienced engineers mentor aspiring data scientists, who then pay the engineers back a percentage of their first year's salary after they're hired.

SharpestMinds mentors come from world leading AI groups at top companies including Apple, Uber, Tesla, Facebook and Amazon.",Canada,"['Artificial Intelligence', 'Education', 'Income Share Agreements']",Acquired
1824,W18,"Naborly has reinvented how credit reports and scores work for the rental industry to help landlords know who they're renting to, while helping tenants build credit by just paying their rent.",Canada,"['Artificial Intelligence', 'Fintech', 'Real Estate']",Acquired
1821,W18,Hunter2 teaches modern appsec to engineering teams through interactive labs. Developers get hands-on practice exploiting and patching real web apps written in their tech stack.,United States of America,"['Developer Tools', 'Education', 'Cybersecurity']",Acquired
1816,W18,"Lawyaw is a vertical SaaS platform focused on enabling the digitization of legal services. Our platform solves a foundational gap in the market by making it easy to incorporate programmable documents into digital workflows. As a result we are transforming the $150B consumer legal services market by making access to legal services faster, cheaper and more convenient. We are currently power over 1,000 law firms and growing quickly, but have so much more to build!
",United States of America,"['Documents', 'SaaS', 'Legal']",Acquired
1807,W18,"It combines the latest adaptive learning and Natural Language Understanding technology with pedagogical content as well as on-demand human instructors to offer its students affordable, personalized, 1:1 learning. Based in San Francisco, the company was funded by General Catalyst, Y Combinator, Google Assistant Investments Program, and several other investors. Over 800 thousand students have improved their English with Edwin.

In early 2020 Edwin merged with MyBuddy.ai. The resulting company kept the name “Buddy.ai”. Headquartered in San Francisco, it focuses on building a virtual English conversation partner for over 500 million children around the globe who are trying to learn English, but can't reach fluency because they lack genuine practice speaking the language. The company doubled down on its mobile app Buddy, the voice-based English tutor for kids, organically combining solutions developed by Buddy.ai and Edwin.",United States of America,"['AI-Enhanced Learning', 'Education', 'Machine Learning', 'Smart Home Assistants', 'eLearning']",Acquired
1806,W18,"Send money to friends, pay at merchants, and take care of your bills through your phone, even without a bank account.",Mexico,"['Fintech', 'Consumer', 'Latin America']",Acquired
1789,W18,We build health insurance for mid-sized companies that costs 20% less and provides more effective medical care.  ,United States of America,"['Fintech', 'Healthcare', 'Health Insurance', 'Insurance']",Acquired
1782,W18,"NewCraft makes it easy for developers to connect to employee platforms like Workday, ADP, and Paylocity with a single API. To get access to these systems, some companies have spent over $10M in development costs alongside years of business development efforts. We believe innovators can build the future of employment faster with simplified access. On top of standardizing data across employee systems into a universal API, we offer a modern developer experience with test environments, documentation, and security.",Remote,"['Developer Tools', 'B2B']",Acquired
1780,W18,Squad adds screen sharing to video chats so you can use any app with friends,United States of America,['Social'],Acquired
1774,W18,"Glimpse12 captures everything you're doing to impact student outcomes and evaluates these activities in the context of student achievement.

Traditionally, eROI is virtually impossible to track and manage. The company's approach maximizes district's education return on investment (eROI) by providing answers to critical questions essential to ensure your time and money are aligned with the unique needs of your students.",United States of America,"['Education', 'Analytics']",Acquired
1766,W18,"CodeStream's IDE plugins take the pain out of code reviews. With one command, request feedback on a snapshot of your repo, including uncommitted & unpushed code, allowing you to verify that your work-in-progress is on the right track. (You can also do it the old-fashioned way by committing & pushing at the end of your dev sprint, of course)",United States of America,"['Developer Tools', 'SaaS', 'Collaboration', 'Open Source']",Acquired
1762,W18,Onederful is an API for dental insurance. Automate verifications and claim submissions across 200+ dental insurance carriers.,United States of America,"['SaaS', 'Healthcare', 'Dental']",Acquired
1759,W18,"Formerly known as Patchd Medical, now acquired by Cytovale.

Wearable technology and AI to predict and prevent sepsis outside of hospital.

",United States of America,"['Deep Learning', 'Health Tech', 'Medical Devices']",Acquired
1751,W18,"ClearBrain (YC W18) is a startup building the first self-serve AI platform for growth marketing.

We help companies automatically predict and retarget users when they are most likely to purchase. Fortune 1000 companies use ClearBrain’s automated machine learning platform to personalize experiences for hundreds of millions of user predictions - as effectively as Uber or Google.

We’re led by the founding engineers of Google Ads and Optimizely’s data infrastructure teams, and backed by investors in Dropbox, Optimizely, and AdMob. We’re a deeply technical team who value humility and customer empathy above all. As a group we’re also pretty good at bowling, D&D, and Rubik’s cubes.

We are building an advanced analytics platform with the challenge of making it accessible to a smart, capable clientele of growth experts that demands ease of use, utility, high availability and good responsiveness. You’ll join a startup environment where you'll be exposed to a variety of backend, frontend, machine learning frameworks in a fast-moving company!",United States of America,['Analytics'],Acquired
1741,W18,"Pulse is a startup building a crowdsourced knowledge marketplace for C-Suite Technology executives and the vendors that work with them. With nearly 15,000 C-Suite execs already on the Pulse platform and hundreds being added on a daily basis, Pulse is set to change how B2B decisions are made. Companies like Salesforce, Microsoft, Okta and Dialpad already rely on Pulse to turbocharge their strategy, content and marketing teams on a daily basis and as we build out our products, we are excited about what the future holds.",United States of America,"['Marketplace', 'Enterprise']",Acquired
1726,W18,"Acquired by Niantic in 2020.
Automatic game tracking, real-time leaderboards, and global chat built into every community event.",United States of America,['Gaming'],Acquired
2033,S18,"Kinside powers bookings and payments for the $648B care economy. We’ve started with child care, a $136B category that despite being an essential and evergreen service, remains an undigitized space, driven mostly by cash. ",United States of America,"['Fintech', 'Marketplace']",Acquired
2027,S18,,United States of America,"['Anti-Aging', 'Biotech', 'Therapeutics']",Acquired
2001,S18,"Shelf Engine helps businesses increase sales by accurately predicting the perfect amount of perishable goods to order, thus reducing food waste. ",United States of America,['Machine Learning'],Acquired
1966,S18,"We're a SaaS company with emphasis on Service, and we have a mission:  to improve the happiness of scientists and the quality of their research. 

HappiLabs provides a service called the Virtual Lab Manager. We offer PhD level, former scientists to help with safety and regulatory, product research, lab shopping, negotiating, purchasing, inventory, and bookkeeping. Our software tools, such as the ETA Dashboard and the HappiApp, make it easy to request purchases, manage inventory, and check-in packages upon delivery. HappiLabs also has one of the most extensive databases of product prices. These tools, and experienced humans, make us the smartest lab managers in the world.

Another way to think of us is an outsourced purchasing department and/or a personal assistant for your scientists.  

Based in Chicago, and some presence in San Francisco.

If you're a newly funded PI, a startup, small biotech, or work with purchasing as a big pharma/biotech, you can use our help.",United States of America,"['Assistive Tech', 'Smart Home Assistants', 'Warehouse Management Tech']",Acquired
1963,S18,"At Rain Neuromorphics, we envision a future where every device possesses a dynamic and continuously learning AI brain. Neural Networks are the most powerful engines behind today's AI, but simulations require massive amounts of power and time to learn all of the synaptic connections. As opposed to a simulation, our neuromorphic hardware is a physical artificial neural network, composed of spiking neurons and physical synapses. We combine unique electroceramic materials, nanofabrication techniques, and biologically plausible models of learning to create the Memristive Nanowire Neural Network (MN3), a new type of AI chip. The MN3 can possess over ten million spiking neurons per square centimeter, and uses far less power than conventional GPUs and CPUs.",United States of America,"['Artificial Intelligence', 'Hardware', 'Neurotechnology']",Acquired
1954,S18,"Impactive, backed by YCombinator and Higher Ground Labs, was founded in 2017 as a get-out-the-vote tool for Democrats. The Impactive product has since expanded to become a full-service platform allowing any campaign or cause to engage in distributed organizing.

In the 2018 midterms, volunteers contacted over 1 million voters using Impactive. In 2020, we scaled significantly to meet the demand of this unprecedented election cycle. We’ve worked with over 500 clients nationwide, and volunteers have sent over 100 million text messages on behalf of Planned Parenthood, the DCCC, SEIU, Community Change, When We All Vote, Greenpeace, and campaigns up and down the ballot. Our work has been featured in The New York Times, Washington Post, TechCrunch, Fast Company, and many more.

In 2021, Impactive will expand its platform further into nonprofit, advocacy, and additional markets. This will be an exciting time to play a critical role in helping shape the direction for what’s coming next. We will continue to prioritize our progressive values while building a feature-rich platform that will broaden our reach across the impact space.",United States of America,"['Election Tech', 'Civic Tech', 'GovTech']",Acquired
2013,S18,"A micromobility and payments company focused in Latin America with operations in Brazil, Mexico, Colombia, Chile, Uruguay, Argentina  and Peru",Mexico,"['Payments', 'Latin America', 'Mobility']",Acquired
2002,S18,"Nova centralizes digital subscriptions, data room, and ongoing investor communication in a single investor management platform for private funds.",United States of America,"['Fintech', 'SaaS', 'B2B']",Acquired
1981,S18,"Coral integrates molecular, functional, and clinical factors to create new clinical laboratory tests that predict optimal treatments for autoimmune diseases.

We have also identified a unique subpopulation of patients who do not respond to current therapies and are working towards addressing this unmet medical need.",United States of America,['Genomics'],Acquired
1976,S18,"Waiting rooms suck. Insurance and the paperwork are worse. We are a team of doctors, developers, lawyers, designers, and more working to try to fix it. Using our app, and soon the website, you can access medical care online right now and be done in 5 minutes. No insurance, video, or phone calls necessary and most visits are under $20. You can chat with your doctor anytime and anywhere.

Our services are currently available in Arizona, California, Connecticut, Florida, Georgia, Illinois, Montana, New York, Ohio, Pennsylvania, Rhode Island, Virginia and Washington, but don't worry the rest of the country coming soon. Here are the medical services we offer so far:

-   Acne Diagnosis, Treatment, and Prevention
-   High Cholesterol (Lipid) Testing and Treatment
-   Start or Refill Birth Control
-   Urinary Tract Infection (UTI) Testing and Treatment
-   Vitamin D Screening and Treatment
-   Pre-Diabetes Screening and Referral
-   Hepatitis C Screening and Referral
-   Female Condom Prescription
-   Help Quitting Smoking
-   Find Out Your Blood Type

We are adding new services every week, so if you don't see what you need let us know. We want HeyDoctor and our partner health systems to be your first stop for healthcare and be your personal medical record.",United States of America,"['Telehealth', 'Digital Health', 'Primary Care']",Acquired
1975,S18,,Germany,"['Fintech', 'Real Estate']",Acquired
1955,S18,"The Computer Science Proficiency Assessment (CSPA™) is a comprehensive standardized exam for software engineers. The CSPA assesses your technical knowledge, skills, and abilities across a broad array of topics.  We write the CSPA exam questions, software engineers take the test, and we share the results with employers and schools.

MARKETING & SALES:
We actively find software engineers to take our test, whether direct or through partnerships.  On the other side, we actively partner with employers looking to hire.

PRODUCT:
We build the exam content manage system, a proctoring framework, and autograding system, as well as a SaaS employer product to browse the candidate database.
",United States of America,"['Education', 'Recruiting']",Acquired
1951,S18,"Berbix’s mission is to enable all individuals to prove who they are and control how their information gets shared. Founded by the former engineering and product leaders for Trust & Safety at Airbnb, we empower companies to confidently answer the question: “Are you who you say you are?""​ 

This is a question many online platforms need to answer about their users. We solve that problem by offering best-in-class ID verification and proprietary fraud detection technology to our customers, which they can access through developer friendly SDKs. We serve customers in a broad variety of industries, recently raised our Series A led by Mayfield, and are actively growing our all-star team.
",United States of America,"['SaaS', 'Identity']",Acquired
1949,S18,"Scanwell Health makes healthcare more accessible through smartphone-enabled, at-home diagnostics. Scanwell's innovative approach lets people test from anywhere, skip the waiting room and get same-day results. By quickly diagnosing acute illnesses, chronic diseases and rare conditions, Scanwell accelerates the path to treatment. Our first product is the only FDA-cleared over-the-counter app that provides testing and treatment for urinary tract infections (UTIs).",United States of America,"['Health Tech', 'Diagnostics']",Acquired
1947,S18,"Connect Twitter, GitHub, Stripe, Salesforce, and more through the power of GraphQL. Acquired by Netlify in Q4 2021.",United States of America,"['API', 'GraphQL']",Acquired
1925,S18,"We help developers collaborate at scale and build better APIs. Optic’s open source tools makes it easy for developers to document API changes, review each other’s API changes during code review, and catch breaking changes before they reach production. 

**tl;dr** It’s version control but for behavior not code. We are taking the really successful ideas from Git / Code Review / CI  and applying them to API descriptions and (future) other non-code artifacts. 

Engineers at [Snyk](https://snyk.io/) use Optic daily to make the new Snyk API great. Read their engineering blog: [Snyk's shift left approach to API development | Snyk](https://snyk.io/blog/snyk-api-development-shift-left/)",United States of America,"['Developer Tools', 'Open Source']",Acquired
1909,S18,,United States of America,"['Media', 'Advertising']",Acquired
1902,S18,Lowkey was acquired on 11/30/2021 :),United States of America,"['Gaming', 'Social']",Acquired
1888,S18,"At Phiar, we are building the first AI-powered AR navigation driving software solution that runs on a smartphone and in-vehicle displays, utilizing our ultra-lightweight road understanding AI that runs completely at-the-edge, in real-time, all on just a smartphone-level compute.

Our mission is to enhance driving safety, facilitate more intuitive wayfinding, and connect drivers with their surrounding environments.",United States of America,"['Artificial Intelligence', 'Machine Learning', 'Augmented Reality']",Acquired
1883,S18,"Allotrope Medical is a Houston-based medical device company founded and run by the surgeon that created the technology.

Our platform stimulation technology gives physicians control over the natural movements of the urinary and digestive systems. This control over smooth muscle tissues allows the surgeon to identify hidden anatomic structures (ureters, sphincters and others), determine tissue health, and even assist in diagnosing disease states. The technology is delivered through the surgeon's existing instruments (which have remained unchanged in over 30 years) giving a completely new capability to the surgeon while maintaining seamless workflow integration.

With an $600M (and growing)  initial market, the technology is future-proof and is readily able to be integrated into the continued advancements in the surgical space.",United States of America,"['Hardware', 'Robotic Surgery', 'Medical Devices']",Acquired
12356,W19,"Memfault is the first IoT reliability platform that empowers teams to build more robust devices with software at scale. We believe that device reliability engineering will transform how developers build and operate IoT and edge devices with more productivity and more collaboration. As IoT applications continue to grow in complexity, it is more important than ever for developers to have Memfault’s performance monitoring, device debugging, and OTA update capabilities built into their fleet of devices for proactive device operations. We built Memfault to enable developers with a more scalable and sustainable process to accelerate go-to-market, de-risk product launches, cut product costs, and deliver overall superior products.",United States of America,"['Developer Tools', 'SaaS', 'IoT']",Acquired
12244,W19,,Brazil,"['Auto Commerce', 'Mobility']",Acquired
12012,W19,"Atomic Alchemy is building a bank of reactors to produce the nuclear material that goes into nuclear medicine. Radiopharmaceuticals are vitally important in biological tracers, diagnostic imaging, and cancer treatments.

Currently, the world's supply of Molybdenum-99, the cornerstone of 80% of all nuclear medicine procedures, is sourced from just six government-run, scientific research reactors abroad. Five of these reactors are 45-65 years old and are quickly coming to the end of their operational life. This has cultivated a fragile and lengthy supply chain, at odds with the nature of radioactive material.

This issue and its implications do not just effect molybdenum, but any other reactor-based isotope. Many promising cancer therapies are stuck in clinical trials, unable to secure enough material in a timely manner. Research doesn’t even happen because of the difficulty of sourcing any new isotopes.

It doesn't have to be this way. Atomic Alchemy is working to solve this by building the world's first scalable radioisotope production facility. This facility will contain the world’s first privately-owned nuclear reactors dedicated to radioisotope production.",United States of America,"['Hard Tech', 'Small Modular Reactors', 'Medical Devices']",Acquired
11967,W19,Ascen is a back office platform and employer of record for staffing firms.,United States of America,"['SaaS', 'B2B', 'Compliance', 'HR Tech']",Acquired
1898,W19,,United States of America,"['Artificial Intelligence', 'Machine Learning', 'SaaS']",Acquired
12391,W19,"What used to be an integral part of the American Dream, or at least a check mark on the way to adulthood, is now well beyond reach for many of us. And nobody bears the brunt of the current housing crisis more than young folks, who, compared to their parents and grandparents, find themselves saddled with more debt and in possession of fewer assets.

But it doesn't have to be this way.

At ZeroDown, we're driven by the radical idea that professionals with steady jobs and healthy finances should be able to afford homes - even in San Francisco. That's why we've come up with an alternative to the rent-or-own dilemma, offering the benefits of homeownership with the flexibility of renting. Here's how it works:

1. ZeroDown buys your home
Choose any home on the market. We'll make an all cash offer on your behalf.

2. Build towards ownership
A portion of your payment goes toward building ownership in your home.

3.You control when you buy
Put the purchase-credits that you've built up towards buying your home from ZeroDown.",United States of America,"['Real Estate', 'Housing']",Acquired
12372,W19,"Our product significantly reduces the amount of time and manual labor necessary for those that are tasked with managing these contests. We give them the easiest tools to manage, track, and communicate with 100s or 1,000s of players.",United States of America,"['Sports Tech', 'Gaming']",Acquired
12366,W19,"Catch makes it easy for anyone who doesn't get benefits from an employer to set up and manage their own benefits package. We automatically withhold from each paycheck for tax withholding, time off, savings and retirement. We also help you find and enroll in the right health insurance plan and keep your premium payments on track. By connecting to your existing bank account, we monitor when you get paid, and act on a plan that can help keep you covered no matter what life throws at you. ",United States of America,"['Fintech', 'Consumer', 'Health Insurance']",Acquired
12344,W19,"In a transaction powered by Board, sellers and agents are doing business with Board -- not the buyer.  We act as an intermediary buyer of a home, using our cash to buy homes for the 80% of homebuyers who need and qualify for a mortgage. By removing the lender from real estate transactions,  sellers and agents to close in as little as 2-3 days and buyers can lock-in their homes of choice at the best possible price before closing on their mortgage. 

With Board, buyers can ""Buy Now. Mortgage Later"" so everyone can have a cash deal.  

We differentiate ourselves from others in the ""iBuyer"" market by allowing anyone to have an all cash deal as opposed to buying, fixing and flipping properties for ourselves (e.g. Opendoor, OfferPad...etc). Board works directly with national lenders to evaluate the creditworthiness of buyers upfront and will use a short term credit facility to facilitate the purchasing of homes. 

",United States of America,"['Fintech', 'Real Estate']",Acquired
12275,W19,"WorkClout is enabling industrial labor to perform to their highest potential. 

WorkClout is a tool that helps industrial Operations & HR Teams make better decisions to improve production efficiency. WorkClout's SaaS tool centralizes on-the-job employee training, troubleshooting, safety/quality procedures, knowledge building, and performance tracking.",United States of America,"['Industrial Workplace Safety', 'SaaS']",Acquired
12271,W19,"Allure Systems was Acquired by Farfetch (NASDAQ: FTCH) in Dec 2021. AllureSystems uses generative A.I. to create stunning apparel images for eCommerce. Allure works with leading fashion retailers to improve conversion rates by creating images that resonate with their clients in a scalable and cost-effective way. 
With a single photo of clothing,  a brand can produce unlimited images, on any model, instantly.  The ability to show styles on models in every size increases conversion rates and wow the customers. Without needing models or photographers on-site, brands can produce images for their product page at scale.
",United States of America,"['Generative AI', 'Computer Vision', 'E-commerce', 'AI']",Acquired
12260,W19,"AXDRAFT analyzes patterns in your legal documents and transforms drafting process from erroneous and time consuming copy and paste to a mistake-free simple Q&A. The average time to draft a document with AXDRAFT is less than 4 minutes.

On top of this AXDRAFT allows to integrate data into the document from public registers and your internal databases, eliminating the need to double check every data input.

Data validation, e-signatures, access control, document id, visibility and personal accountability for drafted documents. All of this is possible with AXDRAFT.

45 corporations using AXDRAFT reduce time spent on drafting legal documents by up to 90% and shorten their approval cycles by up to 4 days.

Both of these improvements mean more deals and better financial results for your company every quarter.

And the best part is that from the moment we sign the contract AXDRAFT can be up and running in 2 weeks.

Few case studies are available here: https://www.axdraft.com/customers",Ukraine,"['Machine Learning', 'SaaS', 'LegalTech']",Acquired
12241,W19,"Shiok Meats is a cell-based clean meat company, exclusively working on seafood. Shiok Meats is the first cell-based meat company in Singapore and SE Asia and we employ cellular agriculture to grow seafood meat in the laboratory using cells instead of animals. Shiok in Singapore English slang means fantastic and enjoyable. Our meats are animal-, health- and environment-friendly with the same taste, texture and nutrients, but no cruelty. Our mission is to bring delicious and healthy meat by harvesting from cells instead of animals. ",Singapore,"['Climate', 'Cultivated Meat']",Acquired
12239,W19,"Slapdash brings all your apps together in one place to give you new superpowers. 

It's a new type of tool that makes modern computer work less tedious and more fun. It's just one neat trick: we make your workflow insanely fast.

We have built a low-latency, file-system for your cloud apps as well as the fastest interface in the world to drive it: the Command Bar.",United States of America,"['Developer Tools', 'Productivity']",Acquired
12238,W19,Seawise Capital is a trade finance company for Indian exporters. We provide SME's working capital against the strength of their international customers. We are able to provide these businesses with collateral-free capital by discounting invoices from their large overseas customers.,India,"['Finance', 'India']",Acquired
12078,W19,"Cocoon actively brings your most important groups closer together. It provides a private space to gather, the tools you need to keep each other close, and helps you keep writing your ongoing story as a unit.",United States of America,"['Team Collaboration', 'Collaboration']",Acquired
12038,W19,,United States of America,"['Smart Home Assistants', 'IoT']",Acquired
12034,W19,"Askdata lets users interact with data through natural language. 

1. Users can connect their Apps and Data.
2. Start making questions like ""Show me revenue for 2018""
3. Receive personalized data insights.",United States of America,['Artificial Intelligence'],Acquired
12031,W19,,United States of America,"['Payments', 'Infrastructure']",Acquired
12014,W19,,United States of America,,Acquired
12009,W19,Visly is building a next generation design tool initially aimed at front-end engineers. We believe that with the proliferation if component driven software design and popularity of universal design systems it is the perfect time to build a tool like Visly. We enable engineers and designers to collaborate in a single tool and create high quality components that can be directly imported into code using existing tooling developers are used to. Compared to many other design tools we know that the secret to getting this to work well is building a tool engineers will love and building trust with the engineering community. Otherwise these components will never make it into a production code base.,Remote,"['Developer Tools', 'Design Tools']",Acquired
12002,W19,"Forage is changing the world of career discovery and skill-building.

We partner with leading companies to create online job simulations for college students to build skills, gain experience and better understand different career paths. Our free digital learning simulations simulate a 'day in the life' of a junior employee, giving students the chance to complete hypothetical tasks, learn from employees and understand which roles are aligned with their interests and skills.

We believe 'talent is distributed evenly, but opportunity is not'. Our programs let the world's most iconic employers to open their doors to students from all backgrounds, regardless of where they are located, what they study and what university they go to. Employers use these simulations to attract, and ultimately hire, exceptional and high-intent candidates from broad and diverse audiences. 

There are now +4m students in the Forage community, and we currently run job simulations with leading organizations including GE, BCG, HSBC, Goldman Sachs, Lululemon, EY, Accenture, Latham & Watkins, JPMorgan Chase & Co, Citi, BNY Mellon, Prudential, Verizon, Bloomberg, Oliver Wyman, HPE, KPMG, Deloitte, and others.",United States of America,"['Education', 'SaaS']",Acquired
11985,W19,Academic operating system for higher education institutions. $100m investment from JMI.,United States of America,"['Education', 'SaaS']",Acquired
11972,W19,,United States of America,"['SaaS', 'Proptech', 'Enterprise']",Acquired
11966,W19,"Windsor brings AI and deepfake tech to video personalization.

We create personalized videos at scale - where someone can record a single video of themselves talking to a camera, and then send millions of these to customers with unique names, at unique companies and different locations around the globe. Each video will look and sound like it was personally recorded.",United States of America,"['Artificial Intelligence', 'SaaS', 'B2B']",Acquired
11965,W19,"PreFlight is a No-code web testing tool for anyone. Preflight is 20x faster than writing Selenium and Cypress tests. Maintaining Selenium/Cypress tests is also a big challenge. Preflight solves this problem by understanding how users understand any page and adapt to the changes and update the selectors if the test passes.

It's also super easy to set up end-to-end tests that depend on each other with Preflight's Workflow feature. You can orchestrate which test should run after another.

Creating API tests has never been so easy. Preflight prepopulates API tests from UI tests' network calls. So, you can set up API tests in minutes. ",United States of America,"['Developer Tools', 'SaaS', 'B2B']",Acquired
11938,W19,"Manage your money like a Fortune 500 company, whether you are about to IPO or still working in a garage. Dealing with financial institutions is painful. Yet it’s critical to keep your corporate cash safe & earning a reasonable rate of return. InterPrime helps you do that.

InterPrime helps you
1. Keep your cash safe
2. Earn a reasonable rate of return on your money
3. Assure your investors that you will responsibly steward their capital

More details at www.interprime.co",United States of America,"['Fintech', 'Investments']",Acquired
11937,W19,,United States of America,,Acquired
11931,W19,"**GENERAL**
Geosite is an enterprise SaaS platform for spatial data. Through pairing a marketplace with integrated data management and collaboration tools, Geosite enables customers to leverage spatial data for more rapid and accurate planning and operations. This platform is a dual use technology for both commercial and military customers.

//

**SPACE PEOPLE**
Geosite is a cloud-based platform creating a comprehensive repository of geospatial data, such as satellite imagery, through the aggregation of public and commercially available data, providing market-wide ability to rapidly search, select, purchase, assemble, and manage data sets. This will not only create the most comprehensive and exhaustive marketplace for geospatial data and analytics, but also build the underlying data infrastructure for the geospatial industry. This marketplace, for both analytics and data, will enable customers from Oil and Gas companies to US Special Operations to access and consume data from many sources for greater operational efficiency and safety. 

//

**O&G PEOPLE**
Geosite is a data platform for Oil and Gas companies that allows customers to bring together their data for a clearer picture of the world. Over 80% of information has a spatial component to it, rarely is this being leveraged to add to the bottom line for Oil and Gas companies. With the proliferation of satellites and distributed sensors (IOT), we are at a juncture of immense opportunity for Oil and Gas exploration to reach an operational efficiency that was impossible only a few years ago. Geosite allows for cutting edge logistics planning and operational tracking to increase safety and productivity. ",United States of America,"['SaaS', 'Geographic Information System']",Acquired
11928,W19,"We connect applications to drive more orders and better customer experiences for restaurants. The typical restaurant now uses more than two dozen different applications to run their business. Specifically, we connect, warehouse and route the data to improve analytics, marketing, operations and finance.  Our customers include brands like Frank Pepe’s, Halal Guys, Wings Over and more.",United States of America,"['Restaurant Tech', 'CRM']",Acquired
11921,W19,,United States of America,"['Security', 'Cybersecurity']",Acquired
12705,S19,"Software that simplifies electric grid forecasting and operations. Clients--hard assets like wind, solar and energy storage--get timely, unbiased information to improve revenues, reduce risk, and maximize the profitability of every megawatt.

Gaiascope also manages a quant fund trading electricity; with this fund, the company builds additional credibility with clients and accelerates the continuous improvement of its software.",United States of America,"['Climate', 'Energy', 'ClimateTech']",Acquired
12626,S19,"From borders and bureaucracy to openness and simplicity. With Localyze, we’re reimagining how people move for work by bringing together seamless technology, transparency and unrivalled service. We believe in freeing talent from borders, so we’re building a centralised platform for a decentralised world. A world where companies can hire from everywhere — and people can work and live where they want to.",Germany,"['SaaS', 'Human Resources', 'Immigration']",Acquired
12550,S19,Helping product builders to listen to users at scale so they can make something people want.,United States of America,"['Artificial Intelligence', 'Generative AI', 'B2B', 'NLP', 'AI']",Acquired
12549,S19,be intentional with your time,United States of America,"['Artificial Intelligence', 'Data Engineering', 'AI Assistant']",Acquired
12425,S19,"Targeting companies with 500+ employees, Together helps Learning and Development teams run a best-practice mentoring program for employees. It captures everyone's areas for development and goals, matches them with the most relevant mentor within their company, and guides and tracks relationships. Integrating with Outlook, Gsuite and other enterprise tools, it is designed for the professional user. ",Canada,['SaaS'],Acquired
12728,S19,"Why did we pick this idea to work on? 
India is a country with 200 mln vehicles (about the same number as USA) but one third the number of gas stations(60K) as compare to USA(160K), The consequence of odd number of fuel stations is long queues of vehicles at the gas stations to fill up, heavily congested Indian roads make it worse. Opening of 100K new fuel stations is practically & economically impossible in urban localities due to rocketing high land prices. And that's how the idea of mobile refueling was conceptualized by founders. Literally ""bringing the gas stations to doorsteps"". The problem of buying fuel is much more alarming in large volume consumer segments such as Vehicle fleet users like schools, cab rentals, freight logistics operators , tours and travels operators, hospitals, hotels, real estate etc who burn huge amount of dead mileage & loss of productivity while sending all fleet vehicles to gas stations to fill up. Additionally, India has a unique problem of Electricity blackouts. Current avg. is less than 18 hours of a day of electricity in Indian metro cities, which causes more than 20 mln household and commercial buildings running on backup generators which require Diesel. They cant bring the generators to gas stations either therefore they buy Diesel in jerry cans or barrels and transport unsafely. Our solution is solving the desperate & daily need of Indian consumers along with convenience.

Do we have domain expertise in this area? 
Founder is ex veteran of Shell with 9 years of global experience, has complete understanding Oil marketing business.

How do you know people need what you're making? 
We have over 5000 registred large volume customers who are waiting to be served. With our limited number of refueling vehicles ,we could serve max 1200 customers currently. We got all these customers without spending a penny in marketing and promotion. Zero sales efforts. Additionally, we have received over 400 franchisee requests across India where people want to offer mobile refueling service their town validating the demand.",India,"['Logistics', 'India']",Acquired
12710,S19,"Wingman is a software for sales teams that listens to sales calls and automatically surfaces suggestions to sales reps in real-time. The sales calls are also transcribed and analysed for postmortems, reviews and coaching. ",India,['SaaS'],Acquired
12669,S19,Data Mechanics was acquired by NetApp in 2021 and integrated in the Spot.io product portfolio. Our managed Spark-on-Kubernetes platform is live and running under the name Ocean for Apache Spark: https://spot.io/products/ocean-apache-spark/,France,"['SaaS', 'B2B', 'Open Source', 'Data Engineering']",Acquired
12655,S19,Compound empowers people who work in tech to make better financial decisions so they have the freedom to focus on what matters most. ,United States of America,['Fintech'],Acquired
12654,S19,,United States of America,"['Payments', 'Identity']",Acquired
12628,S19,"FeaturePeek creates supercharged deployment previews of your frontend that you can share to quickly get feedback on your implementation in progress. A drawer overlay is added on top of your site that makes it easy for your reviewers to take screenshots with annotations, capture screen recordings, leave comments, create tickets on popular bug-tracking platforms, and more. You get this functionality just by deploying to FeaturePeek — no dependencies or code changes needed.",United States of America,"['Developer Tools', 'SaaS']",Acquired
12627,S19,"TaxProper is an enterprise SaaS solution that acquires real-time property tax data, encodes local tax rules, and contains all of the operational workflows associated with property tax management. Our core products automate property tax payments, forecast future property tax liability, and help large real estate operators manage their property tax appeals.",United States of America,"['Fintech', 'SaaS', 'Real Estate']",Acquired
12599,S19,"Sable is a digital banking platform and the only full-suite banking solution for internationals in the U.S., providing U.S. bank accounts, debit and credit cards. Newcomers to the U.S. can open a Sable account within five minutes, and start building their U.S. credit history from day 1, all without the need of an SSN or prior U.S. credit history. The Sable app is available on iOS and Android.",United States of America,['Fintech'],Acquired
12591,S19,"As easy and flexible as a spreadsheet, as powerful as a BI tool",United States of America,['SaaS'],Acquired
12584,S19,"Bring your data from various sources, process it, send it to a destination of your choice (and repeat all of that in a few clicks every day/week/month)",United States of America,['Analytics'],Acquired
12580,S19,Acquired by Penumbra (NYSE:PEN).,United States of America,"['Hardware', 'Neurotechnology', 'Medical Devices']",Acquired
12573,S19,,United States of America,['Data Visualization'],Acquired
12542,S19,"Palifer decreases unplanned failures and increase schedule compliance by extracting insights from your historical logs.

https://patents.google.com/patent/US11256757B1/en",United States of America,['AI'],Acquired
12530,S19,We build software to help restaurants manage their third-party delivery online orders.,Canada,"['SaaS', 'Food Tech']",Acquired
12509,S19,"Every company wants to use data to make informed decisions, and SQL is the lingua franca for data. However, data collaboration is broken. People are rewriting each other's queries, switching apps to visualize their data, and copying/pasting SQL into Slack.

PopSQL solves this by creating a beautiful, fun way to write SQL, visualize data, and share results. The product is loved by data teams from over 2000 companies including DoorDash, Shipt, Redfin, and Optimizely. What we've built so far is just the beginning. Join us and build a great product, a great culture, and a great company 🚀",United States of America,"['Developer Tools', 'SaaS', 'Analytics']",Acquired
13525,W20,"PowerX AI powered sensors create proprietary data to save corporations 30% or more in energy, water and emissions. ",United States of America,"['Machine Learning', 'IoT', 'Climate', 'Energy']",Acquired
13211,W20,"Metaplane ensures everyone trusts the data that powers your business. Data teams at Bose, Ramp, and Klaviyo use our data observability platform to prevent and detect data issues — before the CEO pings them about weird revenue numbers.

We do this with ML-based anomaly detection, end-to-end column-level lineage, and tools to help prevent incidents before they occur. You can monitor your entire data stack within 30 minutes.

The company is backed by Khosla Ventures, Y Combinator, and the founders of Okta, HubSpot, and Vercel.",United States of America,"['Developer Tools', 'SaaS', 'Data Engineering']",Acquired
13145,W20,"Dashworks is where work begins. Where all your documents, messages, tickets, and other knowledge scattered across your company's apps and people come together seamlessly. And where you and your team can get on the same page, and get things done.",United States of America,"['SaaS', 'AI']",Acquired
13507,W20,"CrowdForce is an app that allows any local merchant in Africa, starting with Nigeria to become a bank branch within minutes. ",Nigeria,['Fintech'],Acquired
13503,W20,"Checkars removes the hassle and lack of trust from used-car transactions. With over 1000 transactions in first 18 months and NPS >85, we are confident we are offering customer the best possible experience to buy or finance a car. ",Argentina,"['Fintech', 'Marketplace']",Acquired
13501,W20,"Sayana is a mental wellness app that helps people track their thoughts and feelings daily, get relevant tips on how to cope with emotions, and match with people in a similar life situation.",United States of America,['Mental Health Tech'],Acquired
13484,W20,Hent is helping land lot developers to better manage their sales receivables and streamline their processes by securing access to capital and connecting all the stakeholders involved.,Brazil,"['Fintech', 'Proptech']",Acquired
13475,W20,"delt.ai is building a specialized digital financial service for businesses in Latam, set to tackle the +450B Market of business payments in Mexico. delt.ai is a natively digital alternative to a bank, born with payments gateways and API integrations. Its truly digital KYC-compliant onboarding allowed us to be the first opening first branchless accounts in the country. We target poorly served Startups and SMEs therefore focusing on the ~40B market opportunity that are profitable when served fully online.",Mexico,"['Fintech', 'B2B']",Acquired
13354,W20,"We are building a collections and reconciliation platform for MSME's in India. In India, reconciliation is largely manual and error prone due requiring manual matching of bank statements with Invoices. In my last role, I used to head product for PayU, India #1 Fintech firm. I would love to connect with other Fintech founders building solving similar problems and in the neobanking space

",India,"['Fintech', 'B2B']",Acquired
13341,W20,"Swifter offers a suite of payments solutions, including ACH, tailored to the unique needs of the cannabis industry. Standalone dispensary, MSO, or a marketplace, use Swifter's software and APIs to accept payments, send payouts, and supercharge your growth. 
",India,"['Fintech', 'B2B', 'Retail']",Acquired
13340,W20,"Able is a career app for pre and early professionals. Professionals can build their profiles, apply for jobs, prepare for interviews and get upskilled with our training programs.",India,"['Consumer', 'India', 'Edtech']",Acquired
13315,W20,"Cron (acq. by Notion) is the next-generation calendar app for professionals and teams, making modern work more efficient and joyful. Our mission is to help spend time wisely through well-crafted software that streamlines workflows, integrates other productivity tools, and builds collaboration right into the core experience. In everything we do at Cron, we believe that time is our most precious resource. ",United States of America,"['SaaS', 'Productivity', 'Calendar']",Acquired
13238,W20,"Let AI turn your ideas into a website in minutes. Get content, structure, and style done for you, ready to edit and publish instantly.",United States of America,"['Generative AI', 'SaaS', 'Design Tools']",Acquired
13236,W20,"Savvy is a health benefits product offering employees payment cards to buy their own health insurance. One of the first to market after new regulation, Savvy scaled to $10s of millions in volume and expanded into all 50 state health insurance markets. Savvy was backed by Y Combinator, Marc Andreessen, and the founders of One Medical and Indeed. In 2022, the company was acquired by Take Command, the leading incumbent in the health insurance HRA space.",United States of America,"['Fintech', 'Healthcare', 'Health Insurance', 'Insurance']",Acquired
13219,W20,"Who we are?
We write software that understands the activity of individual cells as opposed to all cells. This approach is novel because we are no longer looking at average signals and can be precise. It is like a police person trying to identify the speeding car, they won’t find it if they look at all the cars at once, rather they need to look at the speed of each individual car. This is the beauty of single cell genomics, we can now identify that speeding car.

Why now?
The biggest barrier for entry into the single cell genomics market are cost and data analysis. To that end, we have reduced the cost by 10-fold and built the computational infrastructure for scalability. Although single cell sequencing has only been around for about five years, we come from one of the top single cell genomics labs and were the first to process and analyze millions of immune cells. Thanks to our software solutions, we have been able to bring big data solutions to the immune system.

Where are we and where are we going?
We have generated a database of over 1 million immune cells spanning healthy, cancerous, and autoimmune immune cells and are growing through paid partnerships. Harnessing out database and ML software, we can take a data-centric approach for better target discovery. Fortunately, as our database continues to grow, our models will continue to learn for more precise, unbiased, and automated single cell genomics.

Thank you! ",United States of America,['Genomics'],Acquired
13198,W20,"Talyn is making long-range electric vertical take-off and landing (eVTOL) aircraft for cargo.  We get fixed-wing performance with VTOL capability by making an electric fixed wing aircraft that is caught mid-air with a custom winged drone, enabling it to take-off and land vertically.",United States of America,"['Air Taxis', 'Airplanes', 'Logistics', 'Climate']",Acquired
13160,W20,We help warehouses schedule trucks.,United States of America,"['Scheduling', 'Logistics']",Acquired
13157,W20,Weav is building the digital infrastructure to connect small businesses with financial institutions.,United States of America,"['Payments', 'API']",Acquired
13156,W20,"Deeply engage groups of 4 to 400,000 through 1-on-1 video chats. Match back to back for round-robin chats or use typed rooms for enhanced pairings. Play games, take pictures, and more!",United States of America,"['Community', 'Social']",Acquired
13146,W20,,United States of America,"['Entertainment', 'Video', 'Media', 'Live']",Acquired
13110,W20,"Flowdash makes it easy to build semi-automated workflows with no code. We recognize that many business processes today simply can't be fully automated and require human intuition. But there's no reason they need to be fully manual either. With Flowdash, teams can build custom tools to manage their internal processes, leveraging automation where it makes sense, and weaving in human intuition when needed.",United States of America,"['SaaS', 'B2B']",Acquired
13100,W20,,United States of America,"['Artificial Intelligence', 'Fitness']",Acquired
13095,W20,"Hoss is a developer experience platform that gives teams the essential tools they need to deliver a world-class customer experience. API-driven companies like Xendit, AssemblyAI, and Zentail trust Hoss to help them better acquire, understand, and support their customers. With Hoss, teams can offer superior documentation and developer content, gain deep visibility into how customers are using their API, monitoring third-party APIs, and provide robust and customizable developer dashboards. Hoss is backed by top investors like Y Combinator, Liquid2, FundersClub, and Soma Capital.",United States of America,"['Developer Tools', 'SaaS', 'B2B']",Acquired
13079,W20,"About Us
Volumetric is a recognized world leader in building living multicellular tissues, with a focus on replicating discrete functions of the human body for basic mechanistic biology, laboratory testing and screening, and drug development. Founded in 2018 by Bagrat Grigoryan and Jordan Miller as a spin-out from Rice University, the full potential of our work is to build whole human organ replacements for patients, made from their own cells.

Our Technology and Approach
We have invented a suite of breakthrough 3D bioprinting technologies, featured on the cover of Science, that can build human tissue with complex blood vessel networks. We are leveraging this technology in the short term to build patient-specific tissues for drug safety and efficacy testing. Patient cells are taken from a biopsy, added to our proprietary 3D printed tissues, and then drug compounds are injected through the blood vessel network to mimic actual drug delivery in humans. Our vision is that our technology will provide rigorous, reproducible, and predictive outcomes for patients, resulting in drastically improved outcomes for diseases like cancer. More broadly, we see the full potential of our mission as being able to produce functional tissue and organ replacements for diseased or damaged vital organs in the body such as the lung, liver, pancreas, kidney, and heart.
",United States of America,"['Biotech', 'Healthcare']",Acquired
13075,W20,,United States of America,"['Analytics', 'DevOps']",Acquired
13074,W20,,United States of America,"['Artificial Intelligence', 'SaaS']",Acquired
13052,W20,"Zaraz makes any website 40% faster with a single line of code, by optimizing how it loads third-party tools. This results in 2x conversion rates and better SEO rankings.",United States of America,"['SaaS', 'B2B']",Acquired
22353,S20,"Brevy is an AI chatbot that uses large language models to resolve eCommerce support tickets with human level accuracy at a fraction of the price.
",Remote,"['SaaS', 'B2B']",Acquired
22141,S20,"Trust Center Platform

SafeBase Trust Center enables Security teams to proactively share and automate access to security, compliance, and privacy information/ complete security questionnaires.
",United States of America,"['SaaS', 'Productivity', 'Cybersecurity']",Acquired
22008,S20,"ML models are only as good as the datasets they're trained on, and that means that most improvement to model performance comes from improvement to the quality and diversity of their datasets.

Our tooling makes it easy for ML teams to find anomalies + failure patterns in their datasets and fix these problems by editing / adding the right data. So the next time you retrain your model, it just gets better.",United States of America,"['Deep Learning', 'Developer Tools', 'Generative AI', 'Machine Learning', 'AI']",Acquired
21906,S20,"Webapp.io's custom hypervisor makes webapp CI/CD, E2E testing, and preview environments as simple as writing a Dockerfile.

If your team is building a webapp + using github/gitlab/bitbucket, please reach out!",Canada,"['Developer Tools', 'SaaS', 'B2B']",Acquired
21856,S20,"Charityvest is the modern donor-advised fund, for individuals and corporations.
- Make tax-smart contributions of cash, stock, crypto, equity and more to your DAF.
- Invest your charitable balance for tax-free growth with low-cost ETFs.
- Send grants to 1.4 million charities with a few clicks.
- Receive one tax receipt for all of your giving.",United States of America,"['Fintech', 'SaaS', 'Nonprofit']",Acquired
21787,S20,,United States of America,"['Payments', 'Scheduling']",Acquired
21767,S20,"At Command AI, we believe in a world where the internet “just works” for every visitor, customer, and user. As the internet has become more powerful and crowded, it has become harder for everyone to use. And the solutions we’ve come up with to date — like irritating chatbots and pestering popups — end up being ignored or even annoying users more than they help.

We sell tools to software builders and buyers to help them make their software better for users.

We call this as our User Assistance Platform, and it comes in 2 pieces:
- AI Agent — an AI chat agent that can answer users questions, perform actions for them, and even co-browse with them to teach your interface.

- Nudge Platform — AI-assisted nudges, hints, and messages to guide users in personalized ways that don’t annoy them. We do this by optimally delivering nudges based on in-product behavior not just static rules as well as measuring measuring and the extent to which users “rage close” nudges to avoid pestering them. A replacement for legacy Digital Adoption Platforms

User assistance translates into concrete outcomes like improved engagement, feature adoption, conversion, and retention, all while decreasing low-value support tickets.

We’re used by teams like HubSpot, HashiCorp, Yotpo, Thryvv, and Freshworks.",United States of America,"['SaaS', 'B2B', 'Chatbot']",Acquired
19888,S20,"Altro (altro.io) is a platform that enables members to build credit no matter who they are, where they are from, or their history of credit access/score. We serve the 68M people in the US (mainly Women and POC) who are denied credit due to historical bias and the lack of access that current banks provide to credit building and tools. (It wasn't until The Equal Credit Opportunity Act in the 1970's that Women and ""Minorities"" could even get fair access to credit)!


Altro has created a mobile that allows anyone to have access to credit, using their subscriptions as a means to start building their credit score. Altro lends to members a $75 Line of Credit to pay for their subscriptions, such as Netflix, Hulu, HelloFresh, etc. This card is built to solely work on the subscriptions that the member is already paying for, allowing them to securely use their $75 credit to build their credit using things they are already paying for.

Doing this empowers folx who were denied credit a way to start building their score and financial power. Altro will service millions of people in not only building their credit, but also gaining access to the tools (such as personal loans, emergency funds, car/house loans and more) that they could not access prior.",United States of America,"['Education', 'Fintech']",Acquired
13090,S20,Ladder is a recruiting platform for the construction trades. ,United States of America,"['Marketplace', 'Construction']",Acquired
22269,S20,"[Hellosaurus](http://www.hellosaurus.com) is an interactive video platform for kids filled with stories they can actually play instead of just watch. Top kids media creators and popular YouTube stars are already making content for our platform and transforming screen time into an active and fun experience. 

Hellosaurus is developing software tools for creators of high-quality kids programming to make truly participatory shows and a single distribution platform to share these creations with families everywhere. Experts in early childhood education have long stressed the importance of play for healthy cognitive and social development, and Hellosaurus supports this by empowering content creators to build enriching, interactive shows that engage kids as active participants rather than passive viewers.",United States of America,"['Education', 'Entertainment', 'Kids']",Acquired
22260,S20,"We built a new style of text editor from the ground up to better support creative thinking. Clover lets you explode traditional, linear documents into an infinite ""surface"" for a more intuitive, visual way of note-taking, brainstorming, mind-mapping, and managing tasks.",United States of America,"['Productivity', 'Note-taking']",Acquired
22252,S20,"Reflect is a no-code tool for automated website testing. Instead of building and maintaining complex Selenium tests, companies use Reflect to run automated end-to-end tests without writing code.",United States of America,"['Developer Tools', 'SaaS', 'B2B', 'No-code']",Acquired
22250,S20,,Mexico,['E-commerce'],Acquired
22238,S20,"Nestybox creates software that enables Linux containers to act like virtual machines. This increases the use cases for containers and gives enterprises a less expensive and more flexible alternative to virtual machines in many scenarios. 

Our first product is a ""container runtime"", the software that creates the containers. It's called ""Sysbox"" and integrates with the popular Docker and Kubernetes engines, enabling these tools to deploy containers that act like virtual machines. 

This technology provides software engineers with an alternative to VMs, one that easier to use, much more efficiency, and easily migrated across clouds.

Hacker News Launch: https://news.ycombinator.com/item?id=24084758",United States of America,"['Developer Tools', 'DevSecOps']",Acquired
22228,S20,"Fancy (acq. Gopuff) is an on-demand grocery delivery company based in the UK. We deliver snacks, drinks and more in under 30 minutes.",United Kingdom,"['Grocery', 'Delivery']",Acquired
22101,S20,"Together transforms the way kids and grown ups participate in a video call by providing educational activities, books and interactive games that can be played while video chatting. ",Spain,"['Education', 'Entertainment', 'Gaming']",Acquired
22063,S20,"Cohere resolves 40-70% of support requests using AI, over all channels, within just a few days.",United States of America,"['Artificial Intelligence', 'Automation']",Acquired
22055,S20,"Drapr lets shoppers try on clothing, online. Apparel brands use Drapr to make more money online. ",United States of America,"['SaaS', 'E-commerce', 'Retail Tech']",Acquired
22042,S20,"Sameplan is a customer-facing collaboration tool that enables sales teams to align with prospects, increase efficiency, and close more business. Enterprise deals can be very complex, rather than managing these high-value relationships over email, Sameplan acts as the central hub for the deal. ",United States of America,['SaaS'],Acquired
21997,S20,Clew lets employees see and organize files across their work apps from one place. ,Canada,"['SaaS', 'B2B']",Acquired
21996,S20,"We help companies to give local and remote employees flexible benefits and perks, no matter geography.
A virtual card with benefits to pay for flexible perks for local and remote teams worldwide. Companies define budget, choose the programs of perks as general or granular as they decide, deploy money and give employees the power to decide the merchant. Company has total control, just one bill. Employees choose what they really need and want.",Mexico,"['Fintech', 'SaaS', 'B2B']",Acquired
21957,S20,KeyDB is a fast key value database that combines in memory caching and FLASH persistence in a single package.,Canada,"['Open Source', 'Databases']",Acquired
21917,S20,"As organizations around the world continue to rapidly adopt SaaS applications as the way they run their businesses, many are left without a way to manage the security of those same applications.

Corporate IT and security teams are left asking questions like:
- How will I know if someone shares a sensitive Google Doc publicly?
- What if one of our employees doesn't have two-factor authentication enabled in Zoom?
- Will I know when a new user is added to Slack?
- What happens if our Salesforce minimum password setting isn't strong enough?

With Vectrix's easy-to-use SaaS security scanning, organizations everywhere can quickly identify security issues and risks like these across their entire suite of SaaS apps, including Google Workspace, Microsoft 365, Slack, Zoom, GitHub, and more.

When new issues arise, IT and security teams can be alerted in real-time so that further action can be taken right away.

Founded by former security professionals from Autodesk, Vimeo, and PlanGrid, Vectrix is committed to providing teams of all sizes an efficient and reliable way to stay secure in the public cloud.

Get started at https://www.vectrix.io",United States of America,"['SaaS', 'Security']",Acquired
21901,S20,"We help B2B companies reduce churn and grow customer spending. 
Our product gives account managers access to data dashboards and priority checklists needed to proactively save customers and upsell them to more profitable products.

Most companies have all the data they need to figure this out, but it’s often locked away in 20 different systems. There is no central place for an account manager to easily prioritize which customers to focus on and what actions to take to help them. Workbase is the solution, by one-click integrating the data sources and customizing the interface and actions for each company.

When working on similar internal tools at companies like Segment, we saw first-hand that proactively managing the customer journey could increase net retained revenue by as much as 20 percent.
",United States of America,"['SaaS', 'B2B']",Acquired
21900,S20,"Omni is an intelligent chrome extension to help teams manage their internal knowledge and keep it 100% up to date. It fits in the natural workflow, integrates with current knowledge sources, and provides bite-sized answers when needed.",United States of America,"['Artificial Intelligence', 'B2B']",Acquired
21852,S20,"Known Medicine combines patient-specific 3D cell culture & AI to translate drugs to clinical success. We receive patient tumors, break them down, make thousands of micro-tumors, and then treat each with different drugs to determine which they will respond best to. 
",United States of America,"['AI-powered Drug Discovery', 'Oncology']",Acquired
21839,S20,Creating the next generation of seafood with plants and biotechnology. No compromises on taste and health while winning on price and consistency. First products are raw tuna and smoked salmon.,United States of America,['Climate'],Acquired
21827,S20,"In exchange for a part of their future salary, select students can become professional-grade software engineers through a six-month online program. While the majority of universities in Europe are free to attend, STEM courses are often outdated and theoretical; Strive School works with those pursuing STEM fields to help them become job-ready software engineers.",Germany,"['Education', 'Fintech']",Acquired
21811,S20,"Hypermile is on a mission to improve trucking efficiency, sustainability and safety by developing an AI driver assistance system 🚛 🌎🌱.

Today, fuel is the main cost component for logistics operators, accounting for >1/3 of all operating costs. Driving behavior is a key factor affecting overall fuel consumption and can increase fuel use by up to 35%. However, current solutions are not cost effective, so logistics operators are constantly looking for new solutions. 

In addition, logistics operators are under huge sustainability pressure, as Heavy Goods Vehicles (HGVs) are responsible for 16% of the UK's transport emissions but only 5% of the miles travelled. While electric vehicle sales for passenger vehicles are on the rise, the same can't be said for long-haul HGVs due to high initial cost and limited range, making it impractical for logistic purposes. 

With this problem in mind, we aim to leverage the latest AI techniques to improve the fuel efficiency of diesel trucks today, and increase the range of zero-emission trucks of the future. 

Our product Hypermile Co-Pilot is a retrofittable AI cruise control for commercial vehicles focused on controlling the speed of the truck efficiently. We have trained the AI algorithms to learn the best techniques for saving fuel: anticipating how traffic flow will change, optimising speed based on the road gradient and maximizing vehicle coasting. As a result, we can reduce diesel consumption by 11% and extend the range of battery-electric vehicles by 15%. The long term vision is to incrementally build higher levels of autonomy with the next milestone being a Level-3 autonomous trucking solution. 

The company was founded in May 2020 and raised a $1.5M pre-seed round in May 2021 from Y Combinator, Greg Brockman (CTO of OpenAI), Luc Vincent (former Executive VP of Autonomous Driving at Lyft Level 5) and others. We’ve received a number of R&D grants from Innovate UK, Department for Transport and Horizons 2020. We’re currently a team of 10 across Commercial, Product and Engineering (including 4. sub-teams cloud software, machine learning, automotive software and electronics).
",United Kingdom,"['Autonomous Trucking', 'Computer Vision', 'Logistics', 'Climate']",Acquired
21793,S20,"Finmark is financial planning software for startups.  We make it simple for companies to manage their runway, hiring, and cash. ",United States of America,"['Fintech', 'SaaS', 'B2B']",Acquired
21789,S20,"Gather is software that helps high-growth teams build and execute their onboarding, offboarding, and other People Operations programs. Gather replaces manual coordination with smart, automated communication powered by a deep integration with Slack.",United States of America,"['SaaS', 'B2B', 'HR Tech']",Acquired
21771,S20,,United States of America,"['Machine Learning', 'SaaS', 'E-commerce']",Acquired
21737,S20,,Canada,"['Health Tech', 'Diagnostics']",Acquired
19925,S20,Our mission is to help creators and entrepreneurs grow online. We do this by helping them build a beautiful website and online store with no coding or design background.,United States of America,"['SaaS', 'Entertainment', 'Community']",Acquired
13163,S20,"Fig is re-imagining the terminal. We make it more accessible to beginners and more productive for advanced engineers

Our first product is autocomplete, but we plan to expand into a full App Store ecosystem for the Terminal. We can do a bunch of cool stuff, check out our website.

And if you're interested, we are hiring 😀",United States of America,"['Developer Tools', 'DevSecOps', 'Open Source']",Acquired
23640,W21,"At eqtble, we’re on a mission is to empower companies to make more equitable decisions around their employees. We're building a people analytics platform that enables talent and people leaders to access a rich set of analytics and insights out of their existing data.

Within a short time period, we've vaulted to the top of the HR tech industry with our tech-first people analytics solution. With customers such as Etsy, Chobani, Nuro, Harrys, Checkr - eqtble is on a path to being the leader in the people analytics space.",United States of America,"['SaaS', 'Human Resources', 'B2B']",Acquired
23610,W21,"Pipe|bio is the bioinformatics cloud for antibody / peptide screening & drug development.

We enable scientists to analyze and manage massive amounts of DNA sequencing data themselves without the need for bioinformaticians or programmers. The software is highly visual and enables you to overlay and filter information from different sources across your organization; be it assay data, sequence data or other process metadata. Insights from past results can be used to guide new experiments and they get better as you upload more and more data. Team leads get oversight and these capabilities combined empower organizations to find better drugs, faster.

We believe that science moves faster when scientists can curate and analyse their own data.",Denmark,"['AI-powered Drug Discovery', 'Machine Learning', 'SaaS']",Acquired
23290,W21,"Kitemaker is a faster and more collaborative alternative to Jira optimized for remote teams.

It's helping teams spend less time and effort on collaboration by providing a place for discussing and documenting initiatives, it collects activities and discussions across tools, and it's fast and simple to use.

Unlike tools like Jira and Notion, our primary focus is helping software development teams spend less time coordinating across tools and roles so they have more time figuring out and building the things their users want.",Norway,"['Developer Tools', 'Productivity', 'Team Collaboration', 'Remote Work']",Acquired
23073,W21,,United States of America,"['B2B', 'Feedback', 'Market Research', 'AI']",Acquired
23063,W21,"Striga is building infrastructure for digital assets and financial services as a single set of APIs doing the heavy lifting of security and regulatory compliance. Striga's customers include early stage FinTech's, Web3 innovators, Banking Institutions and Crypto Exchanges utilizing services spanning the range of Crypto Custody, Trading, Card Issuing and Banking. Building a crypto business today is a highly regulated space unlike a few years ago and maintaining a compliance program and building technology presents a huge barrier to entry for startups and mid-size businesses alike and the Striga platform solves the problem with a single set of APIs and a single contract to deliver services to 30 countries today.",Estonia,"['Crypto / Web3', 'Compliance']",Acquired
23038,W21,Integrate live video calls with Dyte Video SDK with less than 10 lines of code.,India,"['Video', 'API', 'Telecommunications']",Acquired
22887,W21,R2 enables platforms to seamlessly offer capital to their SMB customers in Latin America,Mexico,"['Fintech', 'B2B']",Acquired
22867,W21,"Procoto makes running RFPs, tracking contracts, and managing vendors simple and affordable. We get procurement teams out of dense systems and spreadsheets without having to drop a hefty check on SAP or Coupa.",United States of America,"['Fintech', 'SaaS', 'Procurement']",Acquired
22843,W21,"Intro to Orbillion Bio: https://youtu.be/Rql0eteqQ-o

Orbillion Bio will be the first company to bring premium lab grown meat to the market. We will replace prime beef and wagyu with an ethical alternative that tastes amazing. The founders Patricia Bubner, PhD, Samet Yildirim, MSc, MBS and Gabriel Levesque-Tremblay, PhD have over 30 years of combined experience in business and product development, bioprocessing and biopharma. After only 4 months of development time, Orbillion has four different flavorful meats growing in the lab: wagyu beef, elk, sheep and American bison. Using their proprietary platform technology, Orbillion is rapidly decreasing the cost of cultivated meat. Major investors in our pre seed round were Y Combinator, New Protein Fund, Joyance Partners and Venture Souq. https://www.orbillion.com/",United States of America,"['Cultured Meat', 'Climate', 'Food Tech']",Acquired
22831,W21,"Emerge is a suite of developer tools designed to supercharge mobile apps and the teams that build them.

Our tooling is already used by many of the best mobile teams in the world like DoorDash, Square, Airbnb, Duolingo, Stripe, among others. Come help us make it even better!",United States of America,"['Developer Tools', 'B2B', 'Enterprise', 'AI']",Acquired
22827,W21,"Promoted.ai unifies search, native ads, and feed ranking for online marketplaces and scaled e-commerce apps to dramatically improve relevance (and revenue) using AI. We are a team of ex-Google, Meta, and Pinterest ads engineers. Our customers are publicly traded and late-stage marketplace companies like Eventbrite, Upwork, and Outschool. Our mission is to connect every buyer and seller.",United States of America,"['Machine Learning', 'Marketplace', 'B2B', 'E-commerce']",Acquired
22778,W21,"There is more text generated than any one person or team can read. A single product team can not hope to sift through their thousands of feedback responses and determine the signal amongst the noise.

Hyperglue enables operators, product managers, and analysts to instantly access machine intelligence on large text datasets without the engineering or headcount overhead required to deploy natural language AI within their business.
",United States of America,"['Machine Learning', 'B2B', 'NLP']",Acquired
22771,W21,"Avenue is a simple way for business teams to set up alerts from their database or data warehouse. Think Datadog / PagerDuty for operations teams.

Operations teams create set-and-forget alerts on all their data, so they can be more proactive with their time (and monitor on more nuanced triggers than just what fits on their dashboard page).

Avenue can improve response times to critical problems from several days to real-time by alerting directly on the data sources that customers already use.",United States of America,"['Developer Tools', 'SaaS', 'Data Engineering']",Acquired
22743,W21,"[Segments.ai](http://segments.ai/) is helping robotics and automotive companies label their multi-sensor data for AI training and validation. Our platform enables customers to efficiently annotate their point cloud and image data, accelerating their path to autonomy.

We're a fast-growing, remote-first YC startup with a lean team and healthy runway. [Segments.ai](http://segments.ai/) is used by large organizations as well as innovative startups building the next generation of autonomous drones, delivery robots, self-driving cars, and more.",Belgium,"['Deep Learning', 'Developer Tools', 'Computer Vision']",Acquired
23638,W21,"Journey is a storytelling tool designed for the internet age. We've identified hundreds of opportunities to tell better stories: sales, marketing, fundraising, and many more.

Journey is a tool that allows you to combine all sorts of content into one interactive experience. We believe that the future of storytelling looks more like a video game than a slideshow.

We're an experienced senior team (the founders have worked together for 6 years across two companies) that is building a well funded and thoughtful company.",Remote,"['SaaS', 'B2B', 'AI']",Acquired
23423,W21,"We're replacing masters degrees in Brazil with cohort-based courses for top talent to advance their careers in tech. The programs incorporate hands-on learning with sessions led by experts from high-profile companies like Rappi, Nubank, Apple, Google, and more. ",Brazil,"['Education', 'eLearning']",Acquired
23415,W21,"Brainstorm, create, publish and manage content and advertisements on social media using 1 tool.
",Singapore,"['Developer Tools', 'SaaS', 'Design Tools', 'Social Media', 'AI']",Acquired
23370,W21,At Uiflow we are building a platform that allows for developers and designers to build production applications at the speed of thought. You can imagine it as a cross between Unity and Figma,United States of America,"['Developer Tools', 'SaaS', 'B2B']",Acquired
23318,W21,"We use machine learning to accurately forecast electricity prices. Our live customers, including Enel, use our software to improve revenue by millions of dollars per year.",United States of America,"['Energy Storage', 'SaaS', 'Climate']",Acquired
23239,W21,"Preki creates easy to use e-commerce solutions for local businesses in LatAm, you can think of us as Shopify for LatAm.

Setting up an online business in LatAm is expensive, hard to learn and time consuming.

With us, all businesses have to do is follow an onboarding process and add products - no code or design involved. This process takes less than 30 seconds and users can start selling immediately.",Colombia,"['SaaS', 'B2B', 'E-commerce']",Acquired
23229,W21,Pyroscope is an open source continuous profiling platform. With just a few lines of code it will help you debug performance issues and find bottlenecks in your code.,United States of America,"['Developer Tools', 'SaaS', 'Open Source', 'Kubernetes']",Acquired
23167,W21,"Worksphere helps companies manage a hybrid workplace where employees work from the office and from home. We allow employees to reserve a desk, know who will be in office, and better coordinate in-person meetings. Companies can let go of unused office space and save money.
",United States of America,"['SaaS', 'B2B']",Acquired
23037,W21,"Enable.us is an all-in-one workspace for the B2B Sales, Marketing, and Customer facing teams to provide a personalized and interactive buying and onboarding experience to their prospective customers. Customer facing teams have everything they need in one single location to:

- Capture Video/Audio Product demos, customer references, sales decks, white-papers, contracts, onboarding material, and other content 

- Automatically organize & contextualize  (by industry, persona, deal stage, deal size)

- Build personalized deal rooms with AI-targeted content,  simplified workflows, and 1:1 communication with the prospect and other stakeholders/influencers.

Learn more about our launch here https://www.producthunt.com/posts/referenceable or sign up here  https://www.enable.us/",United States of America,"['SaaS', 'B2B', 'AI']",Acquired
23008,W21,"SMEs find it hard to derive value from their business data which is stuck inside hard-to-access accounting softwares. We provide them an app-first MIS/Business Intelligence solution to track their business essentials (Debtors, Creditors, Sales, Outstanding etc.) and help make quicker and better decisions.",India,"['SaaS', 'SMB']",Acquired
22985,W21,Partnered is the network where B2B sales teams share customer introductions. Join for free and get started in less than five minutes.,United States of America,"['SaaS', 'B2B']",Acquired
22968,W21,"Trendpop is the leading analytics and insights platform for short-form video marketing. We’re on a mission to help anyone go viral on social video platforms. We’re a deeply technical team that has taken a data-first approach to this problem: our core engine has collected over a billion social video posts that are analyzed with state-of-the-art algorithms to understand the recommendation algorithms that power virality. 

Trendpop was co-founded by Yoav Zimmerman (CEO) and Jonathan (Yoni) Ben-tzur (CTO) in August 2020, raising money from YCombinator (W21) to build Trendpop and growing to profitability in 12 short months. In January 2022, Trendpop was acquired by Collab, a veteran company in the digital creator space and an official TikTok creative and marketing partner. Today, Trendpop powers the TikTok marketing programs of top major record labels in North America and is quickly expanding to new markets in the film, television, beauty, and DTC eCommerce industry. Trendpop is currently used by leading marketing and A&R professionals in the music industry (both indie and major) to help their artists go viral on TikTok and hundreds of brands and creators who consistently win on social video.",United States of America,"['Analytics', 'Social Media', 'Music', 'Creator Economy']",Acquired
22902,W21,"Verak is now part of InsuranceDekho as of April 2023.

Verak offered next day coverage starting at ₹8 per day for MSMEs in India to insure any facility (shop, warehouse, factory etc) against 15+ natural & man-made perils. (*)

Our team worked across the entire insurance value-chain: From satellite based underwriting to machine learning based pricing to instant quotation to WhatsApp based claims.
",India,['Insurance'],Acquired
22875,W21,We build automated robots for concrete floor construction. One person with our robots does the work of 6 construction workers.,United States of America,"['Hard Tech', 'Hardware', 'Robotics']",Acquired
22830,W21,"Pry makes it simple for companies to manage their budget, hiring plan, financial models, and cash runway.

Today, most people plan for their business once a quarter. It's done in Excel - buggy, boring, confusing, and really time-expensive. A lot of people have tried to solve this and only found moderate success or failed.

We're the team to do it right.",United States of America,"['Fintech', 'Finance']",Acquired
22797,W21,"We empower commerce with instant 0% interest loans for responsible spenders.  Consumers can now renovate their dream homes or buy furniture online with an extended budget and pay later at no extra cost.
",Singapore,['Fintech'],Acquired
22791,W21,Credit building platform for next billion users. We offer digital credit card over UPI ,India,"['Fintech', 'India', 'Neobank']",Acquired
22788,W21,A technical placement bootcamp in the Income Sharing Model. We train top tech talent with 0 upfront fee and place them across our partner companies. Also our program has a deep social impact. We  provide special assistance to women and unemployed youth in India- both economically and socially.,India,"['Education', 'Income Share Agreements', 'eLearning']",Acquired
22774,W21,"Flok offers end to end company retreat planning. Flok combines a planning dashboard with human retreat designers to provide your team with the best retreat possible. From booking hotel room blocks to planning and executing the ideal itinerary, Flok has you covered. ",United States of America,"['Marketplace', 'Travel', 'Remote']",Acquired
22752,W21,"ClipDrop is an app that turns regular mobile photos into professional product visuals.

Thanks to companies like Poshmark, Etsy and Ebay, there are now over 25M sellers who need great visuals for their shops but most of them don’t have access to a professional photographer or a design team. We replace all of this with our app available on mobile and desktop.

We’re a team of former Google, Facebook employees and Machine learning PhD’s and academic Professors. We believe that machine learning will bring professional photography and design to millions of businesses for a fraction of the cost.",France,"['SaaS', 'Computer Vision', 'Design Tools']",Acquired
22750,W21,"A video messaging app for remote teams in multiple time zones—it's like Slack for video.

With PingPong, teams collaborate by exchanging short video, voice, and screen recording clips.",United States of America,['SaaS'],Acquired
22714,W21,"Fountain9 is a predictive inventory planning solution. We help food brands and retailers reduce food wastage and improve product availability by predicting their future inventory needs. 

Food wastage is a global problem that has both financial and environmental costs. An estimated $1.3 Bn tonnes of food is wasted every year and 7 - 15% of that is because of mismanaged inventory. 

We accurately predict future inventory imbalances which lead to out of stock situations or wastage, and also recommends best ways of minimising their impact. Our state of the art demand sensing and pricing engine takes into account several factors like historical sales trends, seasonality, holidays, markdown events and pricing changes to predict future inventory requirements and optimize prices. Predicted inventory demand is also aligned with supply side data to identify ideal suppliers and replenishment quantities that minimize chances of stock outs or inventory wastage.",India,"['Artificial Intelligence', 'Warehouse Management Tech', 'E-commerce', 'Supply Chain', 'Retail']",Acquired
22695,W21,"

",United States of America,,Acquired
22669,W21,"Stacksi helps companies automate the process of answering enterprise security questionnaires so they can close deals faster and save their best engineers’ time for more strategic projects.
Salespeople, CTOs, and CEOs of fast-growing enterprise startups can upload security questionnaires into our system. If the company already has written security policies, they can upload those documents, too. From there, Stacksi parses their documents, identifies gaps in their security policies vs. standards, and helps them establish a successful security program. 
Ultimately, we will help them 1) automate completion of security questionnaires, 2) quickly get through enterprise security audits and 3) improve their security posture.",United States of America,"['Compliance', 'Cybersecurity']",Acquired
24830,S21,"GamerPay is a marketplace for trading gaming skins and assets without scams. We do this by integrating with games to instantly validate all trades.

We launched 3 months ago and transacted 245.000 dollars growing 30% MoM. 

Talking to 5.000 gamers we learned that 46% have been scammed more than once. Over half are minors, who are stuck trading for cash on social media due to their age. 

We are the first to build a fully compliant system for parental consent, enabling the majority of gamers to trade legally and giving the parents peace of mind.

There are 215 million trades annually in games we support. We make 7 dollars on average per trade. So a $1.5B initial market, growing fast alongside gaming and blockchain game economies.   

The team behind previously co-founded the largest transactional marketplace for secondhand high end clothes in Denmark, with 1 million users and a yearly transacted GMV north of $40 million.",Denmark,"['Fintech', 'Marketplace', 'Gaming']",Acquired
24821,S21,"Pactima is a value-centric, fast-growing, and venture-backed company that’s transforming the manner in which businesses conduct transactions in our remote world.

Our flagship product, Live eSignatures<sup>TM</sup>, is a real-time solution that allows people to view and sign documents while simultaneously hosting a secured video call. This easy-to-use solution allows transactions that could only be done in-person to now be performed online.",Canada,"['Documents', 'SaaS', 'B2B']",Acquired
24701,S21,"Byte is able to quickly expand the geographic footprint of any given brand with minimal up front investment by licensing their IP, and rolling out their cuisine across a network of next generation kitchens optimized for delivery, pick up, and take out.
",United States of America,"['Ghost Kitchens', 'B2B', 'E-commerce']",Acquired
24649,S21,Kapacity.io is building the future of smart energy grids with an electricity Load Balancing service focused on buildings.,Finland,"['Real Estate', 'Climate', 'Renewable Energy']",Acquired
24627,S21,"Nasdisc is a marketplace for the $4B worth of records purchased every year.

The vinyl market has seen exponential growth in the past decade - the first 6 months of this year has already seen an increase of 108% in sales. Our platform takes a 12% cut, making this a $400mm opportunity that is more than doubling every year.

Pressing plants are backed up years out, bots buy limited releases in seconds, and record prices are skyrocketing in both retail and aftermarket sales. Despite this growth, the only dedicated marketplace is difficult to use, doesn’t process transactions, yet facilitates over $600mm in vinyl exchanges per year. 

This is why I finally decided to quit my job at Google and recruit my best friends from college to fix it. We’re all software engineers and have been passionate about music and vinyl since we were kids, and have $50k in records ourselves.

We started building a marketplace in July and launched our website 4 weeks ago. We now have $1k / week in sales, and $50k in listings.",United States of America,"['Art Trading Platforms', 'Marketplace', 'E-commerce']",Acquired
24604,S21,"Telivy helps small and medium businesses purchase the best cyber insurance coverage. Our proprietary ML-based risk platform assesses insurability gaps, offers remediation plans and brokers insurance quotes from A+ rated carriers. ",United States of America,"['Security', 'Cybersecurity']",Acquired
24587,S21,"Aer Compliance is Rippling for compliance, combining Code of Ethics, marketing, calendars, filings, workflows, and more in a single place.",United States of America,"['Fintech', 'B2B', 'Regtech']",Acquired
24544,S21,"We make it easy for growing teams to set up and run their payroll & HR (instead of a mess of spreadsheets, poorly integrated tools, and emails with accountants).

- 1 min to run payroll
- 2 mins to onboard new starters
- Hands-off pension & accounting integrations
- Centralised employee info, time-off, and reporting

Our team are software engineers who spent 4 years scaling Monzo from 400k to 6m customers. While at Monzo we repeatedly got paid incorrectly by their poor payroll providers. So we decided to build the product that they should have used from day 1.

We’ve gained certification as a payroll software from the UK government.",United Kingdom,"['SaaS', 'B2B', 'Payroll']",Acquired
24329,S21,"inai provides a single integration for global payments to help companies take digital payments across the globe.  

Its a single integration for a merchant that will provide connections to all payment gateways ( Stripe/ Adyen/ Braintree), wallets ( Paypal, Apple Pay, Google Pay) , BNPL providers ( Klarna / affirm / afterpay), fraud ( Sift , riskified etc). 

Merchants will have a no-code dashboard to customize the checkout by region ( Show Apple pay and stripe in US along with USD pricing but show Klarna, Google Pay and Sofort in Germany with pricing in Eur for e.g)

Merchants can also easily switch between providers and your data stays with you on Inai rather than with PSP like stripe making switch to Adyen or Braintree easy.",United States of America,"['Fintech', 'SaaS']",Acquired
24241,S21,"Laudable finds happy customers and their success stories hiding in your existing data - like call recordings, NPS, salesforce logs - and auto-generates case study content.",United States of America,"['SaaS', 'B2B', 'Video']",Acquired
24207,S21,"Keyri helps companies implement simple, secure anti-fraud and authentication solutions to delight users and keep bad actors off their platform. Keyri's mobile application and browser fingerprinting suite ties user identities to trusted devices, preventing fraudulent activity such as account opening, account takeovers, bot attacks, and referral/promo abuse. Keyri is able to establish an immutable device fingerprint for every device, alerting companies of any suspicious devices during sign up, log in, or subsequent authentication events.

Keyri also offers a passwordless authentication suite that leverages Passkeys, WebAuthn, and QR codes to enable biometric authentication on all platforms and devices, providing a seamless user experience, strengthening multi-factor account security, and reducing reliance on other tedious and unsecure authentication methods.",United States of America,"['SaaS', 'B2B', 'Security']",Acquired
24197,S21,"Hilos allows startups and SMBs to run their entire business on WhatsApp, without code. We focus specifically on letting businesses build apps within WhatsApp that integrate with other systems (CRMs, Databases, Payment providers, etc.).

Companies can use Hilos to allow their customers to run self serve processes like tracking the status of a package, generating payment links, creating an invoice on demand, or anything else you can dream up.",Mexico,"['SaaS', 'B2B', 'Productivity', 'Messaging']",Acquired
24195,S21,"Tarsal is a data pipeline custom built for security teams. As security data grows 25% year over year, security teams desperately need access to best-in-class data infrastructure. Tarsal bridges the gap between the modern data stack and security teams, pioneering the modern security data stack. 
",United States of America,"['B2B', 'Cybersecurity', 'Big Data', 'Data Engineering']",Acquired
24176,S21,,United States of America,"['Fintech', 'SaaS', 'B2B']",Acquired
24135,S21,"Sleek provides B2C businesses with a custom browser extension that works on both mobile and desktop. With the extension, you can:
- Auto-complete checkout for users with an Apple-pay-like experience tied specifically to your brand.
- Offer Honey-like couponing to help your users save money.
- Grant users extra cashback at 1000's of online stores, funded by Sleek.

Your users spend time and money in the browser. With Sleek, you can be there for them.",Canada,"['Fintech', 'Machine Learning', 'E-commerce']",Acquired
24005,S21,"Universities and colleges use Goodkind to build their future and current student communication campaigns via sms, video, chat, mail and more. ",Canada,"['Education', 'SaaS', 'B2B', 'Video']",Acquired
24866,S21,"Satsuma is a developer tool for building applications on top of real-time blockchain data. Our product lets developers take decoded data from multiple chains, customize it for their use cases, and access it through API endpoints.

Blockchains serve as distributed databases for these products, holding their most important data. However, it’s difficult to access and query that data. We believe this friction is an enormous blocker for web3 developers and that better tooling will enable mass adoption for web3.

We’re a founding team of engineers, having built data infrastructure and product as early employees at Airtable, Heap, and Y Combinator.",United States of America,"['Developer Tools', 'SaaS', 'Crypto / Web3', 'Data Engineering']",Acquired
24845,S21,"We're building the nation's largest digital diabetes platform for underserved Americans. There are 80 million Americans on Medicaid and 30% or more have chronic disease. Less than 1% of patients with diabetes receive needed training.

We provide a SMS-based telehealth platform to people with chronic disease on Medicaid. Our proven Healthy at Home program uses 2-way SMS interactions, weekly diabetes coaching visits, and evidence-based health education. 

Our vision is to reach millions of Americans that lack at-home support for chronic disease. We're billing health insurance $186 for telehealth visits and have 2 contracts underway. With your support, we can be a fully sustainable nonprofit by 2023.",United States of America,"['Mental Health Tech', 'Consumer Health Services', 'Healthcare IT']",Acquired
24507,S21,"Warrant is an open source authorization service that helps developers implement and enforce access control in their applications. Warrant serves as a dedicated, centralized platform for handling user authorization and access control so engineering teams can focus on building their core products.",United States of America,"['Developer Tools', 'B2B', 'Open Source', 'API']",Acquired
24398,S21,"Arengu allows developers to build frictionless signup flows in minutes. Large companies like Airbnb, Uber or Revolut, dedicate a full engineering team to build and optimize their signup flows. Most companies cannot dedicate these resources, and Arengu helps them deliver an optimized signup flow that boosts conversion rates by 20-30%.",Spain,"['Developer Tools', 'SaaS', 'B2B']",Acquired
24369,S21,"Mable is a personalized migraine clinic using DNA to find and provide the right medication alongside continuous expert care

Using our approach, patients have an 80% higher treatment satisfaction rate, have one extra day per week to enjoy their life and get 55% pain reduction.
",United States of America,"['Health Tech', 'Telehealth', 'Genomics']",Acquired
24237,S21,"We're on a mission to make investing in the US markets accessible and fair to everyone in Latin America.  Our social features make it seamless for investors to mingle, share investment ideas and learn from each other.   We make it super easy to invest in thousands of US stocks & ETFs, with as little as a $1 USD, no account minimums, and no fees.  

Our team is composed of highly experienced builders hailing from Goldman Sachs, E*Trade Financial, Nubank, ING, Wise...

",Brazil,['Fintech'],Acquired
24136,S21,"MadEats is an online delivery-only restaurant group in the Philippines, building affordable, high margin food brands by using our own ghost kitchens. 

Since we use ghost kitchens, we don’t have to spend for expensive dining areas and wait staff. We can spend more money on growing our food brands, better food, and making better delivery experiences.
",Philippines,"['Ghost Kitchens', 'E-commerce']",Acquired
23974,S21,"Level provides fast and simple financing to lending startups that gets them off the ground and grows with them as they scale. We do so by buying loans in small quantities at first and rewarding our customers with more access to capital based on performance. Co-founder & CEO, Vladimir Korshin, previously worked in the traditional venture debt system at Silicon Valley Bank, where he noticed that strong startups were frequently denied from non-dilutive financing because they were too small. Just 4 weeks after going live with our first customer, we purchased $1.3M in loans across 6 customers. The founding team brings 30+ years of startup experience: Vladimir previously worked as an operator at Facebook, Eventbrite, and Niantic; Asa Schachar was an engineer at Microsoft and managed teams of engineers at Optimizely; Molly Hogan led new and international product initiatives at Amazon for over 7 years. Level is backed by Liquid2, Y Combinator (S21), and others. https://www.trylevel.app/",United States of America,"['Fintech', 'Lending']",Acquired
23939,S21,"We're building the best chat app on earth. Beeper connects to 15+ different chat networks. Unified search, advanced filtering and more. Available on Desktop, Android, iPhone and iPad.

The idea is simple: messaging today is painfully fragmented. We're going to fix that.   

Every time we communicate there is friction lurking under the surface. E.g. Which app did I message her on? Where's that photo gone? Why can't I join an iMessage group from my Android? Our mission is to eliminate that friction and boost the efficiency of the entire human race.  ",United States of America,"['SaaS', 'Community']",Acquired
22763,S21,,United States of America,"['SaaS', 'Payments', 'Community']",Acquired
26425,W22,"SimpleHash allows developers to query all blockchain data from a single platform. We index multiple blockchains, take care of edge cases, and can be integrated in a few lines of code. We make the lives of developers working with token data easier by abstracting away all the complexity.

We serve some of the leading names in crypto, including Coinbase, Phantom and Uniswap. We're growing quickly, are well-funded, and have an ambitious vision to organize the world of digital assets.

Join us if you're excited by a high impact role on a lean, fast paced team at the forefront of the revolution in digital assets.",United States of America,"['Developer Tools', 'SaaS', 'Crypto / Web3', 'NFT']",Acquired
26137,W22,"Pina Earth is building a suite of digital tools for data collection, monitoring, and certification of forest carbon projects. EU forests are at high risk due to climate change. With Pina Earth, forest owners can start high-quality carbon projects on their properties and use the new income stream to prepare their forests for a changing climate. Founded only last year, the startup already has active pilot projects on over 1,000 hectare (∼2,500 acres) in Germany. The founders met at CDTM and joined their expertise in sustainability science, software engineering, and machine learning to help EU forests.",Germany,"['Climate', 'ClimateTech']",Acquired
25994,W22,"Glow Energy is a mission-driven company dedicated to making the built environment more sustainable. Our software empowers rental property owners to transform their buildings into Virtual Power Plants that drive sustainability and financial benefits for tenants, property owners, and clean energy infrastructure developers.",United States of America,,Acquired
25950,W22,"Decent's core product,[The Box](https://decent.xyz/), enables 1-click transactions using any token across chains.  For example, a user can purchase an Optimism NFT off primary or secondary sales using USDC on Arbitrum.

As applications splinter across an increasing number of rollups and app chains, wallets and dapps will have to meet users at their point of liquidity vs. expecting users to jump through hoops to arrive with tokens on the correct network.",United States of America,"['Developer Tools', 'Crypto / Web3', 'B2B', 'NFT', 'Cryptocurrency']",Acquired
25949,W22,"We are a platform for high-performance browser-based applications. We make it easier for developers to deploy apps that give every user a dedicated backend.

This is a system design that apps like Figma and GitHub codespaces use, but it's currently difficult for others to replicate it. We make it as easy as deploying a traditional web server.",United States of America,['Cloud Computing'],Acquired
25929,W22,"We provide a self-assessment which identifies the underlying causes of poor wellbeing and match proven solutions for individuals and teams.

https://www.quanwellbeing.com/",Netherlands,"['Mental Health Tech', 'SaaS', 'B2B', 'HR Tech', 'Subscriptions']",Acquired
25923,W22,Universal conversation API for developers,United States of America,"['Artificial Intelligence', 'Developer Tools', 'SaaS', 'API', 'Email']",Acquired
25831,W22,"Mutable.ai is automating corporations starting by automating software and software understanding. Our product auto wiki (https://wiki.mutable.ai/kubernetes/kubernetes, https://twitter.com/mutableai/status/1744426997575553413) turns code into wikipedia style articles with citations to the code is the best way to understand complex technologies",United States of America,"['Developer Tools', 'Productivity', 'AI']",Acquired
25730,W22,"Blitzllama makes it easy for product development teams to rapidly collect user feedback at scale. With only a simple SDK integration, teams can ask questions to their users within product journeys and get highly contextual answers in minutes. This empowers product teams to ship products that address users' real problems that increase user retention, engagement and reduce churn.",India,['SaaS'],Acquired
25693,W22,"Tola is the simple tool for SMBs to pay bills and get paid. On top of that, we help companies better manage their cashflow by allowing them to buy now and pay later expensive bills in exchange for a small fee.",United States of America,"['Fintech', 'SaaS']",Acquired
25690,W22,"Intercept and Modify HTTP Requests. Redirect URLs, Modify Headers and override API responses. Alternative to Charles Proxy, Fiddler, Tweak & ModHeader.
200,000+ developers from 10,000+ companies are using Requestly.
70% of the Fortune 500 companies have used Requestly at least once.",United States of America,"['Developer Tools', 'SaaS', 'Open Source', 'API']",Acquired
25615,W22,"We enable brands to launch Credit-as-a-Feature in under 5 mins. They can simply use our Plugins or Copy-Paste style APIs and go live in under 5 minutes without worrying about how Credit Risk or Capital/Compliances etc will work. Simply connect with the BharatX platform and start disbursing Credit. 

Be it to enable a White-Labelled Pay Later option on Checkout or to give your Neobank's users a White-Labelled Instant Credit-Line option.  You can enable it all, as fast as 5 mins!

So next time you buy a course on Frontrow use ""Frontrow Pay in 3"" and while shopping offline, @Spenny's (YC) ""Credit"" feature to pay to Merchants Offline on UPI. ",India,"['Fintech', 'Consumer']",Acquired
25486,W22,We help founders and in-house counsels streamline their contract negotiations to close deals faster. We do this by building your contract negotiation playbooks and automating them with AI. ,United States of America,"['Generative AI', 'Legal', 'LegalTech']",Acquired
25401,W22,"Onyx is a modern, accessible private bank for the next generation of affluent young professionals. We offer a unified digital-native premium banking and wealth management experience tailored for the overlooked groups of young high-earners and illiquid entrepreneurs, investors, and tech employees. Onyx aims to be the next-generation UBS. ",United States of America,['Fintech'],Acquired
25396,W22,"Homeroom helps investors provide affordable housing while making a 22% ROI.

We do this by sourcing properties, arranging capital, managing construction, vetting tenants and collecting rent by the room. To date, Homeroom has brought on 85 property investors, growing 6X annually, are bringing in 420K in annualized net-revenue

How it works:
We help investors buy homes in cities that are attractive to young people, but lack affordable housing options.  We then renovate and after about 20 days, the home is ready and we find qualified renters by the room.

We launched in 2018 in Kansas City with 1 home. We now have 105 homes in 31 cities. In 2021, we grew rental GMV to $1.8M (300% YoY growth). Our average rent across every property is $458, which is about 50% lower than market comps, and our investors see returns up to 50% higher.

We are HomeRoom. Johnny is the financial analyst/domain expert. Thomas is a cereal entrepreneur with a PHD in ML, and Mike hacked growth for Airbnb and Facebook.",United States of America,"['Machine Learning', 'Real Estate', 'Proptech', 'NLP', 'Data Engineering']",Acquired
25353,W22,"Sarus solves the problem of accessing or sharing personal data for analytics or machine learning. 
The solution deploys natively in data infrastructures and lets practitioners work on data they cannot see. Every interaction with the sensitive data is protected with the highest privacy standard: differential privacy
Sarus makes traditional anonymization methods irrelevant, saving months in compliance and data engineering while preserving all of the value of data.",France,"['Analytics', 'Compliance', 'Data Engineering']",Acquired
25271,W22,"At Alfie, we've built a rigorous virtual medical program based on the top research from Cleveland Clinic and Harvard that allows us to precisely determine which weight loss regimen and (as needed) medications will be most effective for our members in a multimodal approach. We're optimizing exercise/nutrition/medications in complex care pathways like no one else has before.

Our program has been shown to be 2x more effective than standard prescription medication and 5x more effective than habit change alone.

We've raised capital from Goodwater Capital, Nina Capital, Air Force Ventures, and Phoenix Club, and various super angels including the founder of OpenTrons (medical labs automation; have raised $240 mill). Also, we're a Y Combinator graduate.",United States of America,"['Digital Health', 'Telemedicine']",Acquired
26065,W22,"TAI is an investing app that helps millennial investors trade and manage all their existing accounts from a single app. 

TAI uses algorithms and market themes to help users discover actionable insights on how to improve their portfolios using ETFs.
",United States of America,"['Fintech', 'Consumer', 'Investing']",Acquired
26052,W22,"We make it easy for small and medium businesses to build an AI sales agents for their websites and social media, augmenting their sales capacity. This assistant provides personalized shopping recommendations to customers and is available 24/7 to answer their questions.",United States of America,"['Artificial Intelligence', 'Sales', 'Customer Service', 'Customer Support', 'AI Assistant']",Acquired
25972,W22,Stripe for NFT purchases. Easily buy/sell NFTs with a credit card.,United States of America,['Crypto / Web3'],Acquired
25968,W22,"Rider is building modern parcel delivery for online sellers in Pakistan. We are doing $130K in monthly revenue, delivering 200K orders per month across 60 cities. Unlike traditional logistics players, Rider’s solution is: Easier to use (integration with shipper portals, delivery agent app, end- customer app); Quicker (route optimization, next day deliveries, 24-hour cash repayment); Transparent (resolves ‘fake attempt’ deliveries, offers live tracking) and Flexible (shipper and customer control on delivery location and times). ",Pakistan,"['B2B', 'Logistics', 'E-commerce']",Acquired
25823,W22,"Joe is building a innovative and flexible DtoC Buy Now Pay Later App  in Europe powered by Tech📲.
In Europe, only 15% of e-commerce have integrated BNPL solutions and consumers don’t have access to installments very easily. 

Within Joe app and our virtual card you can buy now pay later on any store  without any technical integration. And if you already made your purchase, you can be refunded and get 3 installments
",France,"['Fintech', 'Consumer']",Acquired
25722,W22,"Fuell is a leading Expense Management solution that modernizes finance for SMEs by merging software and intelligent corporate cards into a single, unified platform.",Spain,['Fintech'],Acquired
25617,W22,"Speechly makes it cost efficient to understand human conversations, in real-time. We do this by enabling high-accuracy spoken language understanding processed right on the end user’s device.

Hundreds of millions of hours of audio data are generated every single day online. Speechly is the first solution that can affordably turn this audio into actionable insights.
",Finland,"['Artificial Intelligence', 'Developer Tools', 'Speech Recognition']",Acquired
25616,W22,"Stackshine is creating mission control for enterprise IT teams. We discover all the software being used across their organization and then automate workflows related to onboarding/offboarding, cost savings, and security. ",United States of America,"['Robotic Process Automation', 'Productivity', 'Analytics', 'Enterprise', 'Data Engineering']",Acquired
25433,W22,"JumpWire is a data protection platform that adds advanced data security controls between APIs, applications and databases. JumpWire automatically identifies sensitive properties inside large data sets and gives developers full control over which people and applications can access or update records containing sensitive info.

Examples uses include restricting who can read customer PII to members of the customer service team, giving on-call engineers elevated access to production, or splitting user records between regions for GDPR purposes.

JumpWire’s approach to securing data in-place minimizes the risk of data leaks exposing sensitive information or mishandling by other applications and vendors. The exact security scheme applied to data is defined by policies that align with an organization’s existing InfoSec program.

JumpWire helps companies who maintain information security with compliance programs such as SOC or HIPAA. They are processing sensitive data, often from their own customers, and exceed security best practices as a competitive advantage. JumpWire provides defense at depth to data and sits alongside access controls and Layer 4 encryption to provide a comprehensive data security solution.

JumpWire is unique from solutions such as data vaults by installing inside our customers’ own infrastructure and clouds. It is interoperable with existing applications and databases, which eliminates the need for large data migrations or code refactoring. Lower-level approaches to data security, such as encryption at rest, are too blunt and lack the ability to differentiate between properties in the data itself. Its scope is limited to physical storage, and security is lost as soon as an application or query loads the data.",United States of America,"['Security', 'Data Labeling', 'Databases']",Acquired
25344,W22,"Proper provides software & APIs to help companies manage their payments data across providers. We connect banks, API providers, and networks in a single platform and provide automated reconciliation and accounting, so companies can maintain financial accuracy at scale.

Our integrated financial operating system gives companies a unified back-office data platform across their services and providers. With Proper, companies can spend less time on low-level financial system infrastructure and more time focused on building for their end-users.",United States of America,"['Fintech', 'SaaS', 'B2B']",Acquired
25905,W22,"Bracket is the two-way data pipeline between popular business tools and backend databases. When ops teams update data in Salesforce or Airtable, and engineers update data in the database, Bracket connects the two sources to reflect the same information. ",United States of America,"['SaaS', 'B2B', 'Data Engineering']",Acquired
27195,S22,"Vizzly provides customer-facing analytics for modern SaaS.

The platform offers the same level of flexibility as an in-house development process with minimal technical overhead required. ",United Kingdom,"['Developer Tools', 'SaaS', 'B2B', 'Analytics', 'API']",Acquired
27176,S22,"Slingshot is AI  that analyzes medical records to determine if the diagnosis is supported by the clinical evidence.

The company is founded by Pranov Duggasani, a former Google and Microsoft AI engineer, and Zoe Holderness, a former Lyft and Tesla engineer. They started working on Slingshot after facing their own frustrations with inflated and erroneous medical bills with the goal to save patients more money with less work.
",United States of America,,Acquired
27174,S22,"Monterey AI helps companies understand what actions to take to improve engagement and reduce churn by setting up user feedback channels, auto-collecting, and analyzing qualitative feedback and quantitative data from multiple sources.",United States of America,"['Artificial Intelligence', 'Generative AI', 'Productivity', 'Enterprise', 'AI']",Acquired
27153,S22,"UpLink's founding team worked as auditors and software engineers at PwC where they saw firsthand how difficult it was to collect thousands of documents from clients.

Alex Maher and Alex Grant met working on PwC’s big data analytics platform, scaling it from 0 to 20k users globally. Brady and Nick met while studying CS at a top 5 public university, but still insist they were self-taught. They were, by far, the top developers on Alex Maher’s team before starting UpLink. Together they ran Dycom's field systems segment, supporting 15k users.
",United States of America,"['Documents', 'SaaS', 'B2B', 'Productivity', 'Collaboration']",Acquired
26872,S22,"Neosync is an open-source platform that allows you to create anonymized or synthetic data and sync it across all environments for testing and machine learning. Companies in highly regulated industries such as FinTech, HealthTech, InsureTech and those with sensitive data can use Neosync to create production-like data to use for debugging and building features in lower-level environments without the security and privacy risk of using production data. ",United States of America,"['Developer Tools', 'SaaS', 'B2B']",Acquired
26811,S22,"Payload is a developer-first headless CMS and application framework built to finally give developers a better choice in the world of CMS. From documentation to design, Payload is crafted from the ground-up to save engineers time and effort while building the backend and admin panel for websites, native apps, ecommerce, SaaS, and any other product that needs to manage content. Payload is changing the CMS status quo—working to give developers the tools they want to build the CMS they need, all in clean and well-structured code.

Learn more at https://payloadcms.com.",United States of America,"['Developer Tools', 'Open Source', 'API']",Acquired
26764,S22,"Tranch is the invoice to payments platform for enterprises who want to optimize cash flow by offering their business clients an unparalleled payment experience.

Based out of New York City and London we enable Services firms, software and marketplaces to be paid faster via our automated invoice to payment solutions. Our frictionless payment methods include Pay Now via FedNow, Pay by Card, Pay by Crypto and Pay Later from 2 to 12 months up to $1M.

Find out more about how we simplify and accelerate accounts receivables for enterprises with the most innovative workflows and payment solutions at www.tranch.com.

Tranch is backed by leading investors including: Global Founders Capital, TracVC, UpHonest Capital, Soma Capital, FoundersX and Y Combinator.",United Kingdom,"['Fintech', 'SaaS']",Acquired
26719,S22,,Israel,"['Fintech', 'SaaS', 'Crypto / Web3', 'Analytics', 'API']",Acquired
26690,S22,"Truva helps software platforms onboard and retain customers with smart AI agents. These agents not only guides your users to the right tools, features, and information within your app, but it can also take actions on their behalf. This improves your NPS and delivers the experience of a personal account manager for every customer, available in real-time.",United States of America,"['Artificial Intelligence', 'B2B', 'Customer Success', 'AI Assistant']",Acquired
26657,S22,"HyperDX assists engineers in resolving production bugs more quickly with simple workflows that take you from alert to resolution. You can get set up in a matter of minutes and correlate debug telemetry all in one place, including logs, metrics, traces, and browser session replays, allowing you to resolve issues faster than ever before.

HyperDX is open source and built on top of Clickhouse and S3, so customers can enjoy ten times the savings when compared to traditional vendors like Datadog.",United States of America,"['Developer Tools', 'SaaS', 'B2B', 'Open Source', 'Infrastructure']",Acquired
28141,W23,"highlight.io is the open source, full-stack monitoring platform. With just a few lines of code, Highlight makes it easy to understand what's slowing down your users and swiftly address errors and regressions on your web app.  Imagine that you have a customer reporting an issue on your web app. With highlight.io, you can playback their exact interactions to reproduce the bug and get notified of any future errors that could happen.

That being said, we’re just getting started! We have plans to go way deeper into your observability stack to give you all of the visibility you need. Join us on this journey:
- Star us on GitHub (https://github.com/highlight/highlight) to keep up with releases and news.
- Join our Discord (https://highlight.io/community) to share product feedback and thoughts.
",United States of America,"['Developer Tools', 'SaaS', 'B2B', 'Open Source', 'Monitoring']",Acquired
28081,W23,"We’re on a mission to enable everyone to build reliable AI agents & AI applications. We're fully open source, and provide a unique integrated development & observability experience for those building anything in the AI space. This is the first step towards laying the foundations for Composable AI Systems; all AI systems need observability and introspection to be first class for them to be reliable.

How? We're standardizing how people write python to express data, ML, LLM, & agent workflows/pipelines/applications with lightweight frameworks. So that no matter the author, it'll be easy to collaborate, connect, and importantly in one line integrate observability and datastore needs. This speeds up time to production and reduces TCO because code remains easy to maintain and your data flywheel stays manageable. So you can increase the top line & bottom line of your business by delivering on AI that is reliable.

We've got two open source projects:
- one focused on AI applications, called Burr (https://github.com/dagworks-inc/burr).
- one focused on AI pipelines/workflows, called Hamilton (https://github.com/dagworks-inc/hamilton) see https://www.tryhamilton.dev

Both Hamilton & Burr come with self-hostable UIs (+ enterprise & SaaS offerings). With a one-line code change, you get versioning, lineage / tracing, cataloging, and observability out of the box with Hamilton. With Burr you get tracing, observability and persistence in a single line addition.
",United States of America,"['Developer Tools', 'Generative AI', 'Analytics', 'Open Source', 'AI']",Acquired
28074,W23,Keep is an open-source AIOps platform. Keep acts as a single pane of glass to all your alerts from any monitoring tool and helps you turn 1000s into just 10s of meaningful alerts.,Israel,"['SaaS', 'B2B', 'Open Source', 'Monitoring']",Acquired
28073,W23,Play is a Voice AI company that specializes in building conversational voice models capable of cloning any voice or accent and generating speech in real-time. ,United States of America,"['Generative AI', 'API']",Acquired
28048,W23,"Muffin Data is a turnkey data platform and reporting solution for consumer packaged goods (CPG) brands. We combine proprietary data sets with automated ingestion from industry-specific data sources to provide a clear and unified view of in-store sales performance, product distribution, and supply chain health.",,,Acquired
27971,W23,"Arroyo is a serverless stream processing platform built on top of the open-source Arroyo streaming engine. We allow companies to transform, filter, aggregate, and join their Kafka streams in real-time just by writing SQL. We charge purely based on usage, with no fixed costs or clusters to manage.",United States of America,"['Developer Tools', 'SaaS', 'Open Source', 'Cloud Computing']",Acquired
27877,W23,"OpenMeter's mission is to standardize metering with the goal of becoming the data source for AI and API monetization. We've built an open-source platform that processes billions of events into our usage lake in a matter of seconds, which acts as the backbone that serves revenue and efficiency teams.",Remote,,Acquired
27868,W23,"Outerbase is the interface for your database. Companies use Outerbase to view, edit, and modify their data and even generate beautiful visual dashboards without having to write a single line of SQL.",United States of America,"['Developer Tools', 'Generative AI', 'Analytics', 'Data Engineering', 'AI']",Acquired
27834,W23,"Bluebirds helps GTM teams automate outbound targeting with signals. Save your reps 2 hours a day from list building and prospect research. 

Create custom intent signals from trusted data sources in 3 minutes. Bluebirds continuously scans your market and delivers ready-to-prospect Leads to your CRM.",United States of America,"['B2B', 'Sales', 'Enterprise', 'AI']",Acquired
27832,W23,"Trigo aggregates consumer rent history to help landlords approve better tenants and lenders write more loans. No solution exists to consistently furnish this data to landlords and lenders today. The largest database has only 3% coverage of rent data.

Trigo is a Consumer Reporting Agency (CRA) that provides this missing rent data set through a real-time API and web application. We are repeat founders with consumer data and finance experience across Harvard, Citigroup, Experian, and Amazon.",United States of America,"['Fintech', 'B2B', 'Proptech', 'API', 'Enterprise']",Acquired
27809,W23,"Dependencies for software products are exploding in number and with that comes a sprawling supply chain. A supply chain isn't just a build-time check, it's highly dynamic. EdgeBit watches in real time – we cross-reference your build pipelines and server fleet with multiple data sources to communicate your live inventory and actual risk.

Security teams aren’t experts at their company’s apps, so they are forced to distract the most skilled engineers with a firehose of vulnerabilities to investigate. We founded EdgeBit because we believe that we can solve this problem — to empower security teams to prioritize investigation of true risks without wasting engineers time.",Remote,"['DevSecOps', 'B2B', 'Security']",Acquired
27712,W23,"Brewit helps companies to create their role-specific BI agents, trained on their database (through feeding sample queries, metric definitions, column descriptions, etc. to create a semantic layer) that can answer data questions/provide data insights (write SQL, generate plots) through a natural language experience.",United States of America,"['Artificial Intelligence', 'Analytics', 'Data Visualization', 'AI Assistant']",Acquired
27703,W23,"Dashdive attributes AI/LLM and cloud costs to customers, teams and products at the endpoint invocation level using observability tools. This allows software companies to optimize their pricing and evaluate the profitability of each product.",United States of America,"['FinOps', 'SaaS', 'Enterprise Software']",Acquired
27945,W23,"Fairway Health is an AI-assistant for health insurers to quickly process patient treatment authorizations. We use LLMs to analyze long (70+ page), messy medical records and determine if a patient is eligible for a treatment.

",United States of America,"['Health Tech', 'B2B', 'Healthcare', 'Health Insurance', 'AI']",Acquired
27894,W23,"Booth AI enables companies to supercharge their creative output with a generative-AI powered image production platform. Booth AI replaces complicated, labor intensive, time consuming and expensive commercial product lifestyle photoshoots. Brand managers, merchandisers, and marketers can produce beautiful lifestyle images in a matter of seconds at a fraction of the cost of traditional photoshoots.",Remote,"['Artificial Intelligence', 'Generative AI', 'E-commerce', 'Marketing', 'Retail']",Acquired
27698,W23,"A brand new way to create landing pages that's video-native. Traditional ways of building landing pages are too costly (money & time) and brands want to experiment more. Our landing pages rely on video content to do the heavy lifting from a dev & design perspective.


Our landing pages convert well (+15-30% across channels such as paid ads, email, and sms) and take <20min to create. This means brands can test over 10x what the currently do with Viddy.",United States of America,"['SaaS', 'B2B', 'Video', 'E-commerce']",Acquired
27676,W23,"Cardinal is an opinionated feature backlog. It pulls in your customer feedback, CRM data, and task management issues and uses AI to assess which customers want which features, how important is it for them, and how much are they worth",United States of America,"['Generative AI', 'SaaS', 'B2B', 'Productivity', 'Analytics']",Acquired
29187,S23,"OpenPipe is an SDK that abstracts away fine-tuning custom models. We capture your existing provider’s prompt-completion pairs in the background and use them to create a new model that is faster, cheaper and often more accurate than the original.",United States of America,"['AIOps', 'Artificial Intelligence', 'Open Source']",Acquired
29136,S23,"Autotab is a desktop app for teaching AI to do the work you don’t want to do. You simply show it how to do the task once and Autotab uses AI to learn how to do it for you. Once it has learned a task, Autotab can do it as many times as you want, 24/7/365—no lunch breaks needed.

Autotab is built for real work: It excels at tasks that are **repetitive**, such as doing the same thing for every item in a list, and **complex** e.g. involving many steps across different software applications. Autotab currently is able to do any task that can be done in a browser, with capabilities to control any application on your computer coming soon.

On top of it all, you only pay for the time that Autotab actually spends doing work for you!",,,Acquired
29105,S23,"Flowise uses low-code approach that enable developers to manage the whole lifecycle of building LLMs apps in production. From protoyping, evaluation, to iterations.",Remote,"['Developer Tools', 'Generative AI', 'Open Source', 'AI']",Acquired
29006,S23,"Inari surfaces customer insights and revenue generating product opportunities from your customer data auto-magically using AI.

Instead of sifting through 100’s of user interviews or 1000’s of pieces of customer feedback manually, Inari automates the process of highlighting interesting quotes, identifying trends, uncovering impactful feature requests, and tying helpful prioritization metrics with features so your team can spend less time analyzing and more time building products that customers love.",United States of America,"['Artificial Intelligence', 'Generative AI', 'B2B', 'Analytics', 'Enterprise']",Acquired
28790,S23,"Watto AI uses LLMs to generate McKinsey quality reports in seconds. Customers use us to generate anything from high-quality marketing reports, custom white papers to product documents and more.",,,Acquired
28787,S23,"Deasie is a data governance layer to support safe & reliable use of language models in the enterprise. Our product connects to thousands of documents, auto-tags everything in terms of contents & sensitivity, and ensures that AI models are only ever fed with data that is relevant, safe & high-quality.

Our three founders (from Amazon, McKinsey/QuantumBlack & MIT) previously built an ML data governance tool from 0 to 1 within McKinsey, which we deployed with 11 Fortune 500 companies. We saw in early 2023 that the single greatest blocker to reliable and scalable adoption of GenAI, was the inability for enterprises to identify the right set of documents that should be used for a given application. 

Our investors include General Catalyst, Y Combinator, RTP Global and world experts in enterprise data. Website: https://deasie.com",,"['Artificial Intelligence', 'Data Labeling', 'Big Data', 'AI Assistant', 'Databases']",Acquired
28660,S23,React components to build charts and dashboards,Switzerland,"['Data Visualization', 'Web Development']",Acquired
29004,S23,"Chatter is Postman for LLMs. Our platform helps companies and developers test their LLM models. Iterate on prompts, run them across model families and evaluate them against test cases – all in one place. With collaboration features, engineers can design LLM chains while QA can write test cases. 
",United States of America,"['AIOps', 'Developer Tools', 'Generative AI', 'SaaS']",Acquired
28659,S23,"At PeerDB, we are building a fast, simple and the most cost effective way to stream data from Postgres to Data Warehouses, Queues and Storage engines. If you are running Postgres at the heart of your data-stack and move data at scale from Postgres to any of the above targets, PeerDB can provide value.


We support different modes of streaming - log based (CDC), cursor based (timestamp or integer) and XMIN based. Performance wise, we are 10x faster than existing tools. Features wise, we support native Postgres features such as comprehensive set of data-types incl. jsonb/arrays/postgis, efficiently streaming toast columns, schema changes and so on.",Remote,"['Developer Tools', 'Open Source', 'Data Engineering', 'Enterprise Software', 'Databases']",Acquired
28778,S23,"Pronounced Zee-O-L. 

End-of-life (EOL) and outdated software are a black box of vulnerabilities with very limited remediation paths. These 2 factors combine to make managing them a necessary proactive practice. Xeol enables enterprises and Fortune 500s to create a proactive EOL management program that directly contributes to better vulnerability management and lower cyber insurance. ",United States of America,"['Security', 'Cybersecurity']",Acquired
29379,W24,"Infrastructure for search teams building retrieval and RAG. Trieve combines search language models with tools for tuning ranking and relevance.

Building excellent search is difficult and can take months to implement then even more time to maintain. Trieve offers production-ready infrastructure that works out of the box to help search teams build adjustable AI search and RAG into their products. With tools for custom models, relevancy weighting, date-recency biasing, semantic full-text hybrid search, recommendations, and more Trieve covers the full spectrum of what a team wants from their discovery infrastructure. ",United States of America,"['Artificial Intelligence', 'Developer Tools', 'Open Source', 'API', 'Search']",Acquired
29464,W24,"Arcane is building the AI powered Roblox. We allow anyone to create and play games, without writing code. Our first product, Summon Worlds, has tens of thousands of users who've created millions of Summons and used them to play AI powered games. 

Lucas and Rohan were both engineers at Meta. Rohan was a Principal SWE on Gen AI, AR Glasses and UI Frameworks, and Lucas was a Staff SWE on Gen AI/AR Glasses, and previously at Nvidia. 
",United States of America,"['Artificial Intelligence', 'Generative AI', 'Consumer', 'Gaming', 'AI']",Acquired
29953,S24,"Hey Revia is a voice AI that handles complex phone calls for healthcare providers. Our software automates complex menus, reduces hold times, and handles tedious phone calls—verifying provider details, updating insurance info, and securing approvals. We offer Revia as web app, mobile app and API.",United States of America,"['Healthcare', 'Call Center', 'AI Assistant']",Acquired
29804,S24,"There are 300k+ financial advisors in the US using a digital Rolodex to manage their client relationships, and it's time for a makeover.

At Thyme we are building the OS for financial advisors that allows them to automatically take notes in meetings (in-person, online, and phone calls), manage their client records with the help of AI, and offer a client portal where clients can track their assets, manage tasks, and even pay for their services. 

Our users have replaced their legacy CRMs and billing solutions with us while deepening their clients' relationships thanks to our client portal and AI tooling that puts rich context at their fingertips.",United States of America,"['Artificial Intelligence', 'Fintech', 'Finance']",Acquired
29762,S24,"Remade uses AI to scale hyper-personalized video generation for marketplaces. Our first customer, Scentbird, a midmarket fragrance marketplace uses Remade to create engaging TikTok ad hooks. We are a team of 4 Cambridge AI hackers with publications in CVPR, the largest Computer Vision conference, and the Lancet Journal, the most respected medical journal globally. Our ARR grew 83% last week from 18k to 33k with an additional 17k pilot revenue with Rappi and eFood, which will take us to a 650k contracted ARR by EoQ. We are building out a research-arm to develop proprietary tech, fusing recommendation algorithms with video models to deliver hyper-personalised videos that increase conversion.",United States of America,"['Artificial Intelligence', 'SaaS', 'B2B', 'Social Media', 'Marketing']",Acquired
