id,batch,longDescription,country,tags,status
644,W14,Whirlscape high-tech startup with roots in human-computer interaction (HCI) and advanced machine learning/computational linguistics.,Canada,['Deep Learning'],Inactive
638,W14,"Develop Better Software, Faster!

AirPair is an extensive network of experts with deep knowledge across many technology stacks and solutions. AirPair accelerates software development by ""pairing” experts with your engineers in real-time via video and screen sharing, leading to better teams and better software that’s produced faster, and at lower costs.  

To find an expert, visit => www.airpair.com/find-an-expert",United States of America,['Remote Work'],Inactive
635,W14,ZowPow is a Wireless toy game controllers for mobile games.,United States of America,['Gaming'],Inactive
629,W14,"Unicorn.ly is an angel investing platform to help angels collaborate to source, evaluate, mentor, and invest in the most promising startups.",United States of America,"['Fintech', 'Investing']",Inactive
627,W14,"TerrAvion provides high revisit rate aerial imagery for agriculture.  Since 2016 we have been the largest volume provider.  


TerrAvion Aerial is the best value for growers in imagery:  
   -Imagery helps you to act in season in a comprehensive and quantitative way
   -Satellites aren't reliability and lack sufficient resolution for agronomic decision-making
   -Drones don't scale, and thus are expensive and a hassle
   -TerrAvion beats all competitors on cost/value, flight rate, reliability, speed, and open API
   -TerrAvion's service allows imagery to be used in tangible value creating use cases with agronomic support

TerrAvion creates the most value for our agronomic partners:
   -Excellent margins are possible when customers are concentrated, still affordable when in new markets
   -Our program allows for bundling, particularly with agronomic recommendations
   -We stay out of the advice and prescription side of things to make our agronomic partners stars
   -Partners have full access to API with all data we collect for use in all their applications
   -We handle the technical aspects of aerial imagery delivery and education with in-field support under our co-delivery model",United States of America,"['Drones', 'Agriculture']",Inactive
625,W14,Style Lend is a marketplace for luxury fashion rentals. Members can monetize their closets by listing their items directly on the iOS app or the website. And other members can rent them directly for a 7 day period. ,United States of America,['Marketplace'],Inactive
624,W14,"The Edyn smart garden system lets you know what’s happening in your garden at all times. Whether you’re a novice gardener or managing a small-scale organic farm, Edyn is there to take the guesswork out of gardening. Inserted in the soil, the Edyn Garden Sensor gathers and analyzes data about changing weather and soil conditions. The Edyn App displays this data as a real-time snapshot of your garden, and pushes alerts and suggestions to maximize plant health. A separate component, the Edyn Water Valve, uses the data collected by the sensor to smartly control your existing watering system, watering your plants only when needed. With advanced tracking technology and intuitive design, the Edyn smart garden system keeps you connected to your garden or farm so you can grow healthier plants.",United States of America,"['IoT', 'Agriculture']",Inactive
623,W14,,,"['E-Commerce', 'Retail']",Inactive
621,W14,"MerryMint helps you discover and book virtual activities & experiences that your team can do together from home. Learn or experience something new from expert guides. 
",United States of America,"['Team Collaboration', 'Remote']",Inactive
607,W14,"HoverChat is an app focused on making messaging more of a multi-tasking experience and allow users to use the messaging service without interrupting their work flow.

The app is currently available on Android phones.",United States of America,['Messaging'],Inactive
605,W14,"Move Loot offers a much-needed service to individuals buying and selling used furniture. There is currently no option in the market that optimizes your time and money while offering this unique user-friendly experience. We realize that in order to avoid the hassle, you end up buying new... harming your wallet and the planet! 

Move Loot solves your dilemma by creating an online marketplace where users can post furniture to sell, find furniture to purchase, and select delivery personnel to complete the process.  Imagine online shopping meets ride-sharing meets an ice cream sandwich!",United States of America,"['Marketplace', 'Furniture']",Inactive
601,W14,"MadeSolid is a hardware company that develops high-quality materials with 3D printing applications. With a team of experienced chemists and engineers, the MadeSolid develops functional materials for 3D Manufacturing real products. MadeSolid is based in Emeryville, California.",United States of America,"['3D Printing', 'Advanced Materials']",Inactive
593,W14,"Drive Pulse is an innovative new device & iPhone app to manage & monitor your cars when you can't be there.

Your Drive Pulse plugs into your car's data port in seconds. Every car built after 1996 has an OBD-II data port under the dash. Plug in your Drive Pulse, install the app, and get started in just a few minutes.

Drive Pulse is always on and stays connected thanks to cellular technology and a data plan, similar to the one you have for your smartphone. As long as your car is in an area with adequate T-Mobile data coverage, you can enjoy the peace of mind knowing that your car is safe.",United States of America,"['Hardware', 'IoT']",Inactive
592,W14,"Yumbins are mobile POS-powered self-checkout markets that offer a curated mix of the highest quality and healthiest snacks, beverages and essentials to office employees. Think of us as the Square for self-checkout meets on-site mini-Whole Foods.

Vending is a stagnant $43 billion industry that has suffered from expensive proprietary hardware, onerous payment acceptance and limited (often wildly unhealthy) selection. We replace this hardware with lightweight software that enables customized product selection and seamless checkout. Offices no longer need to sully their breakrooms with unsightly machines selling stale snacks; rather, they can enjoy the clean and minimal retail look of our Yumbins chock full of delicious products. 

Initially, we are targeting workplaces where employees pay for snacks, which are the large majority of corporate offices and manufacturing facilities. 1.2M of these sites fall into our target market, of which roughly 50% have vending machines today.",United States of America,['Food & Beverage'],Inactive
591,W14,We're a Y Combinator W'14 class. We use matchmakers to set up group dates. What Uber has done for transportation - we're doing for dating. Members can book high quality dates on their schedule with the click of a button. Dating Ring is live in NYC and SF and will be launching next in Boston and LA.,United States of America,['Dating'],Inactive
589,W14,Threadable is a mailing list management solution that makes group email less noisy and more actionable.,United States of America,"['Messaging', 'Email']",Inactive
584,W14,"FutureLeague (previously known as Camperoo) teaches kids ages 6-12 engineering and programming with a focus on teamwork, creativity, and design thinking. Kids level up in skills while participating in hands-on projects to reach 100 hours of instruction, similar to going from white belt to black belt in martial arts. They also host corporate team building events with Fortune 500 companies to foster design thinking and innovation.

FutureLeague is a Y-Combinator backed startup based in SOMA, San Francisco.  Emmie Chang, CEO/ Founder, previously created the largest summer technology camp in Texas and math ed-tech software that was used in over 35 school districts serving hundreds of thousands of students.",United States of America,"['Education', 'Kids']",Inactive
579,W14,"Awesometalk is based out of San Francisco. We provides simple, free video calling.

We are insanely focused on making communication simple. We don’t like logging in, remembering passwords, or teaching our parents how to use Skype. Don't suffer the ""add me on Skype dance"" anymore!",United States of America,['Video'],Inactive
733,S14,"Zenamins is a comprehensive online vitamin subscription service that is personalized and designed specifically with the individual in mind. Zenamins was designed to make vitamin-taking easier, safer and more convenient. Simply select the vitamins, minerals and supplements you want or use the special online guide to determine which ones are best for you. Every four weeks subscribers receive a new Zenamins pack in the post. Zenamins uses pharmacy-grade technology to custom pack vitamins into daily doses, while all vitamins and supplements are of the highest quality and mostly softgels, as these have shown to have 4x the absorption.",United States of America,['Health & Wellness'],Inactive
726,S14,"Beep makes small, cloud-connected wireless sensors that run on batteries for 10 years. Just place a Beep Sensor where you want it and your data shows up in the cloud. Beep Sensors report their location (GPS), temperature, moisture, pressure, altitude, and motion. They have ports to plug in any other type of sensor you want (e.g., gas, soil, microphone, or camera).",United States of America,"['IoT', 'Telecommunications']",Inactive
725,S14,"Zoomer is a venture backed, technology and logistics startup focused on helping high volume delivery restaurants wow their customers and grow their business. We've taken a unique approach to changing the food delivery space and it's starting to pay off. Zoomer has stayed out of the spotlight so you won't find much about us online, but our charts are going up and to the right in impressive fashion and more importantly, we are growing and working with more and more restaurant partners, driver partners & hungry diners each day. We are backed by some of the best investors in the world including Foundation Capital, Y Combinator (S14), First Round Capital, SV Angel, Eric Ries and others. 

Zoomer connects high volume delivery restaurants with independent delivery drivers. Our platform has been built to handle an extraordinarily high volume of concurrent deliveries. Restaurants leveraging the Zoomer platform are able to provide a better & more consistent delivery experience for their customer, which ultimately leads to a stronger bottom line. Independent drivers on the Zoomer platform have the ability to create their own schedule & increase their own efficiency, resulting in more earnings.  And of course, customers receive their orders dramatically faster than the status quo.

This is your opportunity to get in on the ground-floor. You’ll have a ton of impact – lots of freedom to evolve our processes, systems, partners, platform, stack and apps. We’re currently hiring across a number of teams,  there’s a full listing of our open roles at www.zoomerdelivery.com",United States of America,"['Delivery', 'Logistics', 'Food & Beverage']",Inactive
723,S14,"Our mission is powering prosperity around the world. We build intuitive web, mobile, and cloud solutions that generate more money, more time, and more confidence for 46+ million people. Leveraging big data insights, machine learning, and powerful automation, we help consumers, small business owners, and the self-employed achieve their dreams of prosperity.

Whether you work on our product and technology teams or in any role across the globe, you’ll play a part in designing and launching industry-leading products like Mint, TurboTax and QuickBooks in an agile environment with fast moving teams.  Learn how your ideas will shape our ecosystem of products and make a giant impact.

Our culture and entrepreneurial spirit have earned us a spot on Fortune’s “Best Companies to Work For” year after year, as well as many other recognitions across the globe. Join us in powering prosperity around the world.

Career Areas: Software Engineering, Product Management, Mobile, UX / User Design, Data, QA, IT, Marketing, Sales, Finance, Tax, and more.",United States of America,"['Fintech', 'Insurance']",Inactive
721,S14,"Whirl's proprietary payment terminal allows customers to pay with a fingerprint in just 1 second. It is the fastest and most secure method of payment on the market, offering the security of a chip card with a nearly invisible payment experience.

Just a single press to the payment terminal, and payment is complete.",United States of America,"['Biometrics', 'Payments']",Inactive
720,S14,"Weave delivers a personalized professional introduction every week (YCS14)

Follow us :)
Twitter: @startweaving, #startweaving
Facebook: weavenetworking
Website: http://www.weave.in/
Email: lisa@weave.in

Happy Weaving!

The Weave Team",United States of America,['Artificial Intelligence'],Inactive
716,S14,"Tinker is a cryptocurrency electronic trading & market making firm, founded in 2014. At our peak we've processed $10m+ in daily volumes and represented 10-20% of all BTCUSD trading on regulated exchanges.",Canada,['Crypto / Web3'],Inactive
713,S14,"Think Gaming uses data science to connect the best mobile freemium games with publishers and investors that can help them grow.

We've analyzed 5000+ games using a proprietary data set to find the keys to predictable success. Our free Scouting Reports compare games to top grossing peers and assess their likelihood of becoming the next billion dollar mobile game.",United States of America,"['Gaming', 'Analytics']",Inactive
712,S14,"Paid is an API for invoicing.  Paid helps company manage their accounts receiving with a seamless integration into any tech stack.  We help you track expenses, generate & issue invoices, remind customers of outstanding payments and reconcile your accounts—all with about 30 minutes development time.

API - Automate Everything
Paid allows you to automate every step of your accounts receivable.  In a few lines of code you can create invoices, issue them, and accept payments.  Paid makes the invoicing/billing process fully automatic, freeing up time to focus on core business responsibilities.

Customize Everything
Your company, your way of doing things.  Paid is fully customizable from branding, billing terms, payment methods and more.  Paid can be adapted to any business model.

Track Everything
How much revenue is currently outstanding? How much is overdue? Who has already paid and does so on a regular basis? Everything you and your Finance Department need can be seen on our dashboard and exported for Accounting.

Grow With Paid
Whether it’s 10 or 10,000,000 invoices, Paid has a solution that will enable you to scale without the normal growing pains.",United States of America,['Fintech'],Inactive
710,S14,"A community that finds the best new items in fashion.   Each day, HauteDay focuses on a specific fashion theme that our community then organizes into a shoppable collection.   

One of the most exciting aspects to HauteDay is that we are bringing attention and customers to some of the most innovative and up and coming fashion brands from around the world.",United States of America,['Gaming'],Inactive
707,S14,"SalesSift (formerly known as LeadFinch) is an intelligent lead-sourcing platform.

Our machine learning algorithm recommends the best new companies to target based upon the profile of your existing customers.",United Kingdom,"['Artificial Intelligence', 'Machine Learning', 'Sales', 'Marketing', 'CRM']",Inactive
706,S14,"Shout is a one-to-one exchange platform that enables its users to post classifieds to sell tickets and reservations.

It also has developed an iOS application that enables its users to communicate in real time with the sellers and handle payments online.",United States of America,['Marketplace'],Inactive
701,S14,"Roost is the first to provide push notifications for websites.  Power your web engagement and audience growth with cutting edge technology.  Powerful feature sets including geolocation, A/B testing, and personalization. 

Currently supports Chrome and Safari browsers on Windows, Mac, and Android. Firefox support is coming soon.  

Roost is a Y Combinator backed company located in NYC.",United States of America,,Inactive
698,S14,"Ditch your bare-bones, high-fee checking account. You deserve free and powerful everyday banking.

Nearly 3 out of 4 millennials would rather go to the dentist than listen to their bank. While it's possible that we just really love our oral hygiene, it's more likely that we don't trust or like our banks.

It's not hard to understand why. Big banks use big budgets and armies of salespeople and marketers to sell old-school products layered with fees and penalties. Their profits increase when we spend more, overuse debt, and make mistakes like overdrafting.

Big banks get away with this because banking is such a vital service. Everyday spending and saving decisions that begin at the checking account ultimately determine whether we'll lead a healthy and secure financial life.

What can be done? Bill Gates believes banks aren't necessary for banking. Millennials believe technology companies can make banking better. So let's build a better bank. Cheddar is a new mobile bank account, debit card, and business model to free the world from underpowered checking accounts and evil banks.",,"['Fintech', 'Neobank']",Inactive
696,S14,"In Your Corner is a marketplace for online counseling and coaching services. Through a secure, HIPAA-compliant platform, our service connects users with a carefully curated team of wellness professionals. By conducting online consultations via video chat, written journals, and even texting sessions, we have transformed traditional therapy into an experience that is low-cost, convenient, and completely confidential.

Everyone can benefit from an objective perspective during difficult times, but the current model for supportive services is broken due to insurance gridlock, a clunky referral system, long wait times and unsustainable costs. Our web-based approach offers valuable guidance through accessible and anonymous means. Users log in to secure accounts and speak with licensed professionals on a variety of topics—relationship conflict, job stress, etc.—from anywhere at any time. With our proprietary technology, we have removed every barrier to entry and created an outlet for millions who wouldn’t have sought emotional health services otherwise, reducing stress for an increasingly stressed-out generation. This is the future of mental health. 

The shift in moving counseling services online is inevitable and our product is already in demand: After a successful pilot with Pretty Padded Room, an online therapy website specifically targeted towards millennial women, we are excited to relaunch as In Your Corner, an aspirational brand that provides the very best in counseling, coaching, and calm. In Your Corner improves on our original offering by being more gender-inclusive and convenient. In addition to developing a mobile app to provide one-tap, on-demand support in real time, users also have access not only to licensed mental health counselors, but also coaches in personal and professional development as well as instructors of meditation and breath work.",United States of America,"['Mental Health Tech', 'Telehealth', 'Digital Health']",Inactive
692,S14,"Nightingale is the clinical decision support solution for evidence-based interventions. We're committed to ensuring that service providers for individuals with autism and related disorders are equipped to administer high quality, personalized treatment.

According to the CDC, 1 in 68 children in the U.S. are now diagnosed with autism, contributing to an estimated 1.5 million Americans living with the condition. Although autism has no known cure or scientifically proven pharmaceutical treatment, its symptoms can be abated and maintained through rigorous evidence-based interventions like applied behavior analysis, speech-language pathology, and occupational therapy. 

Nightingale provides these practitioners with a suite of tools for HIPAA-compliant data collection,reporting, and analytics that can be customized to any curriculum and used in any setting. By equipping service providers with a convenient and user-friendly solution for data management and analytics, Nightingale frees up more of their time for creating high-quality curriculums and working with clients.",United States of America,"['Education', 'Health Tech']",Inactive
690,S14,"Neptune is an observability startup that offers one-stop incident enrichment and automation platform for IT Operations and DevOps teams.

It is a fact of life that servers and applications go down causing IT outages. Today most of the IT incident response is manual, tedious and lengthy resulting in more downtime and losses for businesses. At the same it's very painful for a DevOps engineer to wake up at midnight and on weekends to deal with server and application alerts. 

Enter Neptune, which lets a DevOps engineer automate his incident response steps --Troubleshooting + Resolution + Documentation,  so that he/she can fix the incidents in minutes instead of hours. So it's a win-win deal : For businesses downtime is minimized, and for DevOps engineers they need not worry about a deluge of alerts and midnight wake up calls.

Big companies like Amazon, Facebook etc built sophisticated incident response tools to achieve high availability and resiliency. We have architected and built one such tool for AWS. Now Neptune is making one such tool available for everyone. 

Give it a try at www.neptune.io",United States of America,"['AIOps', 'DevOps', 'Monitoring']",Inactive
689,S14,"Y-Combinator (S14)

A/B test your videos, articles, and images on Facebook, and automatically publish the best version everywhere. Get started at www.naytev.com.

Testing is every top social team's secret weapon.
It's no secret that standing out in the News Feed has become more difficult. That's why elite content teams test how the content they post to Facebook will appear.

We help the top brands and publishers in the world stand out in the noise and reach larger audiences. With Naytev's cutting-edge techniques, you can run expert-level tests in a matter of minutes.

Already an expert? We can help you scale your test volume and improve the quality of your tests.",United States of America,"['SaaS', 'Social Media', 'Marketing']",Inactive
679,S14,"VizeraLabs' current project, Vizera, is a smart projection device that performs accurate projections on physical objects. The current primary application of this technology is fabric simulation for furniture stores. The Vizera Projector has the potential to assist both consumers and retailers in the fabric selection process.",United States of America,['Furniture'],Inactive
674,S14,"The TAXA platform has been specifically designed to enable anyone to perform metabolic engineering of plants without stepping into a lab. We provide access to protein engineering, DNA assembly, transient experiments and stable transformation as a service. The best thing is that anything ""Powered by TAXA"" is designed to be free from expensive regulatory approval, meaning the products are available for sale or distribution to consumers in the United States immediately after they are developed. For a detailed list of the experiments which can be run on our platform please see the Services page.

Our vision is a world where bio-engineering is as easy and commonplace as mobile application development is today. Game-changing technologies, like genetic engineering, should not be the exclusive preserve of large corporations and a wealthy elite. Democratizing the tools of creation enables anyone, anywhere, to genetically engineer plants and will unleash a wave of creativity to power an environment where ultimately what we create is limited only by our imagination.  The TAXA platform is our next step in the realization of that dream

We are also the team behind the first synthetic biology crowdfunding project, raising $484k on Kickstarter to make real glowing plants: www.glowingplant.com",United States of America,"['Agriculture', 'Genetic Engineering', 'Biotechnology']",Inactive
672,S14,"Go flying with local pilots.

Thousands of private pilots fly every day with empty seats in their planes. We connect you with them so you can join in their same day, round trip adventures! Whether it be a common destination, lunch at an airport restaurant, or another day trip, Flytenow makes it possible to get off the ground and go on an adventure.",United States of America,['Air Taxis'],Inactive
669,S14,"Fixed is the easiest way to fight a parking ticket.

YOU HAVE A RIGHT TO FIGHT
Up to 50% of tickets are dismissed when challenged.

OUR EXPERTS CAN HELP
We built a team of experts that know the parking rules inside-out.

JUST TAKE A PHOTO
Upload your ticket as a photo. We will take care of the rest.

NO FEE TO CONTEST
We only charge 25% of the fine if you win. You have nothing to lose.",United States of America,['LegalTech'],Inactive
668,S14,"OwnersCircle provides small business owners with the online tools and financial information that they need in order to navigate the complex world of business financing.

The reality is that there is no easy way to search for small business financial products, which creates a headache for already time-strapped business owners. Recent reports show that owners spend an enormous amount of time (25 hrs on average) searching and applying for loan products, with many focusing on lenders that have high rejection rates and long, complex processes.

There's a better way! There are a growing number of banks and alternative lenders that want to work with small businesses and are willing to compete for their business. Our platform provides owners with the information they need in order to identify, compare, and apply for financial products that can help take their business to the next level.


Why Use OwnersCircle?

1. Get access to free, online tools to identify financial institutions that actively lend to growing small businesses
2. Shop and compare a variety of lenders and their loan products 
3. Use one platform to complete your financing search versus spending countless days researching and completing lender applications only to find out you're not a fit
4. Free access to our team of funding consultants to answer any questions you may have throughout the process


What Types of Business Financial Products does OwnersCircle Include?

- Lender Types: Local Banks and Alternative Lenders
- Product Types: SBA Term Loans, Bank Term Loans, Alternative Term Loans, Asset-based Loans and more


Why Would I Need Business Financing?

New location or remodel current space
Purchase inventory
Purchase equipment
Hire additional employees
Manage cash flow
Refinance/consolidate current debt
Marketing and advertising",United States of America,['Crowdfunding'],Inactive
667,S14,"Doblet is the world’s first network of batteries on demand for charging phones everywhere. The company’s mission is to provide portable power anywhere consumers happen to be. Using patent-pending technology and the Doblet mobile app on iOS or Android devices, users are instantly notified of the nearest place to pick up a charge the moment their batteries start to run low. Consumers can charge their smartphones while on the go at over 1,000 San Francisco Bay Area cafes, bars, and restaurants.",United States of America,['Hardware'],Inactive
657,S14,"Bikanta is introducing revolutionary nanodiamond-based technology to push the boundaries of current medical imaging and diagnostics, allowing researchers to answer questions and medics to detect diseases that they currently cannot.

A nanodiamond is forever. They are brightly fluorescent, infinitely stable, non-toxic, functionalizable and can be used for background-free optical imaging.  Early results have improved the signal by as much as 100-fold over conventional fluorescence imaging techniques.   Bikanta’s vision is to redefine the boundaries of medical diagnostics by delivering cutting-edge imaging probes and background-free optical imaging.",United States of America,['Nanomedicine'],Inactive
656,S14,,,"['Neurotechnology', 'Health Tech']",Inactive
654,S14,"Bannerman helps businesses hire and manage security guard services. Our technology eliminates busywork and human errors so we can provide a more reliable security experience. Our customers have total transparency into the guard schedules, attendance, and incident reporting. We’re the only place where you can instantly book security guard services in all 50 states. ",United States of America,['Security'],Inactive
835,W15,"Founded in 2012, Transcriptic has developed the first robotic cloud lab platform for on-demand life science research. It’s powered by the Transcriptic Common Lab Environment (TCLE) a scalable, digital infrastructure that integrates laboratory processes, instruments and IoT technologies into a single user interface. Researchers can carry out scalable, reproducible and rapid experimentation from anywhere in the world. 

Top ten pharmaceutical companies, as well as emerging biotech companies, are using the platform to gain more reproducibility and flexibility in the design and control of their experiments. By leveraging cloud-based technologies, users can access the power of a fully automated laboratory – whether in their own labs through an on-premise deployment of TCLE or through Transcriptic’s Bioassays services – all through a simple web-based interface. 

Transcriptic is transforming drug discovery and synthetic biology research by helping scientists focus on accelerating discoveries instead of labor-intensive bench work.",United States of America,"['Robotics', 'Biotech']",Inactive
826,W15,"Priime's founding team of lifetime photographers are made up of Y Combinator alumni who are also seasoned developers and designers. Combining our passion in photography, with our experience and skills of product design and development, we are setting out to lead the world in improving the overall quality of shared photos.",United States of America,,Inactive
854,W15,"At ThinAir They are building the future of data security--and it's wrought with exciting engineering challenges!

As a cloud-based SaaS product, ThinAir is the first data security solution that allows everyone—administrators and employees alike—to take control over their most sensitive data in a way that enhances, not hinders their productivity.

They were the 2014 DEMO Enterprise's DEMOGod Winner and they completed Y Combinator as part of W15.",United States of America,"['Cybersecurity', 'Enterprise']",Inactive
852,W15,"Founded in 2012, Nomiku invented the home sous vide immersion circulator and are make it connected. 

Proudly manufactured in the United States, Nomiku’s quality is renowned in the culinary world and put to the test in thousands of homes and the best restaurants in the world every night.

Chefs on Main Street, Michelin-starred restaurants, and most everywhere in between have been dazzling diners with their sous vide creations for years. Nomiku led the way for people to use it at home in 2012 with the invention of the home sous vide immersion circulator funded by two successful Kickstarter projects totaling over $1.3M raised. They turned this modernist gadget into a useful everyday kitchen tool by dramatically reducing the price of the machine and redesigning it from the bottom up for at-home functionality. Five years later, the sous vide machine is turning into a mainstream darling and the advent of the Nomiku Sous Chef Meal delivery program (launching on May 15, 2017) breaks the last barriers to make sous vide accessible to everybody.
 
The Nomiku Sous Chef launch comes at the heels of Samsung Ventures participating in an investment round in the startup. Nomiku is a partner of the Samsung Family Hub 2.0 program and allows for app integration into their smart kitchen offering.",United States of America,['Food Tech'],Inactive
850,W15,"On a mission to automate, optimize, and unify your digital advertising campaigns with incredible software.",United States of America,"['Analytics', 'Advertising']",Inactive
845,W15,"At Lully, we’re building the children’s sleep company. We create innovative, thoughtfully-designed, clinically-proven consumer products to help children, and their families, sleep better. 

Our first product, The Sleep Guardian is the only solution for night terrors. Based on our patented, clinically-proven technology, the Sleep Guardian goes under the mattress and uses precisely-timed vibrations to avoid night terror episodes completely. 

The Sleep Guardian is just the initial product in a suite of smart solutions based on our process: combining a user-centric approach with a clinical understanding of sleep to solve unmet problems in children’s sleep. 

Based in San Francisco, Lully was founded by Dr. Andy Rink, a doctor and father, and Varun Boriah, a medical device entrepreneur. 

Lully was spun out of the Stanford Biodesign Fellowship and is backed by Y Combinator, Two Sigma Ventures, Stanford-StartX Fund and Highway1. We’ve partnered with Stanford Sleep and Riley Children’s Hospital in our goal to help families sleep better.",United States of America,"['Sleep Tech', 'Health Tech']",Inactive
843,W15,"Bagaveev Corporation is a startup backed by Adam Draper's Boost accelerator (boost.vc)

and advised by Tim Draper (dfj.com) is designing, building and testing

3D printed aerospike rocket engines that will power both lower and upper stages

of a 3-ton, 35 foot rocket, designed to deliver 10-12 kg nanosatellites

to low Earth orbit and Sun-synchronous orbit.",United States of America,"['Space Exploration', 'Satellites']",Inactive
839,W15,"Wink Health is a simple and effective way to get treatment for sleep apnea online. About 90% of people with sleep apnea go untreated. Our goal is to remove the barriers to getting diagnosed and receiving treatment.

We do this through a combination of a smartphone app that 'listens' for sleep apnea risk, telehealth consultations with doctors, and treatments shipped to people's homes.",United States of America,"['Sleep Tech', 'Health Tech']",Inactive
838,W15,"Currently servicing the San Francisco Bay Area, Los Angeles, New York, Chicago, Washington DC, Baltimore, Atlanta, New Orleans and Tampa Bay.

VetPronto is a new type of Veterinary Service dedicated to providing the most quality, convenient and transparent veterinary care possible. We're empowering vets across the country to better serve their patients. 

We treat pets at the home or workplace, saving them stress, and you time. We're using tech to provide a new standard of medical record management, client communication, and operational efficiency, including telemedicine and pharmacy integration.",United States of America,['Healthcare'],Inactive
832,W15,"We are multiplying the potential of the real world by making computer vision accessible to all.

We create the cloud and edge tools that developers and non-developers require in order to build, deploy, and improve CV solutions quickly.

standardcyborg.com (YC W15)",United States of America,"['Machine Learning', 'Computer Vision', 'Open Source']",Inactive
831,W15,"Spoil fundamentally changes the way people interact with each other. Spoil brings people closer to on another through genuine gestures that are fueled by technology. 

With a tool that empowers its users to engage in positive human interaction, Spoil inspire them to give, and enhances how they receive. Using technology, Spoil predicts what makes someone happy and leverages on-demand logistics to make it happen. 

With Spoil you can make anyone happy as easily as calling an Uber.

Spoil is all about the experience we provides to both the sender and the recipient. Focusing on how we want the recipient to feel, each step of the process leverages the right emotions and builds a story around the Spoil being received. This makes sending a Spoil a thoughtful gesture as opposed to just an exchange of items.

Spoil help individuals and corporations acknowledge people around them through genuine gestures. It is the only medium accessible to everyone that builds simple, contagious and ubiquitous happiness. 

Because, we believe that everyone should be Spoiled.",United States of America,['Social'],Inactive
828,W15,Rescue Ops is a digital forensic that archives massive quantities of data from classified advertisement websites specializing in commercial sex ads for law enforcement agencies to use in anti-trafficking investigations.,United States of America,"['Analytics', 'Security']",Inactive
823,W15,"Pigeonly is a subscription-based platform that makes it easy for people to search, find, and communicate with an incarcerated loved from anywhere in the world.  Our technology cuts the cost of expensive prison calls by 80% and allows our customers to send their inmate printed photos, greeting cards, and more right from any cell phone, tablet, or computer. 

At the core of the Pigeonly business is our proprietary inmate API, Haystac, that searches and organizes millions of Federal, State, and County records in real-time to determine the location of 2MM+ inmates across all prison facilities. This makes it possible for our users to easily search, find, and connect with their incarcerated loved one using one or all of our 6 consumer-facing products.

Pigoenly's target market usually has to settle for poor product design and is often the victim of predatory business practices. At Pigeonly, we focus on providing quality products at affordable prices; pair that with five-star customer service to achieve a superb customer experience never seen in the market. We understand just how important this is to our customer because we are our customer.",United States of America,['GovTech'],Inactive
822,W15,"Dabble is a virtual photo studio for e-commerce powered by hyper-realistic CGI and computer vision. The demand for content in retail is skyrocketing due to the pandemic induced surge in online shopping, but product photography is still extremely slow, tedious and expensive. We’re building a platform to scale and automate product photography for every e-commerce brand.",Canada,"['Artificial Intelligence', 'Augmented Reality', 'Computer Vision']",Inactive
821,W15,Cinder designs and manufactures premium smart cooking appliances that empower people who love great food to evolve the way they cook and eat at home.,United States of America,['Hardware'],Inactive
819,W15,"Nextop IO is a mobile content delivery network (CDN) that optimizes the path between mobile applications and back ends. It offers a client-side networking library that integrates with iOS and Android operating systems; network of proxies that speaks a custom protocol to optimize delivery times, throughput, and data and battery usage; and metrics to visually monitor and debug connection quality in its users’ applications.

Nextop IO was launched in 2014.",,"['Developer Tools', 'DevOps']",Inactive
812,W15,"Glassjar designs and develops software that enables its users to manage their flat's shared expenses. It offers Flatting, a software product that enables its users to keep track of their flat's expenses, including flat account, flat-mates, and payments. The company offers a dashboard that provides an overview of their flat accounts, such as how much is available to spend, each person’s ledger, and summaries of their previous spending.

Glassjar was founded by Matthew Galloway and George Smith in 2013; and is headquartered in Wellington, New Zealand.",United States of America,"['Fintech', 'Payments']",Inactive
804,W15,"Dealyze is an in-store digital custom rewards and referral program with automated marketing tools for small businesses that is proven to bring back customers. Tailored to your specific needs, Dealyze ensures every transaction is a chance to build a relationship. Our mission is to bring a powerful digital marketing platform to any store. We hope to even the playing field by doing our part in building the next generation of business tools. Dealyze has the backing of top-tier investors including Y-Combinator. The company is headquartered in Silicon Valley.

Visit www.Dealyze.com to learn more about the company, schedule a demo, or just inquire about joining us.",United States of America,"['Retail Tech', 'Retail']",Inactive
795,W15,Underground Cellar is a leading wine e-commerce company that is changing the way wine is bought and sold in the $70B consumer US wine market through ‘gamification’. We provide a unique and exciting experience that gives wine buyers a great value by using upgrades instead of discounts. Wine sellers love Underground Cellar too as it allows them to quickly sell bottles while protecting their brand.,United States of America,"['Marketplace', 'E-commerce', 'Food & Beverage']",Inactive
794,W15,Rare Door is an ecommerce platform that helps user discover and buy great products available in nearby stores.,United States of America,"['E-Commerce', 'Retail']",Inactive
784,W15,"Messaging solution that retail employees use every day

Reduce employee turnover and save managers time",United States of America,"['Restaurant Tech', 'Retail']",Inactive
783,W15,Rescheduling for residency programs. Rescheduling is one of the largest logistics pain points in hospitals and residency programs. Reschedule provides an end-to-end work flow to manage graduate medical education scheduling.,United States of America,"['Scheduling', 'Healthcare']",Inactive
779,W15,"2000+ customers use Pakible including Samsung, Reddit, Soylent, and the Golden State Warriors.

We make it insanely easy to design, price, and manufacture custom product packaging.

Leveraging in house software to automate operations, an incredibly user-friendly customer-facing interface, plus amazing people + vendors. Pakible is an unbeatable experience and price compared to brokers or direct manufacturers.

Packaging is the most slept-on market in the world, a $500B market just domestically representing over 2% of US GDP.

We're a startup of < 10 people. Come build something special with us, and have a huge role in doing so.",United States of America,['Manufacturing'],Inactive
775,W15,"Omniref is a code-based reference, maintained by and for the programming community. Find questions, comments, links and documentation on the code that you're already using.",United States of America,['Developer Tools'],Inactive
772,W15,"Kickpay is transforming how companies finance their inventory.

By leveraging a client's data, we enable them to access financing that was previously unavailable, allowing them to grow faster.

With Kickpay, you only pay for inventory after it sells. Not months beforehand. ",United States of America,['Fintech'],Inactive
770,W15,"Investors can list their trades on Instavest, including the company, share amount and rationale behind the investment. Other users can invest alongside the people willing to share their own purchases and sales. Instavest encourages you to block out a portion of your profits — in the neighborhood of 5 percent — that might arise from the transaction for the original listing entity.",United States of America,,Inactive
766,W15,"GroupAhead is a YC-backed company that allows groups to create their own dedicated smartphone apps. The easy-to-use, single-purpose app focuses solely on connecting an organization's members. With a dedicated,  specialized app, member involvement and event attendance goes up, and push notifications cut through the noise of email and Facebook.",United States of America,"['Messaging', 'Team Collaboration']",Inactive
765,W15,"SparkGift is a Y Combinator backed technology startup that makes it easy to give investments as gifts.  

The founders came together with a common vision that it should be as easy to give someone an investment in the future, as it is to give someone a retail gift card.  SparkGift supports small dollar gifts and fractional shares, so you can give someone a $20 investment in Apple or a Vanguard index fund.

SparkGift is creating products that make investing simple, enjoyable and accessible to the masses.  Our mission is to use gifts to create new savers & investors at scale.",United States of America,"['Investing', 'Stocks']",Inactive
758,W15,Cribspot is an online platform for college students and property managers that streamlines finding and leasing off-campus housing.,United States of America,"['Real Estate', 'Proptech']",Inactive
754,W15,"** NO LONGER IN BUSINESS **

Booktrope is reinventing the way books are published. We are not a self-publishing operation. What does that mean? At Booktrope we do not charge authors to publish nor do we accept all submissions.

We have pioneered a concept called “Team Publishing” which addresses the way books are actually developed, not just the way they are distributed and read. We offer print, ebook, and web versions of all our books, in other words, we are format agnostic. We don’t want to debate the death of print books, or the birth of ebooks, we love and support them all. 

A typical Publishing Team consists of an author, editor, designer and business/marketing manager for the book. You don’t get assigned projects in our system; you choose the people you work with.  We work much more quickly than traditional publishers, taking advantage of new technologies to streamline the process of getting books into the hands of readers. Lastly, we use that same technology to keep overhead low, and we think that the bulk of the revenue from book sales should go back to the creative team that makes them happen.",United States of America,,Inactive
747,W15,"The next decade is going to see a biotech revolution fueled by three technologies: ability to read DNA (sequencing), ability to write DNA (synthesis), and computational systems that predict what DNA to read and write. With sequencing and synthesis being mainstream now [1], 20n provides the computational systems that predict DNA design for novel industrial biotech and health applications.

At 20n, we are taking a fresh look at turning biological data into information. We approach it as a big data learning problem, and bring to bear techniques from machine learning, distributed systems, AI planning, program synthesis, data mining, and natural language processing. With the support of DARPA [2], we are building a team of computer scientists, and bioengineers to look at biology in fundamentally new ways.

Our current customers include industrial biotech firms that are leading the charge in transitioning us from traditional unsustainable means of manufacturing to sustainable biological processes leading to advanced fuels, materials, therapeutics, and flavors and fragrances. 20n’s technology helps them enter markets previously thought inaccessible for biology.

[1] Sequencing DNA costs $4k/genome (http://www.genome.gov/sequencingcosts/) and is expected to go down to $1k/genome. Synthesizing DNA is at 20cents/bp, and is expected to go down to 0.1cents/bp.
[2] DARPA in the past supported work that led to the internet, stealth planes, GPS, and even Douglas Engelbart’s mother-of-all-demos.",United States of America,"['Artificial Intelligence', 'Biotech']",Inactive
742,W15,"3dot is a think-tank company based in Ljubljana, Slovenia. Our core business is developing ideas, products and services based on newest technologies for our partner companies and their customers.

The companies we work with rely on us to provide them with the craziest new ideas, technological breakthrough services and amazing new products. Our usual daily job is brainstorming on new and polishing existing ideas that will soon enter the market.",Slovenia,,Inactive
1166,W15,Direct Match was a venture-backed startup building the first all-to-all US Treasury trading venue.,United States of America,,Inactive
970,S15,We provide businesses the opportunity to leverage AI conversational VoiceBots for Sales & Marketing.,United States of America,['SaaS'],Inactive
968,S15,"Founded in May 2015 and based in San Francisco, California, Halolife is an online platform that provides step-by-step guidance to plan and find a burial or cremation service that meets your needs, budget, and location. Halolife is the only trusted online end-of-life marketplace that offers complete transparency of business reviews and prices of funeral and cremation providers.

Whether you are a family that needs immediate assistance or planning for the future, our team of caring experts will help you every step of the way. We eliminate the need to shop around by matching you with the right funeral provider. Currently, Halolife is operating in the state California with plans to expand to throughout the United States in the near future.",United States of America,,Inactive
965,S15,"Vive is the modern beauty concierge for the modern woman. Vive gets you a convenient, top salon appointment in just two taps. Gone are the days of searching, Yelping and calling for an appointment. Vive members can enjoy unlimited blowouts to use at salons in the Vive network. 

www.vive.co",United States of America,,Inactive
958,S15,"STYLEBEE is a beauty services provider, offering affordable and premier hair and make-up services to our clients anywhere, at any time. Our clients range from the working mom to the busy professional to the social weekender to the celebrity – common to them all is that they believe looking and feeling their best makes them be their best. Our highly vetted, seasoned beauty professionals provide each and every woman with a customized, glamorous experience - every day is an event.

STYLEBEE empowers every woman/man to experience beauty/men's grooming on their own terms. We help women everywhere, at any time, look and feel beautiful – because when you feel amazing, you make amazing things happen.",United States of America,"['Marketplace', 'Beauty']",Inactive
955,S15,"Fully-automated Quantitative MR Image Analysis.

Our software converts a user’s full body magnetic resonance scan (MRI) into a 3D virtual model of their body in the cloud. The model is annotated with explanatory information so they can easily explore and learn about different parts of their body.

Klarismo is the only provider of MR analytics that can offer truly scalable analysis for large data collections. Cloud-based processing allows 1000s of acquisitions to be analyzed simultaneously. Machine learning techniques utilize Klarismo’s proprietary collection of labelled MRI data and eliminate the need for manual processing to produce precise volumetric measurements.

Klarismo specializes in the detailed analysis of body composition, including volumetric measurements of different muscle and fat tissues, from whole-body acquisitions.",United Kingdom,"['Health Tech', 'Medical Devices']",Inactive
951,S15,"Wheelys is a chain of organic bicycle cafés that enables young people to start their own cafés. Since starting last year, Wheelys has sold over 800 cafés in 75 countries, which means it’s growing faster than any fast food chain. Ever. 

Wheelys vision is to make it easier for passionate people without money to open their own cafés, shops, and restaurants. 

Wheelys was hosted at Y Combinator (the accelerator behind Airbnb, Dropbox, and Reddit) and has been funded by, among others, Othman Laraki (Color Genomics), Paul Buchheit (creator of Gmail), Jared Friedman (founder of Scribd), and Justin Waldron (co-founder of Zynga).

“We will break the hegemony of the industrial fast food chains, and pave the way for an organic revolution. Helping us to do this is young hungry eco entrepreneurs from all over the world.”
Maria De La Croix, co-founder of Wheelys",Sweden,['Food & Beverage'],Inactive
950,S15,"Fetch is a marketplace where you can rent a nearby truck instantly using just your phone. Instead of waiting in line at a traditional rental company, you can instantly book a truck in your neighborhood and unlock it with your smart phone - all at a lower price and without the hassle.
",United States of America,"['Marketplace', 'Logistics', 'Transportation']",Inactive
947,S15,"Global manufacturing, simplified.

Maderight is your one-stop shop for fashion sourcing, manufacturing, and logistics. We manage your entire supply chain so that you can focus on building your brand and selling your products rather than worrying about manufacturing delays and mistakes. Our consortium of factories have been curated to guarantee ethical practices, quality assurances, and timely delivery. 

Y Combinator S15 & StartX S15",United States of America,['Manufacturing'],Inactive
945,S15,"We're making a bank account that lets you easily separate, spend and track money. Just like houses have different rooms for different uses, our account lets you have dedicated pockets of money within your account for different uses. ",Kenya,['Fintech'],Inactive
940,S15,"Traversal Networks develops a new form of Network Intrusion Detection System designed to catch unknown threats. The Lateral Threat Detector appliances are easily installed on your corporate network. These analyst-assisted sensors learn traffic patterns on each of your network segments and detect lateral exploitation, backdoors, bots, malware, and network reconnaissance.

The Traversal Networks operate on four different platforms: learn, reputation, machine learning and search.

Traversal Networks has developed heuristics using a corpus of live network data combined with expertise in botnet detection to help filter traffic. Additionally, Traversal Networks uses IP and DNS reputation across all its deployed devices to detect new threats.

The Lateral Threat Detector appliances utilize reinforcement learning to continually enhance filtering performance on each network segment, and submit prefix-preserving anonymized data to our cloud making it available to be quickly searched in real time.

The Traversal Cloud Analysis platform was designed to enable its security analysts to quickly pivot on anomalous traffic seen across its network and classify it as malicious or benign.",United States of America,['Cybersecurity'],Inactive
935,S15,"Seva Coffee is a consumer electronics company based out of Calle Laguna del Marquesado Nª 19, Nave 16 Edificio Adriana 1ª Planta, Polígono Industrial La Resina (Villaverde), Madrid, Community of Madrid, Spain.",United States of America,"['E-Commerce', 'Personalization']",Inactive
933,S15,"Reduced Energy Microsystems is building the most power-efficient silicon for embedded computer vision to bring visual intelligence to a whole new range of devices. By combining  proprietary asynchronous resilient technology with a custom neural network architecture, REM chips will handle state-of-the-art inference and traditional vision workloads in a tiny power envelope. REM makes  augmented reality, body-worn cameras, and autonomous robots smarter than ever before.",United States of America,"['Artificial Intelligence', 'Hardware', 'Computer Vision', 'Energy']",Inactive
929,S15,"Prayas Anaytics helped retailers A/B test their stores, the way eCommerce companies A/B test their websites. We did this by continuously collecting data on customer movement using existing security cameras already in a retailer's stores. 

We were a Y Combinator backed company (S15) and worked with several retailers including Barneys, Payomatic, and multiple Fortune 200 retailers.",United States of America,"['SaaS', 'Computer Vision', 'Retail Tech']",Inactive
924,S15,"Ohm is smart enough to keep you from accidentally draining your battery if you forget to turn your lights off. It will automatically turn itself off when it gets critically low, and then switch itself back on when you go to start your car. No more getting strande",United States of America,,Inactive
920,S15,,United States of America,['Messaging'],Inactive
918,S15,"Leada offers a data training program that companies utilize to on-board their employees in the company's data.

The data training program enables professionals to understand how to answer the common business questions they face in their role using their BI tool, SQL, R, or Python.",United States of America,"['eLearning', 'Data Science']",Inactive
917,S15,"jEugene jumpstarts definitions checks. In seconds, it highlights undefined terms and unused definitions right in the text of documents, so that lawyers can focus on harder problems. Not so long ago, a corporate associate experienced firsthand the stress of definitions checking. Catching all undefined terms and unused definitions is hard, especially when time is short and terms complex.",United States of America,['LegalTech'],Inactive
906,S15,"Bistrobot makes robots that make sandwiches. No more long lines and no more wrong orders, just good food fast. And the coolest part is you get to watch a robot make you lunch.",United States of America,['Food Service Robots & Machines'],Inactive
904,S15,,,,Inactive
903,S15,"Afrostream brings you the best black shows, films, web series and more, streaming online anytime, anywhere. The site boasts an international library of 1,000+ hours of premium content, subtitled or dubbed according to the local market. Afrostream has licensing deals in place with Warner Brothers, Sony, Viacom, Lionsgate, and Sky Vision among others. 

The company has signed distribution deals with TF1, Orange and Bouygues telecom and debuted in the summer of 2016 on set-top boxes in over 12 million households in Europe. Afrostream was previously incubated by Silicon Valley’s prestigious Y Combinator and has secured investments from Orange, Cross Culture Ventures, and ACE & Company. Afrostream is accessible on Smart TVs, on the web, iPad, iPhone, and Android devices in 28 countries in Europe and Africa.

Afrostream targets the 15M people of African descent in Europe and 936M Africans in sub-Saharan Africa.",France,['Video'],Inactive
897,S15,Care coordination and collaboration tools for healthcare teams,United States of America,"['SaaS', 'Consumer Health Services']",Inactive
892,S15,"Carefully engineered software to get products to your customers across the world faster and on time. We're trusted to simplify e-commerce and logistics by building the necessary tools for companies to improve their operations. These include determining key shipping routes, understanding customer demand, or reducing shipping and material costs.

We built Shotput so that people can use new technologies to manage work across companies which will allow them to precisely calculate costs & time. We'll enter a world where people no longer have to work on boring tasks of calling each other to find statuses or putting things into a box all day. Instead we can be free to think strategically about what we're building, who's the customer, and how to best serve their needs.",United States of America,"['Robotics', 'Logistics', 'E-commerce']",Inactive
887,S15,"CareLedger helps employers find the best priced quality healthcare for their employees in their area. By providing pricing data on local providers and motivating employees to save, CareLedger helps employers get healthcare spend under control and reduced by more than 10%. They provide insight into who is a high-performing, high-value provider, and then motivate employees to spend less.",United States of America,"['Health Tech', 'Insurance']",Inactive
886,S15,"Call9 delivers true Emergency Medicine and Palliative Care at patients'​ bedsides. Currently in Skilled Nursing Facilities, Call9 decreases the time patients wait to see an EM Physician from an average of 64 minutes to moments in emergency situations.

In tandem with 24/7 onsite Clinical Care Specialists*, offsite Emergency Medicine Physicians see, diagnose and treat patients at the bedside via the Call9 proprietary platform. Our focus goes beyond the medicine to assure premium patient-centered care by including patients, caregivers, and families in communications from the start.

Today, our proprietary technology-enabled services reduce cost and increase quality-of-care within elder-care facilities. Tomorrow, we redefine emergency medicine.

*Clinical Care Specialists(TM) are elite emergency responders. Excellent bedside manner and rigorous continuing emergency training make Call9, PC's CCSs a unique specialty.",United States of America,,Inactive
885,S15,"Airmada Inc. was founded out of MIT by Dan Danay. The mission of the company is to revolutionize commercial drone services by enabling efficient and reliable drone use for commercial and industrial purposes.
Airmada designs and builds automated ground stations for drones. Our stations protect the drone, replace its batteries and launch missions.
Airmada deploys these ground stations on mission sites to capture data, routinely and on-demand, operating drones autonomously and remotely.",United States of America,"['Drones', 'Logistics']",Inactive
882,S15,"We're a fast-growing Y-Combinator (S15) backed startup, based in New York.

Hickory is the only training tool focused on retention, turning Sales and Customer Service staff into brand experts. The app predicts when a rep will forget what they’ve learned, and schedules review exercises tailored to their strengths and weaknesses to prevent that from happening.",United States of America,['Education'],Inactive
881,S15,"vernox is a streamlined production planning system for construction projects

Project teams use vernox to coordinate all aspects of their work on small to large-scale construction projects. Teams using vernox are able to easily communicate work plans, identify look ahead tasks, track and remove constraints and seamlessly update work plans from week to week based on actual task completion.",United States of America,['Construction'],Inactive
875,S15,"Founded by two computer scientists and an attorney, our mission is to develop technologies that increase access to legal services around the world. We are going after the $8B legal research market with our AI-powered legal research platform that allows lawyers to research in 80% less time and find cases they would have otherwise missed. Today, we are helping lawyers and law firms, including some of the world's largest, offer better and more affordable service to clients.

Website: www.rossintelligence.com
Twitter: @rossintel",United States of America,"['Artificial Intelligence', 'LegalTech']",Inactive
874,S15,A modern way to book hotel room blocks.,United States of America,"['Marketplace', 'B2B', 'Travel']",Inactive
863,S15,"For the first time in history, Serica enables asset rights to be traded & stored on the Bitcoin blockchain by anyone, anywhere.

Serica is a commodities trading platform which connects investors to bitcoin-linked asset rights such as gold, silver, platinum & palladium assets tradeable on multiple digital money & precious metal exchanges.

Customers, anywhere in the world, can purchase commodities from Serica's dealer partners. Serica's decentralized custodian service publicly manage assets under custody, allowing safe & low-cost storage of valuable hard assets. Customers leverage DigitalTangible centralized & decentralized trading partner platforms to trade their asset-receipts for bitcoin or other digital money. Precious metal bullion may also be rapidly liquidated for cash or bitcoins.",United States of America,"['Blockchain', 'Fintech', 'Cannabis', 'Healthcare']",Inactive
1022,W16,"Bus.com removes all of the friction involved in bringing a group of people to an event or experience. Our web app makes it easy to organize, book, join and enjoy bus trips: we believe organizing group travel should be just as easy and fun as the trip itself. Founded by travel industry veterans and built with startup hustle, we get you where you want to go, with people you love, while having a blast.

Planning an event, going on a trip, or just curious? Visit us at www.bus.com",Canada,"['Marketplace', 'Transportation']",Inactive
1012,W16,Iron Ox is redesigning agriculture to confront its staggering environmental impacts and adapting farming to meet our future needs by making it a precise science that lets plants reach their full potential.,United States of America,"['Robotics', 'Climate']",Inactive
1006,W16,"On Chillabit, students share everything from interesting thoughts and questions to hilarious stories. It’s a collection of what’s important to the people around you.",United States of America,['Social'],Inactive
998,W16,"Algoriz is an AI based trading platform that enables you to build trading algorithms by simply typing your strategies in English. 

Algoriz is backed by Y combinator.",United States of America,"['Artificial Intelligence', 'Finance', 'Trading']",Inactive
986,W16,"Access. Transparency. Technology. Founded in 2015, AlphaFlow is a technology-driven investment manager providing professionally managed portfolios of real estate loans. We make the $75 billion fix-and-flip industry accessible to institutional investors. With the recent launch of our new platform, TITAN, we’ve opened up our institutional platform to smaller investors.

As a result of leading with technology and data analytics AlphaFlow is able to provide transparency & speed at a rate our competitors can’t. We partner with non-bank real estate lenders who provide 6-12 month bridge loans on single-family and small multifamily properties by purchasing their loans thereby helping them grow their businesses.

AlphaFlow uses software to streamline and automate today’s manual workflow and our engineering team is constantly developing simple and elegant solutions to further automate a manually intensive industry.
",United States of America,"['Fintech', 'Real Estate']",Inactive
983,W16,"VINEBOX is a premium wine-by-the-glass subscription service. Each month, our subscribers receive 3 single-serving portions of wine to taste, share, and enjoy. Only order more of the wine you know you love!

This is not your standard vino. 
Each VINEBOX contains 3 tubes of exceptional wine curated by our team of specialists from around the world.

We simplify wine. 
With our easy to follow tasting notes, you'll never be stumped by a wine list. Learn your favorite varietals and regions through tasting experience. We include only the info you want, nothing you don’t.

Never forget a wine again. 
With access to your VINEBOX history, you see every wine you’ve ever tasted, with notes, ratings, & reviews!

Something for everyone. 
Whether you’re a wine connoisseur or novice, VINEBOX will introduce you to new wines, new vineyards, and a new way to enjoy wine. VINEBOX also makes the perfect gift for birthdays, corporate gifting, celebrations, dinner parties, and random Tuesdays.",United States of America,,Inactive
980,W16,"Musical instruments  that enable anyone to play instantly, and make it easier and more inspiring to learn.

Magic Instruments (YC W2016 and Highway1 F2015) is the maker of the MI Guitar. 
We design the tools that allow anyone to express themselves by making music. Our mission is to create a world that inspires human connection through music playing. We give people all the joy of playing music. We’re developing a new class of music instruments and the ecosystem around them, starting with our first product, a new type of guitar that anyone can play using an intuitive UI on the fretboard and a mobile app to play your favorite songs, instantly. We also make it technically easier and more inspiring to learn traditional guitar technique.

Can't play a guitar? We guarantee you can play this one.

The MI Guitar is a new type of guitar that you can pick up and play, instantly. By reinventing the fretboard of a traditional guitar, it simplifies playing so anyone can play their favorite songs at first sight, or create their own original music. You can also play this like the traditional guitar and it gives you a fun and easy way to learn the guitar.

Pre-order now at https://magicinstruments.com

Facebook: https://www.facebook.com/magicinstruments/
Twitter: https://twitter.com/magicinstrument
YouTube: https://www.youtube.com/c/magicinstruments",United States of America,['Music'],Inactive
976,W16,"Compgun is founded on the simple premise that sales commissions are simultaneously the sales organization's single biggest strategic lever and its largest expense.

At previous companies, Tim and Jake were amazed by the effectiveness of sales commissions in rallying teams around new strategic priorities and business objectives. At the same time, they were shocked by how primitively commission expenses are often managed. Most businesses administer commissions with Excel and email, making it nearly impossible for sales reps or their managers to track how they are pacing throughout the month, let alone which transactions were included in a previous period’s paycheck. Compgun’s mission is to stand the status quo on it’s head by providing real-time performance tracking and insight to every member of the sales org.",United States of America,['Sales'],Inactive
1095,W16,"PhysioHealth is an enterprise health and wellness management platform that rewards your employees for living healthy and decreases your healthcare costs.

Their customized platform delivers 5x engagement vs. other corporate wellness programs.",,"['Health Tech', 'Insurance', 'Health & Wellness']",Inactive
1087,W16,"At Modal, we build the future of auto commerce for the world's largest auto brands and retailers. Modal's team is full of technology leaders from places like Google, Facebook, Tesla, Paypal, Accenture, and Modal is backed by notable investors like Y Combinator, Peter Thiel, Khosla Ventures, and Ally Financial.  To quote Peter Thiel, Modal is ""complex coordination"" of many different technologies, driving billions of dollars in transaction volume every year.
Modal, formerly Drive Motors, was founded in 2015, completed Y Combinator in 2016, and is based in San Francisco, CA.  For more information, visit www.modalup.com.",United States of America,['Auto Commerce'],Inactive
1085,W16,Streamup is a fun way to live stream music videos. Join our community to watch exciting shows and chat with the musicians you love!,United States of America,"['Social Media', 'Live']",Inactive
1083,W16,"StrongIntro is a recruiting tool and a service that lets you tap into the networks of your existing employees. We do so by using both a software and human-centric approach, and we want to help you hire thoughtfully.",United States of America,"['Recruiting', 'Talent Acquisition']",Inactive
1077,W16,"Get warm introductions from your colleagues

Index combines public information on people with private information on relationships to tell you who knows who and how well.",United States of America,['Networks'],Inactive
1075,W16,"We create portals to other dimensions to open people thousands of different lives. 

Unnyhog is a global game development company with 4 released games to the market. Our latest game, UnnyWorld, is a fantasy style MMO game with gesture controls designed to unite mobile and PC users.",United States of America,"['Entertainment', 'Gaming']",Inactive
1073,W16,"Pathmind helps industrial engineers and simulation modelers achieve 10-20% gains in performance for industrial operations, supply chains and mining. We help them apply deep reinforcement learning to simulations and digital twins, and deploy decision-making policies into operations. ",United States of America,"['Reinforcement Learning', 'Warehouse Management Tech', 'Supply Chain']",Inactive
1072,W16,"At Silver, they are building the world's first miniaturized Raman spectroscope for consumers. Our spectroscope, combined with our proprietary nanoparticle substrates, enables our users to detect many contaminants instantaneously.",United States of America,"['Hard Tech', 'Diagnostics', 'Nanotechnology']",Inactive
1070,W16,"Restocks offers its users with instant notifications when the brands they like releases new items, restocks, and go on sale. The company offers its users with commerce and builds engaging shopping experiences on mobile platforms. It is funded by Y Combinator and angel investors. It helps its users stay updated with the brands they like, choose the updates they care about, view recent releases, restocks, and price drops, check stock and buy without leaving the app, and save profiles to check out.

Restocks is a U.S.-based company that was founded in 2015.",United States of America,"['E-Commerce', 'Fashion']",Inactive
1069,W16,,,,Inactive
1066,W16,"Kisan Network is a tech enabled and fully integrated PAN India agri produce supply chain. We connect small and marginal farmers directly to businesses anywhere in the country, with each step digitally captured and monitored on our proprietary management portal. As a result, farmers are able to earn 10% more than prevalent market prices for their produce.

Our system, built on the 3 pillars of 
1) 100% integration
2) Standardisation w.r.t. on-field practices and,
3) Transparency for all stakeholders

is a departure from the opaque and inconsistent traditional supply chain which thrives on the high levels of fragmentation in the ecosystem. There is 0% use of paper in our entire chain, with specific focus on building a national agri repository of micro level stakeholder information and on image / data driven automated crop quality assessment.",India,"['Supply Chain', 'Agriculture']",Inactive
1064,W16,"Georgette Packaging makes it easy to design and manufacture conscientious, branded packaging.",Canada,"['Logistics', 'Climate']",Inactive
1062,W16,"Cover is an Android and iOS mobile application that allows its users to insure anything by taking a picture of what they need to insure. It partners with many insurance companies and brokers to provide its users with the best available rates. The application allows its users to insure vehicles, mobile phones, pets, jewelry, houses, boats, tours, and more. It was launched in Toronto, Ontario, Canada.",United States of America,['Insurance'],Inactive
1061,W16,Envyl is an affordable and fast international peer to peer delivery.,United States of America,"['Delivery', 'E-Commerce', 'Logistics']",Inactive
1060,W16,"Elucify believes that good data is the foundation of effective sales organizations. Their mission is to build the infrastructure that enables salespeople to focus on their passion: selling.

Elucify was acquired in 2018 by Circleback. ",United States of America,['SaaS'],Inactive
1059,W16,"TRAC is a Chicago based startup that is focused on simplifying the track and field experience using innovative RFID technology, cellular data transmission, and unique application based software. Our integrated RFID timing system is the best in market for coaches and athletes in time based sports due to its precision, immediate feedback, and ease of use, thus saving time, effort, and money.",United States of America,['Sports Tech'],Inactive
1046,W16,"Anchor Health is a software, hardware, and operating solutions for distributed health care networks and providers.",United States of America,['Health Tech'],Inactive
1045,W16,"Poppy is a modern childcare solution for modern families. We set your family up with a team of talented and thoroughly vetted sitters. Then you just text us when you need a sitter. Simple.

So you can get back to juggling dinners and dance recitals. Stop worrying about being stuck without care when you need it.",United States of America,,Inactive
1040,W16,"We’re taking everything we know as security engineers, automating it, and making it easy for everyone to use.",United States of America,['Security'],Inactive
1039,W16,"Interstate Analytics helps marketers make smarter decisions. The customers of the company are Betabrand, Outdoor Voices, EVERLANE, and JACK ERWIN. It pulls in its users’ visit, conversion, and spends data across all channels and centralizes it in a dashboard. It allows its users to spend less time wrangling data and more time acting on it. It applies attribution models to its users’ data that take into account all consumer touchpoints and makes better spend allocation decisions with accurate performance data. The company deterministically syncs marketing spends and conversion data across devices.

Interstate Analytics was founded in 2015.",United States of America,"['Analytics', 'Marketing']",Inactive
1035,W16,"ConstructVR is the simplest way for businesses to manage, and deploy VR and AR apps at scale.",United States of America,['AR'],Inactive
1031,W16,"Castle manages rental homes for landlords using automation and on-demand labor.
We find tenants, collect rent, and coordinate maintenance, allowing owners to kick back, relax, and never worry about their rental properties again. Owners either have to deal with this whole mess themselves, or spend 10% of their rental income on a traditional property management company that requires constant supervision and is often incentivized to act against the owner’s best interest.
There are 43 million rental units in the United States, and most of them are currently managed with some combination of faxes, mail, and unreturned voicemails on the landlord’s personal phone. Castle moves all of property management into a seamless online experience, providing owners with transparency, speed, and incredible customer service—plus huge cost savings over traditional management. Renters get great service and instant updates about important issues.",United States of America,['Real Estate'],Inactive
1029,W16,HOA operations made simple. Monthli is a SaaS platform which powers Homeowner Associations to more easily run their business operations.,United States of America,['Marketplace'],Inactive
1027,W16,"Start Closing is the best project and customer tracking tool for the restoration roofing industry. Our product aims to provide Contractors a streamlined way toward transparency with the customer, efficiency within their own organization, and accountability throughout the restoration claim process.",United States of America,"['Insurance', 'Home Services']",Inactive
1026,W16,"Open Motors (formerly OSVehicle): open, modular, electric vehicle platforms allow new and existing car manufacturers to develop their own models saving up to two years of R&D and millions of dollars in investments. At the same time, it is a reference platform for mobility startups to embed and develop their technology on.
Open Motors (formerly OSVehicle) is also developing “EDIT”, the first self-driving vehicle designed & engineered for services in white label, extremely modular & open. Fleets can last 10X more thanks to an easy repairability & upgradeability.

For more info visit www.openmotors.co",United States of America,"['Electric Vehicles', 'Self-Driving Vehicles']",Inactive
1024,W16,"Enflux makes motion capture clothing for the masses. We are a technology platform serving Virtual Reality, Fitness, and Health through our open API. Our customers include Hasbro, The Jim Henson Company, and many more.",United States of America,['Smart Clothing'],Inactive
1023,W16,"Unima developed a fast and low-cost diagnostic and real-time disease surveillance that allows anyone to diagnose a disease directly where the patient is, without using lab equipment, with results in 15 minutes and at a very low cost.",Mexico,"['Health Tech', 'Biotech', 'Diagnostics']",Inactive
1011,W16,,United States of America,['Medical Devices'],Inactive
1008,W16,"The DoseDr mobile app gives diabetics better control over their disease by helping them adjust their insulin doses between doctor visits. They connect patients to a doctor, who can help them immediately when an issue arises. No appointment necessary, and it's free! Patients are welcome to invite their current doctor to join DoseDr.",United States of America,['Health Tech'],Inactive
1003,W16,"WorldCover offers peer-to-peer investments that provide insurance to the global poor. We connect a growing pool of investors who seek uncorrelated investment returns and impact from their capital with a huge and growing need for natural disaster insurance in the developing world.  

WorldCover's platform improves food and income security for smallholder farmers in developing countries. More than 70% of the 2.5 billion people living at the “base of the pyramid” throughout the world rely on agriculture for income and sustenance. Farmers face a number of major risks to their livelihoods which they cannot control. Insurance gives them a sense of security even if they have a bad harvest, allowing them to improve their diets, invest in their farms, and send their children to school.

In an increasingly interconnected world, diversified markets are becoming harder and harder to find. WorldCover's investment products offer both retail and professional investors attractive yet uncorrelated returns with the world's financial markets.",United States of America,"['Fintech', 'Insurance']",Inactive
1002,W16,"UpLabs is a website for designers and developers to find and share resources to build apps and sites. Every day, the UpLabs community uploads new quality and curated content.",United States of America,"['Marketplace', 'Community']",Inactive
1001,W16,"The only kid-friendly WIFI toy messenger. Use our free app to message our toys from your phone & your child can reply right back!

After securing funding from both Amazon and Verizon and getting into Y Combinator, Toymail has just launched the ""Talkies""​  - a quirky new line of plush toys that let friends and family exchange messages with kids for two-way voice talk. 

With Toymail's Talkies kids can: 

• Send messages to grownup's phones with the free Toymail app
• Send messages directly to other friend's Talkies.
• Play for hours on or offline with our on-board voice filtering software",United States of America,"['IoT', 'Kids']",Inactive
1501,S16,"Loco AI is dedicated to the development of low-cost, compact laser radars for unmanned vehicles. Its market price is one-tenth of that of its current counterpart, and it is dedicated to the commercial development of unmanned vehicles.",,"['Hardware', 'Automotive']",Inactive
1437,S16,"Skylights is a wearable immersive cinematic entertainment for captive audiences.  SkyLights started in the planes, as passenger inflight entertainment.

SkyLights enables patients and passengers to tune out of their environment and escape by enjoying premium cinematic entertainment using VR headsets.

Skylights integrates content licensing deals, secure software, headset hardware, and operations. All four are sold as a subscription service. Skylights is now developing in BtoC.

The company is incorporated in the US.",United States of America,"['VR Health', 'Entertainment', 'Airlines']",Inactive
1432,S16,"API that estimates utility costs for 100M+ homes. Helps real estate sites, building industry suppliers, solar companies, and lenders target, engage, and convert more customers. ",United States of America,"['Real Estate', 'API']",Inactive
1304,S16,"Reebeez develops efficient solid-state thermoelectrophotovoltaic microengines for UAVs that achieve flight times and payloads unrivaled by batteries and fuel cells.

Due to weight limitations of engines, small aerial vehicles must rely on lithium polymer batteries that result in disappointing flight times and payloads. Reebeez presents a propulsion ​system powered by thermoelectrophotovoltaics (TEPV) that runs on lightweight combustible fuels to attain specific energy eight times better than lithium polymer batteries - at a third of the cost.",United States of America,['Aerospace'],Inactive
1303,S16,"The Digital Mortgage Company

Lenders will write $1.5T of home mortgages in 2017, and will have to evaluate every single borrower's ability to repay. This is expected to cost the industry $15B in human labor. We talked to these humans, and learned that they spend 1/3 of their time just asking other humans for documents and data that are almost universally available online. While the market is slowly moving to transactional data, Lendsnap is the only company helping lenders get ahead of the competition by delivering original electronic documents and data sets. That means portfolios of our lender customers stay completely liquid in the secondary market. No one else can offer that today.

Lendsnap instantly gathers the original borrower documents and data for lenders by linking to consumer financial accounts. We increase loan origination team productivity by 25%+ and save applicants several hours on each application as well. Our intuitive and easy-to-use workflow makes it easy and safe for borrowers to turn in and for loan officers to receive the necessary documents for lenders to make a credit decision.

As the only company delivering the right documents and data to originate non-agency loans such as VA, FHA, and subprime, we are able to work with all types of lenders. Furthermore, we are uniquely suited to serve mortgage brokers (12% market share) who have to remain flexible to the credit needs of their diverse borrowers. We are the only post-launch company that delivers actual electronic statements straight from source institutions, such as Bank of America, TurboTax, Chase, and hundreds more.",United States of America,['Fintech'],Inactive
1301,S16,"Welcome to the home of wireless presentations on LinkedIn! Follow us for regular updates, blogs, presentation tips, AV advice and more!

Ubiq is a modern meeting room solution that allows users to wirelessly project any content from their tablets or laptops to an existing Projector or TVs. Using our product, you just walk into the meeting room with any device and display your information on the screen seamlessly with just one-click.",United States of America,"['Team Collaboration', 'Video', 'Enterprise']",Inactive
1283,S16,"

",United States of America,"['Marketplace', 'Cryptocurrency']",Inactive
1282,S16,Y Combinator S16 Batch. Nanoparticle fluorescent tracers for reservoir characterization in geothermal and oilfield applications.,United States of America,"['Hard Tech', 'Nanosensors']",Inactive
1279,S16,"Xberts is an online shopping community that helps people find the best daily deals, get money-saving tips from experts, win reward points for Free Gift Redemption and more. Millions of users have joined our community to explore and share special offers every day, which makes Xberts your go-to destination for online shopping!

We're an international startup company backed by leading investors from both Silicon Valley and Asia including Y Combinator, YCVC Fund, Plug&Play, AV Capital, M&S Partners, Monad Ventures, Dropbox's Early Employee, etc. In 2017, Xberts was recognized by Forbes as one of the ""Top10 Startups Using Tech to Change People's Lives in Asia"".

For more details, please visit our website at:  www.xberts.com",United States of America,['E-commerce'],Inactive
1278,S16,,,['API'],Inactive
1273,S16,"Starsky Robotics is an autonomous truck startup aiming to make our roads safer while providing truck drivers with jobs that bring them back to their families.

Learn more at: www.starsky.io

Interested in joining the team? Apply at: https://jobs.lever.co/starskyrobotics?",United States of America,['Autonomous Trucking'],Inactive
1268,S16,"Headquartered in Palo Alto, CA, Seerslab is a media tech and content start-up company that provides the latest Augmented Reality technologies and contents to global smartphone maker, telco and application developers. ",United States of America,['Augmented Reality'],Inactive
1267,S16,"Drivezy, the next generation car & bike sharing platform is here to transform the way vehicles are made, purchased and used. We envision a future where owning a car or bike will be a thing of the past. We're the fastest growing firm in the car & bike rental business in India.

Android App: https://play.google.com/store/apps/details?id=in.justride
iOS App: https://itunes.apple.com/in/app/drivezy/id1048221336?mt=8",India,['Marketplace'],Inactive
1250,S16,"Airo Health is a fast growing Y Combinator-funded company building a next generation armband that has changed people think about their health. We are a multidisciplinary team that brings together expertise in biomedical engineering, user experience, artificial intelligence, software engineering, hardware engineering, and manufacturing.

Mental Health, an issue often neglected, directly affects your overall health, quality of life, and productivity. Airo is your companion through the stressful times. It sits on your arm and automatically tracks when you’re getting anxious and recommends easy tweaks that reduce stress.",United States of America,"['Artificial Intelligence', 'Mental Health Tech']",Inactive
1248,S16,Get care at home for mom or dad from trusted professionals in their neighbourhood.,Canada,"['Marketplace', 'Healthcare']",Inactive
1242,S16,"Coub is a short looped video service. They are easy to create online and can be featured with soundtrack. The resulting videos are highly viral, thats why Coub is a fast growing. It has already more than 51M unique visitors per month.",Russia,"['Social Media', 'Video']",Inactive
1240,S16,"Robby Technologies is building self-driving robots for last-mile delivery of food, groceries and packages. It was founded by two MIT PhDs in computer vision and robotics, selected into Y Combinator program in summer 2016, and featured by TechCrunch as one of the top startups. With the mission to make delivery affordable and convenient for everyone, Robby Technologies has partnered with major US delivery companies for pilot deliveries in the Bay Area since 2016.",United States of America,"['Autonomous Delivery', 'Robotics']",Inactive
1238,S16,"Voice AI are changing the way people interact with contents and services. At Mosaix we are building an advanced a language AI platform for enterprise, with a focus on underserved emerging markets. ",United States of America,"['NLP', 'Emerging Markets']",Inactive
1236,S16,"At Clip Health, we are relentlessly executing on the vision to enable accessible, personalized, and actionable health testing, with immediate follow-up, across infectious, metabolic, endocrine, and chronic diseases and conditions. The Clip Platform brings our proprietary glow-in-the-dark nanochemistry in combination with connected easy-to-use hardware and delightful-to-use mobile apps to at-home, point-of-care, and enterprise settings. ",United States of America,"['Hard Tech', 'Hardware', 'Health Tech', 'Medical Devices']",Inactive
1235,S16,"Shield Bio is a precision medicine company with a
proprietary platform that enables reliable nanopore
sequencing in under a minute, in a clinical setting. It is
focused on bringing 3rd generation or ""nanopore""
sequencing into clinical use to deliver on the promise of
precision medicine. Shield is initially using the technology to
improve the treatment of infectious disease and address the
unmet clinical need of sepsis, which kills 300,000 people a
year in the US alone.",United States of America,"['Healthcare', 'Genomics', 'Nanotechnology']",Inactive
1231,S16,"Launched in 2013, CoinTent is a digital wallet and subscription service that enables users to purchase quality content, including articles, videos, blog posts, and more, for micropayments across websites. Its services provide a revenue channel for publishers, supplementing revenue sources such as advertising and subscriptions. CoinTent is based in San Francisco, California, United States.",United States of America,['Advertising'],Inactive
1228,S16,Haywheel is an artisan food marketplace for restaurants and specialty food stores.,United States of America,"['Marketplace', 'Food & Beverage']",Inactive
1227,S16,"Looklive allows you to browse the style of your favorite celebrities and influencers and shop their looks.

Looklive is the next generation for online media and shopping.  Our aim is to be nothing less than the world’s authority and source on the influencers shaping and directing global style and culture.

Looklive Inc. participated in the Summer 2016 batch of Y Combinator.",United States of America,"['Marketplace', 'Social', 'Fashion']",Inactive
1223,S16,Metapacket is a proxy platform that detects & prevents malwares from exfiltration. Effectively rendering malware useless.,United States of America,"['Cybersecurity', 'Enterprise']",Inactive
1220,S16,"Sway is bringing artificial intelligence to the accounting industry. Its first product is an automated bookkeeping service for SaaS companies.

We use a combination of proprietary machine learning models and API integrations to bring our delightfully low-touch experience to the accounting industry.

Learn more: hello@swayfinance.com",United States of America,"['Artificial Intelligence', 'Fintech']",Inactive
1219,S16,Hush is a mobile-first makeup retailer.,United States of America,,Inactive
1218,S16,"Whyd is a free social music platform designed for music lovers to keep, play, and share all of the internet's music.

It is the missing link between places where people post music to stream, like YouTube and Soundcloud, and the places where people share music, like Facebook, and Twitter.

The internet is the biggest source of music ever. There are billions of songs available to stream for free. But the music landscape is fragmented, between the multitude of different platforms where people post music, and the places where people share and talk about music. They believe that music lovers need their own platform, that serves as a tool to organize and listen to the web, and a social network that is seamlessly integrated into the listening and curation experience.",France,['Smart Home Assistants'],Inactive
1209,S16,Our vision is to reduce the paperwork required after each Ambulance run and increase efficiency of the Ambulance operations and create a channel to securely communicate information to the hospitals in a timely manner.,United States of America,"['Health Tech', 'Workflow Automation']",Inactive
1208,S16,Farmstead is an artificial intelligence-powered farm to doorstep grocery delivery startup.,United States of America,"['Artificial Intelligence', 'Grocery', 'Delivery']",Inactive
1203,S16,"Imagine if all your PDF bills could be automatically downloaded every month for your accountant ? 

Say hi to Hellobill.
 
Hellobill is a 1-click solution that automatically downloads all your online PDF bills for your accountant. Uber, Amazon, AWS, Google Apps, Adwords, Facebook Ads, but also utilities bills and many more. 
 
Our users

Hellobill is specifically designed for CEOs, CFOs, Managers and Office Managers that are tired of manual & tedious low-value accounting tasks. 

Our mission

To put an end to the monthly nightmare associated with accounting in SMB. Thanks to Hellobill, our users refocus on what’s important: their business.

Hellobill’s added value

- Improve your efficiency
Do more work in less time with an intuitive software
- Increase productivity
With data flowing automatically, you will make your work easier and faster.
- Focus on adding value
Automate basic functions, freeing up your time for the things that matters.

How does it work?

1. Download the Hellobill desktop app
2. Log in to all your online providers’ accounts once & for all
3. Click on “Fetch my bills” and that's it! All your online bills are automatically downloaded and sorted every month.

Your PDF bills are then sorted by month in your Dropbox. You can share them easily with your accountant. Think of services such as Amazon, Uber, AWS, Github, OVH, your bank and your phone & internet providers.

Security is at the core of our product: using a desktop app allows us to never store our users’ credentials on our servers. We don't have access to your credentials as they are not stored on our side. They sit on your local keychain.",,"['Fintech', 'Payments']",Inactive
1191,S16,"PatientBank helps people gather and share medical records online. The company is backed by Y Combinator, General Catalyst, Khosla Ventures, and others.",United States of America,"['Health Tech', 'Healthcare IT']",Inactive
1189,S16,"Sixa delivers a full computer that operates right from the cloud via a client app. With Sixa you can forget about hardware upgrades and slow performance, and easily run any app, anytime, anywhere and on any device.",United States of America,['Cloud Computing'],Inactive
1186,S16,"The fastest, easiest, and most secure way to checkout in retail stores. Selfycart is working towards a world where there are no lines, and no wait, to checkout. Simply, scan, pay, and go.",United States of America,['Grocery'],Inactive
1185,S16,"Making construction sites safer for workers, and easier to manage for the firms that operate them. 

SmartSite makes active mitigation of health and safety risks automatic, and helps companies comply with regulation. SmartSite combines a rugged, site-deployed smart connected device, with a robust cloud infrastructure and accessible dashboards.",United Kingdom,"['Hardware', 'Construction']",Inactive
1180,S16,"Mindori is the accurate way to search your app by voice for e-commerce companies. Build magical conversational search for your app in minutes, with no learning curve.
""What about shirts that I can wear at a wedding?"". Search over concepts that you may not have thought to index in your database.
""Find a green shirt"" - ""What about in red?"". Make the experience magical for users through context.
Was it ""Koffee Kult"" or ""coffee cult""? Customize speech recognition models for your product catalog and customer queries.
Get started in minutes. Improving the model requires only minutes per day, not hours. Track user preferences and deliver customized suggestions based on their buying behavior and patterns. Export your generated models to popular assistant or chatbot frameworks automatically.",United States of America,['E-Commerce'],Inactive
1523,W17,,United States of America,['Real Estate'],Inactive
1472,W17,"Beek is the app where latinos listen to the best audio content in Spanish from their favorite creators (audiobooks, meditations, audio series, and original content).  Users pay a subscription to access all the content, and creators make money per minute listened. 

There will be an audio platform for the 480M native Spanish speakers and Beek is the team building it. ",Mexico,"['Subscriptions', 'Creator Economy']",Inactive
1553,W17,"No Lean Season reduces the negative effects of seasonality on the poorest in rural agricultural areas by enabling labor mobility that increases incomes. It is a new program that they are testing in Evidence Action Beta's portfolio, based on rigorous experimental evidence.

They give a travel subsidy of $20 to very poor rural laborers so they can send a family member to a nearby city to find a job during the period between planting and harvesting. This is the time in rural areas when there are no jobs, no income, and when families miss meals. This seasonal poverty affects 600 million people around the world.

With a temporary job during this 'lean season,' households are are able to put an additional meal on the table for every member of the family each and every day. That’s 500 additional meals during the lean season.",Remote,['Nonprofit'],Inactive
1550,W17,Anasen is an app that makes data analysis easy and accessible to non-technical business users.,France,['SaaS'],Inactive
1547,W17,Niles is a real-time wiki who lives in Slack and turns chats and docs into team knowledge.,United States of America,"['Productivity', 'Enterprise']",Inactive
1542,W17,SourceBeacon is an on-demand procurement concierge for sourcing products from China. We connect your product requests to our network of verified vendors and deliver quotes directly to you.,,"['Supply Chain', 'Procurement', 'China']",Inactive
1538,W17,"AWS for manufacturing. Founded in 2015 and based in Brooklyn, NY, Voodoo operates a robotic 3D printing factory with over 250 3D printers, capable of making thousands of parts faster than traditionally possible. Voodoo has worked with thousands of customers to date, from engineers and entrepreneurs to companies such as Microsoft, NBCUniversal, Mattel, and Intel. Visit www.voodoomfg.com to learn more.",United States of America,"['Medical Devices', '3D Printing', 'Manufacturing']",Inactive
1534,W17,At Bicycle AI we use the best of machine intelligence with human supervision to provide an exceptional customer service experience.,India,"['Artificial Intelligence', 'Customer Service']",Inactive
1533,W17,"Marketfox is a Marketing Automation software that simplifies Marketing with AI. Launched in 2017, Marketfox is a YC backed company. Its powerful features allow websites to attract, convert, and engage more visitors into customers in the web and app. ",United States of America,['SaaS'],Inactive
1518,W17,FloydHub is a Platform-as-a-Service for training and deploying your DL models in the cloud. Start running your first project in < 30 sec! Floyd takes care of the grunt work so you can focus on the core of your problem.,United States of America,"['AIOps', 'Machine Learning', 'SaaS']",Inactive
1508,W17,"Neema is an app that helps people manage their money as well as send money to other people. Neema is a financial solution for 70 million underbanked Americans. Users download their app, which is a digital wallet, where they can cash their own pay check, send money internationally to their families in 90 countries, and they also provide them with a debit card, which they can use in any store or ATM.",Israel,"['Fintech', 'Payments', 'Remittances']",Inactive
1504,W17,Arylla has created a printable tag that can be scanned with any phone using our API. We piggyback on legacy commercial printers to get our tag onto products at scale and license our API to developers who build services on top of our tag. We are 10x less expensive and much more scalable than alternatives like NFC.,Canada,"['IoT', 'Nanotechnology']",Inactive
1497,W17,"They provide the kiosk, the products, and the software — you just provide the space and they send you a check with your share of the profits at the end of the month.",,"['Hardware', 'Retail']",Inactive
1495,W17,"Rally Tennis is the best way to compete in leagues, find practice partners and improve your tennis game - all within a simple mobile app designed to help you play more tennis.",United States of America,['Sports Tech'],Inactive
1493,W17,"Sycamore is committed to up to date, clear earnings information for contractors. The goal is to let you choose the job that maximizes your earnings.",,"['Marketplace', 'Delivery', 'Logistics']",Inactive
1492,W17,,United States of America,"['SaaS', 'Messaging', 'Calendar', 'SMB']",Inactive
1491,W17,"InnaMed's HomeLab device and software take the hassle out of blood testing and let you access precision medical care from the comfort and privacy of your home. Healthcare providers and researchers can now receive timely clinical reports that they are accustomed to interpreting directly to their EMR, LIMS or EDC system. Trend identification and pattern matching software can guide decision making in the prescription and dosing of therapy and deep integration with the healthcare system and telehealth services allows for data driven care while also ensuring human connection.


",United States of America,"['Biotech', 'Digital Health', 'Telemedicine']",Inactive
1485,W17,"Volt is an electrostimulation wearable to treat diseases like incontinence. The founder has already taken six medical devices to market, including the Cool Sculpting device that sold for billions. Incontinence affects 25 million people and is a $25 billion market. The device stimulates the muscles to get them the give feedback to receptors. This helps those suffering from incontinence to not pee when they don’t want to. The device can also target other conditions like migraines and comes with proprietary technology.",United States of America,['Medical Devices'],Inactive
1483,W17,"Easily onboard, verify IDs, authenticate and continuously verify credentials and the identities of your users - in one place.",United States of America,"['Machine Learning', 'Biometrics', 'AI']",Inactive
1481,W17,"Origin built a kiosk for offices that lets employees buy pre-packed pods from a freezer, and make them into fresh juice smoothies silently in 30 seconds. It works similar to a Keurig coffee machine, but Origin thinks it can use its smoothie maker as a Trojan horse to sell more food and other items inside the 188,000 offices in the US. Right now it earns a 56% margin on the $2.99 pods, recoups the kiosk cost in 7 weeks, and now has $30,000 in monthly recurring revenue as it grows 50% weekly. Fellow juice maker startup Juicero has run into slow demand for its expensive machine and juice subscriptions. But Origin’s in-office commerce model and cheaper pods could have a different fate if the juice tastes right.",United States of America,['Food Tech'],Inactive
1477,W17,,United States of America,"['Scheduling', 'Transportation']",Inactive
1476,W17,"Sudden is great coffee you can enjoy anywhere in just seconds. We buy beans from amazing producers and roasters, brew the coffee by hand and turn it into delicious instant coffee.

Get our 2-Cup Trial Pack FREE Today! https://goo.gl/twP7Jc
Use Code: COFFEERUSH

Featured in The New York Times, Food & Wine, CNBC, VICE News and more. Chosen as one of the Imbibe top 75 brands to try in 2018.

Backed by Y Combinator, Founder Collective, CRV, and Lifeline Ventures.",United States of America,['Food & Beverage'],Inactive
1474,W17,"Tress is a social community app to discover and share beautiful hairstyles.

Many ladies are crazy about their hair. They change their hairstyles often, a lot and radically. Whether they have natural, relaxed, texlaxed or dreads, women are always on the lookout for new and beautiful hairstyle inspiration.

Equally important to many ladies is information about a preferred hairstyle. Information such as the name and location of the salon that had the hair done, the name of the hair-piece/extension or hair-product used on the hair and also the cost of having the hairstyle done at the salon. Women can admit to walking up to complete strangers to ask the detailed questions about hairstyles or stalk accounts on social media for the above information. 

Tress is a fun, simple and easy to use app that addresses the hairstyle needs of women.
It is a social community mobile app for women to find hairstyle inspiration. Women additionally have access to important information about each hairstyle. Information such as the name of the extension/weave used, name of hair-care product, name and location of salon /stylist and price range of the hairstyle.

Users on the app can create a profile and upload their beautiful hairstyles with information such as the salon/stylist name, name of hairpiece/product used and price range for the hairstyle.
A user can follow other users and have other users following them thus creating a vibrant community. Users can have people liking and commenting on their post, increasing engagement and creating a vibrant hair community.


Over time women will have a database of all their hairstyles done over a period of time and can always refer back for",Ghana,"['Community', 'Social']",Inactive
1471,W17,"Zinc Platform, Inc. is focused on providing software that digitizes the last frontier of the mortgage origination process– getting homeowners insurance. Zinc builds technology that integrates with the core systems of today’s modern mortgage lenders to power digital portals for borrowers to procure the homeowners (property) insurance that is required to close a mortgage. Zinc’s technology takes a broken, week-long process and turns it into a delightful five-minute experience. For borrowers, Zinc powers access to all of the nation’s leading insurance carriers. For mortgage lenders, Zinc ensures compliance with underwriting requirements while automating more of the mortgage closing process. Zinc is proudly built in New York City by passionate technologists and business strategists focused on making the process of buying a home a more simple, delightful experience",United States of America,"['Insurance', 'Infrastructure']",Inactive
1467,W17,"Cartcam is a shopping platform that gives people discounts for creating short video reviews. The company hopes to take advantage of the trend of consumers who are 85% more likely to purchase an item after watching a video. Cartcam incentivizes mobile creators to review items by offering them discounts on the items they want to buy. Already 12 percent of users place an order through the platform, and they are all creating content for Cartcam. The company makes money by partnering with brands who pay for the discounts in exchange for content that will sell more goods for them.",,"['E-Commerce', 'Video', 'Marketing']",Inactive
1465,W17,Pulse develops and offers a iPad based application that enables doctors in India to digitize all their patient medical records.,India,"['Health Tech', 'India']",Inactive
1460,W17,LitHit creates smart shooting targets that light up on impact. Their devices connect to your smartphone and helps improve your skills with real-time analytics and games.,,"['Hardware', 'Sports Tech']",Inactive
1453,W17,"Pit.AI Technologies aims at solving intelligence for investment management. We combine bleeding-edge AI research with powerful computing to automatically mine profitable trading strategies in financial markets. 

Our proprietary pipeline departs from the standard portfolio optimization paradigm in that it avoids making unrealistic assumptions on how markets behave, and it applies the expressiveness of our AI techniques on large scale data to automatically detect and exploit new sources of market inefficiencies, rather than testing or verifying human-generated trading ideas, intuitions, or forecasting models.

We believe that the investment management industry is at the dawn of a new AI-led era where trading idea generation will be automated and cost-effective, management fees will be a thing of the past, and fund managers will no longer be paid for merely showing up.",United States of America,"['Artificial Intelligence', 'Investing']",Inactive
1449,W17,,United States of America,['Messaging'],Inactive
1447,W17,"Pearl lets any office, hotel or restaurant serve the world's best coffees & teas at the push of a button.  

Pearl's proprietary brew technology matches the speed and convenience of a Keurig without using wasteful, low-quality coffee pods.   

Our fully compostable single-servings contain freshly roasted whole bean coffees & teas sourced from premier roasters and importers.  We handle installation, upkeep, and automatic re-stocking of an evolving menu that's tailored to your preferences.  

Say goodbye to bad office coffee and upgrade your mornings today! ",United States of America,"['Food Service Robots & Machines', 'Hardware', 'IoT']",Inactive
1445,W17,"Cowlar, a fitbit for dairy cows provides data as a service to help dairy producers optimize operations and improve herd health.

It's simple. You strap it around a cow's neck. It measures temperature, activity and cow behavior. Cowlar makes sense of the data and sends the farmers actionable recommendations on how to:

1. Boost reproduction rates
2. Identify diseases instantly
3. Improve milk yield 
4. We can even tell if someone is stealing your cow ! 

Cowlar is simple, affordable and easy to use. It's rugged, water proof, comes with a 6 Month battery life so farmers dont have to worry about charging and farmers can be sent text messages in any language/ for those who cant read, we can send an automated phone call.",United States of America,"['Machine Learning', 'IoT', 'Agriculture']",Inactive
1440,W17,"Boxouse is the product of curiosity and mishap by Luke and Heather. They build beautiful, sustainable, portable, affordable houses for everyone.

Inspired by portable, modular shipping containers and fed up with paying rising rents in San Francisco for non ideal housing they set out to redefine the landscape in which they lived and rethink housing for modern aspirations.

Boxouse started on a vacant lot in 2013 and quickly grew into a community of friends who all shared a common goal of experimenting with sustainability and building. They still run all their production out of beautiful Oakland California.

Their catalogue offers a variety of houses from minimal to a luxe edition with wheels, solar and full utilities.",United States of America,"['Smart Home Assistants', 'Real Estate']",Inactive
1439,W17,"Trade is a platform that connects buyers, sellers, and transporters of commodities in Ghana.

Trade allows buyers and sellers in Ghana to trade directly, cutting out the middlemen. You pick your quantity, grade, and price and they look for sellers to match you with. They weigh and grade every bag that they trade, deliver directly to you, and will take back any bag you reject, so you can buy without worrying.",United States of America,"['Logistics', 'Supply Chain']",Inactive
1652,S17,"Experience an easy way to make Investments in Mutual funds in India.

Easiest platform to make mutual fund investments in India.
Because you need to make Investments, be it just to park your cash short term to earn better returns, or to invest for your goals or retirement, we've made an easy to use platform for you where you can invest in any fund in India in few clicks and have track your existing investments.

Furthermore , you make investments without paying any middlemen commissions and make more returns . After all, It is your money. Don't pay too much to others when you can do it on your own.

We're on both Android and iOS . download the app to get started 
https://piggy.co.in",India,"['Finance', 'India', 'Investing']",Inactive
1641,S17,"Vision Disease cause innumerable cases of preventable blindness globally - 415 million diabetic patients worldwide are susceptible to Diabetic Retinopathy (DR), Glaucoma, and more. Current screening protocols for vision disease require ophthalmologists to manually diagnose patients through visual assessment of the fundus. Given the large number of diabetes patients in various communities, this process is expensive, inefficient, and an undue burden on eye clinics.",United States of America,"['Digital Health', 'AI']",Inactive
1604,S17,"Pathrise is a career accelerator where you don't pay unless you land a job. Job seekers sign up for Pathrise to get weekly career coaching, access the Pathrise network and use our job search automation software.",United States of America,"['Education', 'Careers']",Inactive
1599,S17,"Fam is a group video calling social network to talk with your friends and make new friends.

Fam was part of Y-Combinator’s Summer ’17 batch under FriendSpot.",United States of America,"['Video', 'Social']",Inactive
1712,S17,"Wheelstreet is India's first bike rental platform offering more than 1900 two-wheelers on rent including scooters, commuter bikes, sports bikes, super bikes and premium bikes.

Wheelstreet is the only bike rental company based on an aggregator model. Wheelstreet makes the process of renting bikes completely hassle-free for its customers by offering variable rent durations, home delivery and pick-up, helmets at no added charge, and unlimited kilometres.

Launched in 2014, Wheelstreet rapidly gained over 14,000 satisfied customers before starting operations and eventually shifting its headquarters to Bangalore.

Wheelstreet is currently employing the most innovative and dedicated people from prestigious institutions such as IIT(Bombay), University of Missouri(Kansas), NMIMS, Sheffield University, Welingkar Institute and IIMC(Delhi). Wheelstreet's technological and operational prowess allows it to cater to 1000 customers per month - a number which is only growing.",India,"['Marketplace', 'India', 'Transportation']",Inactive
1704,S17,"NextDrop is a for-profit enterprise with a social mission- we want to rid the world of its water problems. It’s not a big deal. We think it can be done. And what we’ve managed to achieve so far only reaffirms our belief. 

NextDrop was founded in 2011 with a pilot in Hubli-Dharwad district of Karnataka. Four years later, we have 70,000 users registered with us across Karnataka. Our vision is simple- we want to link the private sector, government utilities and citizens to create an endless loop of timely service provision and feedback collection, and bridge all the gaps in between. And to do this, we try to harness the latest, cutting edge technology. 

Water is our mission. Data is our business. NextDrop crowdsources water data and creates algorithms and visualizations to improve urban water distribution across emerging markets. Urban residents can get a text message an hour before water arrives, if water supply is cancelled, or if there is contamination or low pressure present in the pipe network. On the utility side, engineers get a live feed on problems arising in the distribution system, so they can tackle issues in real time.",India,"['Marketplace', 'India']",Inactive
1701,S17,,United States of America,['Marketplace'],Inactive
1698,S17,"Social Construct is inventing new processes and technologies to assemble high quality apartment buildings for faster and for less--so we can all afford to live in places we love. 
",United States of America,"['Generative AI', 'Hardware', 'Housing']",Inactive
1686,S17,"CCG.ai exist to ensure that each patient has the right drug, at the right time, to beat their cancer.
‍
We build the software to enable data-driven precision oncology and systematically develop data-driven biomarkers indicative of treatment response. We believe that increasing amounts of clinical and genomic data have the potential to transform cancer treatment, and enable oncologists to make smarter decisions about which drug to use in which circumstance.

We are expanding our team in Cambridge, UK, offering a fantastic opportunity for dedicated individuals who are comfortable in a high-work high-reward environment, and who are enthusiastic for a dynamic and varied role. We are looking for people who fit well into our team and company culture, and who like to overcome challenges and drive the business forward. In exchange, we offer a competitive salary with performance related bonuses and stock options, alongside excellent career development opportunities in a fast-growing start-up with a chance to truly impact how cancer is treated.

To apply, please send your CV to info@ccg.ai",United Kingdom,"['Genomics', 'Oncology']",Inactive
1685,S17,"Polly is a fun social polling app for teens. The app allows users to create multiple-choice polls for sharing on Snapchat and other platforms. 

Polly launched in stealth in August and it quickly became popular among teens, with 20 million people voting over 100 million times across 5 million polls in the past month. 

In addition to being a casual social tool, Polly can also be used to gather opinions about popular brands. For instance, Polly received thousands of responses from teens on some of its own polls related to topics such as breakfast cereals and Starbucks drinks. Brands and influencers can also create their own polls to gather feedback from consumers.",United States of America,['Social'],Inactive
1683,S17,"We are the first/only national, for-profit employment platform for people with criminal records. With a community of 11 million+, we work with some of the country's largest employers, through our staffing business (70MillionStaffing.com) and job board (70MillionJobs.com). We've helped thousands of deserving men and women land a job and begin a safe, productive life.",United States of America,"['Marketplace', 'B2B']",Inactive
1681,S17,"Gamelynx is creating easily watchable cross-platform competitive games. We're a passionate team with diverse experience from Riot Games, Google, Jane St, and Quantum Computing research labs. Gamelynx has raised $1.2 million to date with investors including Riot Games, M Ventures and Y Combinator. ",United States of America,"['Gaming', 'eSports']",Inactive
1679,S17,"imwith is a the only messenger where everyone is funnier.

Learn more about imwith at https://imwith.com",Israel,"['Messaging', 'NLP']",Inactive
1672,S17,"Fastpad builds hiring software for the Indian market that gets rid of spam and ensures that companies can see quick snapshots of real candidates.

Fastpad is looking to create the dominant recruitment marketplace by cutting through the noise in an Indian hiring marketplace that’s growing 40 percent year-over-year.",India,"['Recruiting', 'India']",Inactive
1669,S17,"Sunu Nek is an AR neck-worn interface using radar, audio, and haptics to assist the mobility and daily living of visually impaired users. Haptics informs the users of obstacles around them in real-time through vibrations while audio helps orient the user via GPS voice features. 
Starting with the blind, the Sunu Nek is the next non-obtrusive human computing interface that will be used by all. The future will be more like ""Her"" than ""Ready player one"". ",Mexico,"['Assistive Tech', 'Augmented Reality', 'IoT']",Inactive
1667,S17,"At Wacomet Water (formerly WATERFX) we are reimagining water. Our current water system was designed for a global population of three billion people and by the end of this century we will need clean water for over ten billion people. Our mission is to use technology to develop a new source of fresh water and make access to water affordable and abundant for every human being on the planet. We do this using solar-powered desalination to generate water from an infinite source of salt water and distribute this water via a peer-to-peer distribution platform called Liquid. Our mission is to provide a better, more reliable, 100% sustainable water service to consumers, businesses and cities.",United States of America,"['Sustainability', 'Renewable Energy']",Inactive
1661,S17,And Comfort is a direct to consumer fashion brand for plus-size women. We make plus-size basics and sell then online at andcomfort.com.,United States of America,['Fashion'],Inactive
1659,S17,,United States of America,['Agriculture'],Inactive
1655,S17,"PreDxion Bio is working on a rapid saliva-based antigen test for the detection of SARS-CoV-2 S-protein in asymptomatic and presymptomatic patients. Our technology is uniquely capable of being scaled to 10's of millions of tests of days using semiconductor fab processes, a scale of testing necessary to better inform public health officials and policymakers and enable contact tracing at scale.

PreDxion Bio's origins are in critical care: our original technology is a rapid, near real-time cytokine and biomarker detection platform to monitor the immune response of critically-ill patients. This technology leverages a novel sensor platform we spun out of the University of Michigan. PreDxion Bio has received FDA Breakthrough Device designation and partnered with top pharmcos to monitor the immune response following CAR-T therapy and predict the development of cytokine release syndrome and neurological AEs, and for use in guiding precision medicine approaches in critical care.",United States of America,"['Microfluidics', 'Nanosensors', 'COVID-19']",Inactive
1653,S17,Goosebump is a messenger app that helps users find live music events online.,France,"['Entertainment', 'Music']",Inactive
1649,S17,"Introducing Storyboard, the leading platform designed to connect the world's top brands, innovative creative agencies, and dynamic influencers with their communities on Instagram and Snapchat.

Our mission is to simplify and enhance your online presence on Instagram and Snapchat, offering a comprehensive suite of powerful and intuitive features:

1. Seamless Automation: Storyboard enables smooth, automatic sharing of your stories between Instagram and Snapchat. No more manual cross-platform management, saving you time while maintaining content consistency.

2. Advanced Performance Tracking: Measure the impact of your efforts with our advanced performance analytics toolkit. Gain in-depth insights into engagement, reach, and other essential metrics, empowering you to adjust your strategy in real time for optimal results.

3. Strategic Planning: Anticipate your campaigns by scheduling your stories and posts in advance. Our user-friendly interface lets you create a consistent editorial calendar, ensuring your content reaches your audience at the right times.

Discover how Storyboard can transform your presence on Instagram and Snapchat. Join visionary brands already placing their trust in Storyboard to optimize their social media presence. Whether you're a large corporation or an independent creative, our scalable platform will continue to deliver exciting new features to propel your online impact.",United States of America,"['SaaS', 'B2B', 'Social Media']",Inactive
1640,S17,RideAlong is a software tool that gives patrol officers key information about people with mental illness at the scene—everything from tailored de-escalation techniques to personalized service referral options.,United States of America,"['GovTech', 'Health Tech']",Inactive
1637,S17,Slik automates lead generation and prospecting for sales teams.,United States of America,"['Marketing', 'Email']",Inactive
1634,S17,"Caelum Health treats chronic digestive diseases with digital therapeutics. They are a Y Combinator-backed healthcare startup building the first clinically-proven digital treatment for digestive health and IBS. They believe your healthcare should be personalized and data-driven -- cutting-edge science, top physicians, and expert coaching, all wrapped up in a treatment plan built just for your body.",United States of America,"['Digital Health', 'Healthcare']",Inactive
1628,S17,"Covetly is a platform for collectors and hobbyists. Tons of rare, unique, and bizarre items await. Browse, trade, and buy or sell. What do you covet?",United States of America,"['Marketplace', 'Social Media', 'E-commerce']",Inactive
1627,S17,,United States of America,"['Artificial Intelligence', 'Healthcare']",Inactive
1624,S17,"Mystro is an automation app that makes on-demand drivers up to 30% more money. Mystro allows drivers to safely and easily run Uber, Lyft and other platforms simultaneously and auto accepts only the trips they want.",United States of America,"['Artificial Intelligence', 'Ridesharing', 'Automation']",Inactive
1623,S17,"Our mission is to empower everyone to discover, create, and exchange meaningful ideas to awaken a more just world. Learn more at www.greo.com",United States of America,['Video'],Inactive
1622,S17,Value Voting develops political targeting software for advocacy groups.,,['Marketplace'],Inactive
1613,S17," Sixty is the fastest way to get on demand web app help. Hire an expert by-the-minute to jump on a screenshare for help with your web design, development, software implementations, and more.

Starting at $1/min.",United States of America,"['Remote', 'Customer Service']",Inactive
1606,S17,"Gameday is the easiest way to play fantasy sports with friends. We make daily fantasy sports fun for everyone, with a simple and quick version of the game over chat.",United States of America,"['Gaming', 'Social']",Inactive
1605,S17,"Dropleaf is a response to an industry that could be so much better than it is. They want to provide everyone with a never ending stream of transformative experiences, but doing that is going to require us to change the space around games. Players need to be able to find the experiences that feel made for them, and the community around those games has to be welcoming and inclusive. Independent developers, meanwhile, need a way to improve discoverability, extend their revenue stream and find a space in which content is rewarded based on quality, not marketing budget.

They are working to fix every one of those problems. They have built a discovery system that’s going to help you find games you truly love. Our community is a work in progress, but you can learn more on our blog. And our library is going to keep growing, so that when you finish one great game, you’ll find another that you’d swear was made with you in mind.",United States of America,['Gaming'],Inactive
1589,S17,,United States of America,,Inactive
1585,S17,"Sunfolding was founded in 2012 with headquarters in San Francisco, CA. Sunfolding designs, manufactures and sells balance of system products that offer cost and performance breakthroughs to stakeholders across the solar industry. Currently, Sunfolding’s main product offering is an advanced solar tracker, Sunfolding T29™ Horizontal Single Axis Tracker.

Sunfolding’s executive team has collectively built and sold GWs of solar globally, successfully launching new solar products and technologies at leading solar companies including First Solar, SMA America, Kaco, and SunPower. The Sunfolding team is a blend of top technical talent with recognized industry leaders",United States of America,"['Solar Power', 'Climate']",Inactive
1579,S17,Passerine Aircraft develops electric-powered aircraft that can attain flight speed using a jumping mechanism.,South Africa,['Drones'],Inactive
1838,W18,"OSIMple automates data entry for inspectors by replacing stacks of paper with tablets and by generating completed inspection forms. This saves inspectors almost half of their inspection time. Founder Amanda Chan and Michael Miller came across the idea while talking to friends and professors in the civil engineering department at their university. They started building better software for bridge inspectors who were using very manual processes, and it’s been used on over 400 bridges so far. They’ve recently expanded to service home inspectors as well.

Robust, easy to use software and committed team of self-starters providing fast and reliable customer service. We are chalk full of Software Engineering expertise and ready to automate routine inspection tasks to let you focus on meaningful work.",Canada,"['Workflow Automation', 'Enterprise Software']",Inactive
1775,W18,"Reverie Labs is engineering next-generation, brain-penetrant cancer therapies.
",United States of America,"['AI-powered Drug Discovery', 'Machine Learning', 'Biotech']",Inactive
1735,W18,"Ovipost builds automated insect farms. Insects are the most efficient way to convert abundant, cheap byproducts into nutritionally dense protein. Today live insects are a $175m industry in the US, but the future of the industry is leveraging their excellent amino acid profiles and superior digestibility to replace fishmeal ($9.5B industry) and other expensive proteins in animal feeds. Led by co-founders Trina Chiasson (sold Infoactive to Tableau) and Teq Sassmannshaus (biotech hardware engineer), the Ovipost team has deep experience in hardware, software, and biology. ",United States of America,"['Biotech', 'Climate', 'Food Tech', 'Agriculture', 'ClimateTech']",Inactive
1724,W18,"Sketchbox is like WordPress for VR training simulations, we’ve built the underlying infrastructure that makes creating and updating VR training simulations fast. We primarily work with Fortune 500 companies, and all of our training sims include full student analytics and no-code scenario editors. All training simulations designed with Sketchbox work on the next generation of portable VR headsets, which are battery powered, don’t require a laptop and cost $400.",United States of America,"['Augmented Reality', 'Virtual Reality']",Inactive
1791,W18,"Correlia Biosystems is a UC Berkeley spinoff company based in Berkeley, CA. Correlia develops innovative microscale tools that accelerate rapid quantification of biomolecules.

Our versatile ""SimpleScan"" technology opens up new biological questions from one microliter of sample, with rapid results that allow for dynamic monitoring of protein expression profiles (rather than simple end-point measurement). Applications range from enabling next-gen proteomic data sets to point-of-care diagnostics.",United States of America,"['Hardware', 'Lab-on-a-chip', 'Microfluidics']",Inactive
1881,W18,,,"['Hardware', 'Food & Beverage']",Inactive
1864,W18,Hexel lets you create a cryptocurrency for your community.,United States of America,['Crypto / Web3'],Inactive
1857,W18,"Point stores things you send over and over again and helps you re-use them instantly.

Point can store ANYTHING, including long email templates, links, images, and emojis! When you want to re-send your pitch, support ticket resolution, or even just a Calendly link, Point makes it easy to find and reuse it so you never have to type it out again.

No need to search for your favorite emoticon anymore...¯\_(ツ)_/¯

Install our Chrome Extension to use Point anywhere on the web: https://pointapi.com/chrome.",United States of America,"['Artificial Intelligence', 'Assistive Tech']",Inactive
1855,W18,"Ben aims to be a unified platform for learning about, buying, selling, and storing cryptocurrency.

With the hundreds of wallets and exchanges floating around in the blockchain ether, it’s easy for novices to get lost in the fray. Ben’s mobile app distinguishes itself from other wallet exchanges by integrating crypto education, using the platform to also deliver news about currencies and offer Q&As related to crypto investing.",United States of America,['Crypto / Web3'],Inactive
1854,W18,"Our vision is that anyone with a passion for collectibles (sneakers, NFTs, sports cards, Pokemon cards etc.) will need a Secured membership to access the ultimate market advice and best connect with their community.",United Kingdom,['Subscriptions'],Inactive
1853,W18,We help organizations read and process large amounts of text-based data usually handled by humans.,United States of America,,Inactive
1851,W18,"Voicery synthesizes the most realistic human voices using deep neural networks. Prior to starting Voicery, Andrew, one of the founders, led the speech synthesis research team at Baidu Research. By synthesizing speech nearly indistinguishable from human, Voicery enable new media applications, such as auto-generated audiobooks, podcasts, television dubs, and voice overs.",United States of America,"['Machine Learning', 'SaaS', 'B2B']",Inactive
1845,W18,"Atrium is a new kind of law firm. We serve the startup community in ways our clients want to be served. We are organized like a modern business. We incentivize our team’s creativity and productivity through good management, not the billable hour. We build software to drive efficiency and transparency in our work. We achieve these differences through a technology and operations platform called Atrium LTS, which we co-founded with leading serial entrepreneurs and software developers who share our vision to fix the corporate legal practice.

Please find open jobs here: https://www.atrium.co/careers/",United States of America,['LegalTech'],Inactive
1831,W18,"Pagedraw turns UI drawings into code, bringing your app's look to life, and ready to deploy to production 

Our mission is to make programming more powerful.",United States of America,"['Design Tools', 'No-code']",Inactive
1825,W18,,United States of America,['Logistics'],Inactive
1823,W18,"Previously: Building machine learning hardware 10X faster than ASICs.

After Pivot: Accelerating deep learning through software

YC Winter 2018.",United States of America,"['Artificial Intelligence', 'Deep Learning', 'Machine Learning']",Inactive
1822,W18,"Station is the central interface for your team’s knowledge. Thanks to our browser extension teams easily visualize and switch across all apps, documents, notes, messages, and more.

Connect any app to Station, customize your interface and watch how Station creates links between files and highlights the information you need when you need it.
It’s a one click install.",France,['SaaS'],Inactive
1820,W18,"Our mission is to optimize health and prevent nutrition-related disease, which affects over half of the world’s population. Current supplement solutions are ineffective and inconvenient. Dried pills lack potency while liquid vitamins quickly degrade - neither form gives your body specifically what it needs to perform. 

Nutrigene helps you optimize your health - by sending you pure, personalized liquid supplements. Pick a goal, fill out our metabolic assessment, and we will optimize your supplements based on scientific research to create unique formulations are 10x more effective than generic off the shelf pill-based formulations.",United States of America,['Health Tech'],Inactive
1813,W18,No-code Alexa Skills builder.,United Kingdom,"['B2B', 'Design Tools']",Inactive
1804,W18,Miru is an augmented reality app that shows you what any piece of furniture will look like in your home. We use a computer vision pipeline to create an augmented reality experience for furniture from any retailer's website so you can see what the coffee table you love will look like in your home.,United States of America,"['Augmented Reality', 'Furniture']",Inactive
1801,W18,"We offer several products —
Marketing & Sales: Haiku Optimizer (https://getoptimizer.com)
Branding: Diez (https://diez.org)
Design & Code: (https://www.haikuforteams.com/animator)",United States of America,"['Developer Tools', 'Fintech', 'B2B']",Inactive
1799,W18,"Meson is the faster and safer way to execute low-cost, zero-slippage stablecoin cross-chain swaps across all leading blockchains and layer-2 rollups.",Singapore,['Crypto / Web3'],Inactive
1797,W18,,United States of America,"['Autonomous Trucking', 'Logistics']",Inactive
1796,W18,,Canada,"['Design', 'Furniture']",Inactive
1792,W18,"Openland is a messenger for communities. It is focused on fundamental human needs: making new friends, safe self-expression, and learning from others. Openland is a home for some of the most active and supportive chat communities on the Internet. Anyone can start and grow their own community on Openland, for free. Openland was founded in 2017 and is based in San Francisco. The company is backed by 30 prominent venture investors, including Y Combinator, Gagarin Capital, Sinai Ventures, Soma Capital, Liquid 2 Ventures, and Rainfall Ventures.",United States of America,"['Community', 'Messaging', 'Social']",Inactive
1786,W18,"EnvKey is a developer-friendly, cross-platform, end-to-end encrypted configuration and secrets manager. It can be used to store API keys, database credentials, and other application config securely. 

EnvKey makes it easy to grant least-privilege access to the developers and servers that need it from a user-friendly UI. Integration takes minutes.

Using EnvKey ensures that no 3rd party, including EnvKey itself, ever has access to your secrets. 

It takes a part of your system that used to be error-prone and insecure and makes it just work.",United States of America,['Security'],Inactive
1776,W18,"Read short stories on the go, tip authors for stories you love.",United States of America,['Subscriptions'],Inactive
1772,W18,"Tingles is a video platform for relaxation. It's the best place to find content that helps you relax and fall asleep. Our main focus is a video genre called ASMR, the biggest and fastest growing relaxation technique.",United States of America,['Sleep Tech'],Inactive
1770,W18,"OurMenu provides an online food ordering service. The company replaces ordering from a waiter with ordering from a website.

OurMenu wants to let its users to order from phone instead of talking to a waiter, without downloading an app. Users can scan a QR code on the table, choose their food, order and pay, and then the food is brought tothem. OurMenu plans to charge restaurants $300 per month for the tech, and will aggregate the menu choice data to sell back to them.",,,Inactive
1764,W18,"Skip Scooters operates shared electric scooters for reliable last-mile transportation.

The company works with cities to ensure our fleets are operated with the support of the surrounding communities, and they stand behind their riders by providing vehicles, safety education, and training, and world-class support.

The scooter rental company is based in San Francisco, California. It is formerly known by its Y Combinator codename, Waybots.",United States of America,['Transportation'],Inactive
1758,W18,,,"['Sports Tech', 'Live']",Inactive
1756,W18,"Tipe allows teams to edit, preview, and publish content for their apps. You can use tipe to change static content to dynamic, allow non-technical team members to edit anything. They can then preview those changes and get feedback before publishing. All of this is set up in less than 3 minutes from your developer.",United States of America,['Open Source'],Inactive
1738,W18,Everything one would need to start an ISP,United States of America,['Telecommunications'],Inactive
1737,W18,"Rhythmm is a social app that enables its users to share interesting thoughts and conversations.

Users can follow awesome channels and tap through each thought, finding their Rhythmm. They can also create their own channel, invite others to contribute or rock it solo, and the app help with the rest.

Rhythmm wants to take live chat conversations from experts and interesting people and let others follow along. The startup wants to take the insights people are getting from chat groups on Telegram and remove all the noise with their own platform. Only people who have been invited by the chat creator can participate, everybody else just follows the conversations.",United States of America,"['Community', 'Social']",Inactive
1733,W18,We're disrupting the $210B Alcoholic Beverage industry with all natural cannabis drinks.,United States of America,['Cannabis'],Inactive
2031,S18,,United States of America,"['Biotech', 'Therapeutics']",Inactive
2009,S18,"KOBO360 is powering African Enterprise through technology. The company was founded in 2018 to solve the inefficiencies in Africa’s supply chain, by creating a platform that connects manufacturers and cargo owners with truck operators, to move their goods seamlessly across the continent.

KOBO's key focus is to accelerate economic development and sustainable growth in Africa through a streamlined delivery process of raw materials from ports to the manufacturer, and finished goods from the manufacturer to the last-mile customer.

The company uses data analytics and artificial intelligence to reduce inefficiencies in last-mile delivery, provide transparency and visibility, reduce communication gaps within the entire ecosystem, optimize pick-ups and deliveries, and improve routes in real-time. Our predictive analysis also gives businesses valuable insights and enables them to make informed decisions, thereby enhancing productivity and improving customer experience.

We have a physical presence in 7 African countries; Nigeria, Benin, Ghana, Uganda, Kenya, Côte d'Ivoire, Burkina Faso.",Nigeria,['Logistics'],Inactive
1984,S18,"The Supplant Company is defining a new category of food ingredient: sugars from fiber. Supplant™ sugars from fiber is a brand-new blend of sugars found naturally in plant fiber. With Supplant™ sugars from fiber, your favorite treats can look, feel and taste like they’re supposed to. Because it’s made from fiber, Supplant™ sugars from fiber is lower in calories, has a lower glycemic response (compared to glucose), and is prebiotic. It’s made by upcycling agricultural side-streams. For example, in corn (maize), it’s made from the cob, not the kernel. In wheat and rice, it’s made from the straw, not the grain. These fiber-rich parts of crops are hugely abundant and don’t typically make their way into the food system.",United Kingdom,"['Food Tech', 'Sustainable Agriculture']",Inactive
1958,S18,"We're a food delivery logistics and culinary company that empowers restaurants to tap into the explosive world of food delivery.

We build delivery-native, multi-restaurant virtual kitchens that allow our restaurant partners to expand their delivery footprint to reach new customers. Our fully staffed kitchens handle cooking, delivery, and fulfillment on behalf of restaurant partners so they can focus on what they do best.",United States of America,"['Ghost Kitchens', 'Delivery']",Inactive
1943,S18,,United States of America,"['Entertainment', 'Media']",Inactive
1932,S18,,United States of America,"['IoT', 'Biotech']",Inactive
1900,S18,,United States of America,,Inactive
1897,S18,"Turn-key solutions for anomaly detection, asset detection and tracking, and workforce management in automotive and manufacturing operations. We leverage modern Machine Learning to work with unstructured sensory data, like video and audio. By distributing the solution across the edge (on-premises) and multiple clouds (Azure + AWS/GCP) we lower the operating costs by 100x, while processing 1,000x more data than any cloud-based solution and provide better reliability and safety.",United States of America,"['Artificial Intelligence', 'Industrial']",Inactive
2021,S18,"Perception Biosystems is democratizing gene therapy through lab automation. Our mission is to accelerate the clinical translation of gene therapy by reinventing its manufacturing and development processes.

We're building a robotic lab in the SF Bay Area to translate the large facilities, labor, and regulatory requirements of current gene therapy factories into automated flexible manufacturing systems and code. This enables us to produce gene therapies for use in human clinical trials an order of magnitude faster and cheaper than the current solution – opening up thousands of rare disease targets otherwise thought too rare to pursue.",United States of America,"['Gene Therapy', 'Biotech']",Inactive
2016,S18,"At dNovo, we are curing hair loss by creating new hair, de novo. We are doing this with cellular reprogramming technology that we pioneered at Stanford and Harvard. With this technology, we can take any patient derived cell, whether it be blood, skin or fat and reprogram (convert) them into medically relevant cell types. Our first objective is to cure hair loss by using our reprogramming technology to make new hair (patent pending).  This is different from everything currently available on the market because the hair loss industry is focused on maintaining the hair that you already have, but no one is trying to produce NEW hair, de novo.  After hair, we envision using our cellular reprogramming technique to make any cell, any tissue or any organ on demand to replace what is lost as we age.",United States of America,['Anti-Aging'],Inactive
2008,S18,,United States of America,['Fintech'],Inactive
1973,S18,,,"['Entertainment', 'Live']",Inactive
1972,S18,,Canada,['Investing'],Inactive
1952,S18,"The Buttermilk Company is a direct-to-consumer business focused on bringing authentic and simple recipes from different cuisines to an American audience. We curate recipes from the local community and create packets filled with real, fresh ingredients and no preservatives. You can make a homemade meal in 5 minutes! We also give back a portion of our sales to the people who gave us the recipes.",United States of America,"['Consumer', 'Food & Beverage']",Inactive
1948,S18,"Avo is powering the future of ""building commerce"". We have found a way to embed consumer goods and services in the largest physical point of sale in the world - residential and office buildings. By offering a virtual marketplace solution for residential and commercial buildings as a world class amenity, Avo has unlocked a new channel to deliver everything from groceries to cleaning services to millions of people, while avoiding costly CAC and last mile delivery fees. By consolidating deliveries and services and leveraging the building operators to acquire their tenants as customers, Avo has driven exponential revenue growth in large cities across the US. We are backed by Y Combinator, Kleiner Perkins, Insight Partners, JLL Spark, Box Group and strong angel investors who backed Facebook, WeWork & Uber at an early stage. We currently operate in New York, Chicago, Houston, and Israel. Our rapidly expanding customer list includes Facebook, Apple, Microsoft, Dropbox, MongoDB, Calendly, Cushman&Wakefield, Extell, Related, LeFrak, and 1000+ more locations.",Israel,"['Grocery', 'E-commerce']",Inactive
1945,S18,"At LabelFlow, we build GitHub for visual data. Our mission is to facilitate and accelerate the development of AI at scale thanks to top-notch labeling tools and a dataset marketplace.",France,"['Computer Vision', 'Data Engineering', 'AI']",Inactive
1937,S18,"Social network, email aggregator",United States of America,"['Advertising', 'Location-based']",Inactive
1928,S18,"Spero is affordable, clean, sustainable plant-based dairy.

With 21 global patent apps and novel process engineering for high throughput low cost plant dairy, Spero recreates staple foods you love, in ways that are good for you and the planet.",United States of America,"['Consumer', 'Climate', 'Food', 'Food Tech']",Inactive
1926,S18,We're a cloud-based asset management and remarketing platform for hospitals.,United States of America,"['Medical Devices', 'Healthcare', 'Supply Chain']",Inactive
1921,S18,,United States of America,"['Marketplace', 'Augmented Reality']",Inactive
1920,S18,"We are a national vegan specialty store. Starting with food, we are expanding to other categories like beauty, healthcare, home goods etc. 
We use data to predict which products will succeed (and launch them exclusively) ",United States of America,"['E-Commerce', 'Food & Beverage']",Inactive
1915,S18,,United States of America,['E-Commerce'],Inactive
1912,S18,,United States of America,"['Cashierless Checkout', 'Retail Tech']",Inactive
1911,S18,"It's a better way to build frontend. It connects your Stories, Tokens, & Figma components. It lets you inspect designs with confidence and speed. And you can use it in Storybook.",United States of America,['Developer Tools'],Inactive
1905,S18,"Xkit helps B2B SaaS app developers to deliver deep integrations to all of their customers' CRMs with a single build. From allowing your users to interact with your app from inside the CRM to interacting with existing data including custom fields, objects, and workflows, Xkit gives you a standard API that works for every customer's setup, no matter how customized.",United States of America,"['Developer Tools', 'Sales', 'API']",Inactive
1904,S18,"FREY is a line premium clothing care products meticulously designed to smell better, treat clothing better, and generally be better: for the user, for others, for the planet. FREY was is revolutionizing a long-standing industry. We are bringing clothing care and household products into the 21st century, breaking down outdated gender stereotypes, bringing fashion into a realm that has not experienced it before, and making a philanthropic impact all the while.

FREY products use formulations that are safer for the environment, and has created a Wash for Wash program, where for every bottle purchased, the clothing of someone in need, from the homeless to low-income families, is washed, as part of our philanthropy-focused mission.",United States of America,"['Sustainability', 'Consumer Products']",Inactive
1896,S18,Software for robotaxi operations.,Canada,['Mobility'],Inactive
1894,S18,,United States of America,,Inactive
1890,S18,"User Hero collects all your user research in one place. Organize studies, transcribe interviews, take notes collaboratively, tag and search observations, and more. We automatically generate reports and rainbow charts so your team can learn and build faster.",United States of America,"['SaaS', 'B2B', 'Design Tools']",Inactive
1885,S18,"At Penta Medical we are dedicated to providing an innovative solution to injury management. We work with the top athletic teams and doctors to help them reduce injury rates and improve healing times. While working with our team you will have access to up to date information on all of your athletes, preventative statistics benchmarked across the field, and customized treatments.",Canada,"['Hardware', 'Medical Devices']",Inactive
1873,S18,"What if you could turn your screen recording into an unattended automation, or on-screen guides for your coworkers? That is exactly what we allow you to do. We take the recording, run a compiler to analyze it, synthesize a program from that analysis, and create an automation or guide within seconds.",United States of America,"['Hard Tech', 'Robotic Process Automation']",Inactive
12175,W19,"Capture is your operating system for life – a place to keep track of what matters, think through difficult concepts, and plan around important goals. We're building a better way to tame the sheer volume of information and ideas we all come across throughout the day.",United States of America,['Productivity'],Inactive
12092,W19,"Where are the best places in the world to build a wind farm or a hydropower dam? 

Traverse is an AI driven professional engineering firm focused on answering these types of questions.

We use AI, high performance computing and automation to speed up traditional prospecting, feasibility assessment and front end engineering work by 10x. Traverse can prospect for exceptionally high ROI project configurations across entire countries and also optimize the returns of individual projects amongst billions of potential permutations, helping our customers eliminate development risks dramatically.",Singapore,"['Robotic Process Automation', 'B2B', 'Climate', 'Energy', 'Renewable Energy']",Inactive
11992,W19,,United States of America,"['Machine Learning', 'API']",Inactive
11978,W19,,United States of America,['Marketing'],Inactive
11941,W19,"Kopa is the marketplace for monthly rentals and compatible housemates. 

We believe that exploration and community make people whole. Kopa exists to inspire people to get out of their comfort zones, to form lasting relationships, and to live more fulfilled lives.

Kopa enables people to browse rentals, find roommates, and book and pay for spaces all online. ",United States of America,"['Marketplace', 'Housing', 'Community']",Inactive
12415,W19,"Spiral Genetics (YC W19) makes genomic data mining software to compare large populations of whole human genomes. Our customers are genetics testing companies, governments of countries, and pharma companies. We train our machine learning algorithms to enable large scale comparison of genomes to power novel discoveries, enabling new diagnostics and drugable targets.  ",United States of America,"['Machine Learning', 'Genomics']",Inactive
12387,W19,,United States of America,['Real Estate'],Inactive
12362,W19,"Mage Market is a real-time 'bid/ask' marketplace. When a bid and ask meet, the transaction happens automagically. No counterfeits or fakes – We are the active middlemen and our experts verify every card before it's being sent to you.",Germany,['Marketplace'],Inactive
12284,W19,,United States of America,"['Social', 'Social Network']",Inactive
12277,W19,"Tailor-ED is a cutting edge AI-based learning bot calibrated to provide personalized learning experiences and recommend the best resources for learners. We are reshaping workplace training to meet the demands of a world where technology shifts rapidly and the race for new skills never ends. We help companies deliver workforce training faster, better and cheaper. We achieve this by identifying knowledge gaps and offering a learning assistant with personalized training paths, integrating smoothly into the daily workflow via tools like Slack and Teams. ",Israel,"['AI-Enhanced Learning', 'Artificial Intelligence', 'Education', 'Productivity']",Inactive
12265,W19,,,"['Artificial Intelligence', 'Cybersecurity', 'Enterprise']",Inactive
12258,W19,We're building a tool to help data engineers diagnose problems in their data pipelines.  Datamode integrates with the technologies you use to provide a single place to start investigating problems and reduce the mean time to diagnosis.  This means higher data quality and improved reliability for the business.,United States of America,"['Analytics', 'Data Engineering']",Inactive
12252,W19,"We are an African genomics research, services and development company addressing the need to include under-represented African genomic data in research which could lead to medical breakthroughs and new healthcare solutions worldwide.",Nigeria,['Genomics'],Inactive
12090,W19,"Hypnos is a digital sleep journal that helps you discover how your habits impact your sleep. It does this by taking in your mood, daily activities, and pairing them with data from your sleep tracker. Delivering insights on how to improve your sleep and habits.",United States of America,['Sleep Tech'],Inactive
12079,W19,Telehealth clinic that monitors patients with chronic conditions and prevents their hospitalization. ,United States of America,"['Digital Health', 'Healthcare', 'Telemedicine']",Inactive
12073,W19,"Fuse provides single API that integrates with multiple bank connection vendors, such as Plaid, MX, Teller, Finicity and Yodlee. Users can easily search for and select their bank via a drop-in component in your app, and then the most reliable bank connection vendor for that bank will be displayed. Fuse also provides a consistent data model for all bank integrations and handles the necessary data transformations and API quirks for you.

By using Fuse, companies can improve the reliability of bank connections, reduce disconnections, and support more banks. ",United States of America,"['Fintech', 'SaaS', 'B2B']",Inactive
12072,W19,"CareerTu is an online school for today’s most in-demand digital skills, starting with digital marketing, data analytics, and product design. We teach our students real-world business problems via capstone projects to make sure they are equipped with the must-have technical skills.

250+ top companies hired CareerTu students in 14 countries - including Google,  Facebook, Microsoft, Amazon, Spotify,  Pinterest, LVMH, TikTok, Expedia, Alibaba, Tencent, Meituan etc. 

CareerTu's mission is to teach students the industry’s most relevant and in-demand skills, making them the ideal hire at their dream companies, in return providing businesses with experienced and reliable talents to increase their efficiency.

华语数字化技能学习平台。通过系统学习高薪数字化技能, 迅速培养新兴行业紧缺的人，为全球14个国家的科技和新零售企业, 不断输送优秀人才。

",United States of America,"['Education', 'Careers']",Inactive
12068,W19,"Cherry lets employees choose their own workplace perks. With Cherry, employers cover their employees' favorite consumer services (ex: Netflix, Spotify, ClassPass, Lyft), instead of wasting money on perks that no one uses like in-office yoga and ping pong tables. ",United States of America,"['Fintech', 'Marketplace', 'SaaS']",Inactive
12047,W19,"At AuroraQ, we are building the world’s first truly practical quantum computing system.  This system integrates together different quantum components, each performing different functions with the data, including processing, communication, and memory.  Integration of different specialized components that efficiently work together to complete the calculation is precisely how classical computers work.  No other quantum hardware company has yet tackled the integration challenge.  AuroraQ will be the Dell of quantum computing, sourcing components from our partners to build a better quantum computer.  ",Canada,['Quantum Computing'],Inactive
12045,W19,,,"['Productivity', 'Collaboration', 'Sales Enablement']",Inactive
12041,W19,"Open, grab-n-go marketplace powered by computer vision. We invite partners like chained restaurants to run most of the logistics. By giving them more customers, we get a cut of each sale ;)",Singapore,['Retail Tech'],Inactive
12033,W19,,United States of America,"['E-Commerce', 'Fashion']",Inactive
12015,W19,,United States of America,"['Artificial Intelligence', 'NLP']",Inactive
12013,W19,,Israel,"['Artificial Intelligence', 'Gaming']",Inactive
12011,W19,,United States of America,['AI-powered Drug Discovery'],Inactive
12004,W19,"Today’s delivery apps are bad experiences. First, you have to choose a delivery platform. Then, you scroll through dozens of restaurant and finally, you decide between hundreds of dishes. And even if you choose the right restaurant, you might get the wrong dishes.

On Simmer, we tell you the best reviewed dishes across all delivery apps. You first choose your dish on Simmer, and the delivery companies just take care of logistics. Through this, we are able to charge affiliate revenue for every order.

No one has done this before because determining a city’s best dishes requires millions of users to leave dish reviews.

Our unique insight is that all the data required already exists online, in blog posts, social media, newspapers. It just needs to be aggregated, analyzed, and indexed. We have built a custom sentiment analyzer to do just that.

Our vision is to be the first place people go when ordering delivery. 

The founders have backgrounds in engineering and data science from UChicago (their alma mater) and they have both worked at food tech companies like Lolli and Pops and Blue Apron.",United States of America,"['Delivery', 'Food', 'Reviews']",Inactive
11990,W19,,United States of America,['Travel'],Inactive
11982,W19,"Herald helps product and customer teams work together to grow  revenue by painting a full picture of user problems.

We start by providing the best experience for capturing customer feedback from the most relevant apps: Intercom, Front, Email, Slack, and more. Then, Herald's robust analytical engine helps you rigorously qualify and quantify customer feedback according to your business goals.

Herald molds to the way your team works: it can be used exclusively as an internal tool, in semi-private mode to share a history of their feedback with specific customers, or publicly by publishing a  product roadmap and changelog.",United States of America,"['Customer Success', 'Team Collaboration']",Inactive
11971,W19,,United States of America,"['Batteryless IoT Sensors', 'Hardware']",Inactive
11964,W19,"Our users use our tool to build Zendesk, Salesforce, and Slack apps without an engineering background.",United States of America,"['SaaS', 'Finance', 'E-commerce']",Inactive
11957,W19,"The Green Energy Exchange delivers affordable renewable energy direct to homes and businesses.  The company offers the most affordable green energy plans in the market and is dedicated to increasing the demand for renewable energy by offering to clean energy at affordable prices.  By removing middleman and inefficiencies we can provide lower prices to consumers, higher revenues to generators and help increase the adoption of clean energy sources.  Empowering people to buy renewable energy at great prices will help move us to a cleaner and greener future.  We are a licensed retail electric provider and operate in Texas currently.  ",United States of America,"['Climate', 'Renewable Energy']",Inactive
11955,W19,,United States of America,['Data Engineering'],Inactive
11954,W19,A customizable community platform that allows companies to easily create and foster an active and engaged community,United States of America,"['SaaS', 'B2B', 'Community']",Inactive
11949,W19,"SpaceRyde is building the future of space cargo transportation to facilitate and encourage necessary in-space developments, innovations and economy. SpaceRyde is the only sustainable mode of space transportation. Its innovative system utilizes a stratospheric balloon to bypass the atmosphere without emissions nor depositing black particles into the ozone layer and is the world’s first and only multi-functional rocket. After completing its initial mission, the vehicle will remain powered in orbit and joins its rocket network until assigned its next in-space mission, including tasks such as; refuelling, deep space missions, space junk removal and de-orbiting. 

SpaceRyde’s story began in 2018 with husband-wife founders Saharnaz Safari and Sohrab Haghighat and the dream of eliminating the barriers to innovation in space. The company is now a rapidly growing team of over 30 employees with a 25,000-square-foot rocket factory and state-of-the-art engine groundworks facility.",Canada,"['Air Taxis', 'Commercial Space Launch', 'Hardware', 'Sustainable Tourism', 'Space Exploration']",Inactive
11942,W19,"Pengram is an indoor navigation application to allow anyone to map a building using just a phone and set up waypoints. Anyone can navigate in the building through Pengram to established waypoints. We primarily focus on helping fire protection, HVAC, and security technicians to locate devices scattered in a building during field work.",United States of America,"['SaaS', 'Augmented Reality', 'Navigation']",Inactive
11939,W19,,United States of America,['Gaming'],Inactive
11933,W19,,,,Inactive
11930,W19,"We're providing the in-person medical infrastructure that bridges the gap in care quality and scope between virtual and in-person care. Diagnostics, nursing services, point-of-care testing, phlebotomy, and more — all available at transparent cash prices. Starting in Miami.",United States of America,"['Consumer Health Services', 'Telemedicine']",Inactive
11923,W19,"Allo connects neighboring families to help them establish their local ""village"" for social and practical support.

At Allo, we believe children benefit from being raised in strong communities of friends, families, and neighbors. Unfortunately, it has become difficult to foster such an environment in our ever-fragmented offline lives, despite our ever-connected online networks. We're working to change that.

Allo aims to strengthen local networks of friends, families, and neighbors by giving them a better way to respond to each other’s needs. With Allo, asking for a favor is no longer awkward and connecting with the right group to find the social and practical support you need is simpler. 

By making it easier for friends, families, and neighbors to connect, communicate, and coordinate online to help each other offline, we layer in a much-needed element of real-life, real-world interaction and community - something that everyone yearns for and families actually need to get by.",United States of America,['Community'],Inactive
12911,S19,"Save & organize posts, text & pics from all apps & websites. Showcase your mental dump through the customizable spaces you design. ",United States of America,['Consumer'],Inactive
12865,S19,"Blockstamp is an asset management software for industrial equipment. We provide in-depth analytics and fleet management dashboards for industrial equipments (forklifts, cranes, hoists, etc.). We help large manufacturing companies manage their fleets of industrial equipment to allow them to make business decisions.",United States of America,"['Industrial Workplace Safety', 'Analytics', 'Manufacturing', 'Industrial']",Inactive
12645,S19,Brave Care is a group of kid-only primary & urgent care clinics that create a comfortable environment for little ones and reduce the stress and cost of emergency medicine for parents.  We are 1/10th the cost of an ER trip and most often a visit can be completed in 1/4th the time.  Common treatments: Pinkeye / Allergies / Tummy Bugs / Stitches / Broken Bones / Head Bumps / Sore Throats / Coughs / Fevers. Our digital services leverage our in-clinic medical professionals  to reach across the country.,United States of America,"['Consumer Health Services', 'Telehealth', 'Pediatrics']",Inactive
12623,S19,"We build portable, tactical, through-wall radar sensors to help first responders and soldiers detect and track people through walls. ",United States of America,"['Hardware', 'GovTech', 'Radar']",Inactive
12615,S19,"LunaTrace isn't just another security scanner that blasts you with vulnerabilities. LunaSec has developed a hosted Open Source dependency security tool that is smarter, faster, and quieter than any other. It's backed by a team of security experts who monitor the latest attacks, write remediation guides, and help you patch in hours instead of weeks.

In under 2 minutes, for free, you can generate your own vulnerability report to gain insight into the security + compliance of your software by clicking here: https://lunatrace.lunasec.io/

Email us at: contact@lunasec.io
Our GitHub: https://github.com/lunasec-io/lunasec",United States of America,"['Developer Tools', 'DevSecOps', 'Security Orchestration, Automation and Response (SOAR)', 'Security', 'Open Source']",Inactive
12598,S19,"Narrator is an end-to-end platform built on top of the data standard, the Activity Schema and starting at $500/mo.  Data analyst are able to build their definitions of their user journey, and use that journey to answer any question that comes up.  From there, data can be visualized in a dashboard, used to build a story like analysis, exported and more.   

The biggest values of Narrator is Speed and Cost reduction.  Small teams are able to move fast and answer questions in minutes allowing them to preform the work of very large data teams. All while Narrator is optimized to minimize compute cost of the warehouse.",United States of America,"['Analytics', 'Big Data', 'Data Engineering']",Inactive
12555,S19,,United States of America,['Consumer Health Services'],Inactive
12547,S19,"BuildStream makes recruitment and payroll easier than ever for busy construction projects looking to hire temporary workers.

Clients get high quality, reliable workers in super quick time, while saving 35% on agency fees.

Workers finding jobs through us get better pay, faster pay, and are able to choose from high quality, local jobs.",United Kingdom,"['Fintech', 'Marketplace', 'Payments', 'Construction', 'Payroll']",Inactive
1880,S19,"Elpha is where women succeed at work together. Our members come to Elpha for personal and professional development, to find jobs and to make friends.",United States of America,"['Community', 'Recruiting']",Inactive
12890,S19,"We enable product and marketing teams to create and publish native in-app experiences, without engineering help",United States of America,"['Developer Tools', 'SaaS', 'B2B', 'Design Tools']",Inactive
12868,S19,"Covela helps small businesses and freelancers in LATAM find the right insurance coverage, at the right price in less than 15 minutes.",Mexico,"['Insurance', 'Latin America']",Inactive
12853,S19,"It is very hard to access USD or stable currency in LatAm's depreciating, and hyper-inflationary economies. We are solving that for individuals and businesses.",Colombia,"['Fintech', 'Crypto / Web3']",Inactive
12849,S19,,Mexico,"['Restaurant Tech', 'API', 'Latin America']",Inactive
12844,S19,"HR focused ERP that automates processes for mid/large companies in LATAM through several modules:
Shift and calendar planning for staff
Check-in/out with geolocation and FR
Employee health and safety reporting and record
Performance management module
Career planninf module",Mexico,"['SaaS', 'B2B']",Inactive
12835,S19,We build accounting & treasury management software solutions for web3 organizations. Get accurate financial statements and automate accounting tasks across any wallets. Say goodbye to crypto hassles and focus on growing your business.,France,"['Fintech', 'Crypto / Web3']",Inactive
12741,S19,"Namaste is Shopify for a mobile first world. Using Namaste, small businesses can make their own eCommerce website and native mobile apps. At the press of a button they can publish their app to Google Play Store and Apple App Store.",India,"['SaaS', 'E-commerce', 'Retail', 'SMB']",Inactive
12740,S19,,India,"['India', 'Podcasts']",Inactive
12737,S19,"Tensil automates machine learning hardware accelerator design. Our goal is to enable ML in every device. We've developed an algorithm that can design the best hardware accelerator for your machine learning model, unlocking 10x better performance per watt-dollar than GPUs and other hardware accelerators. Our technology enables our customers to create unbeatable products with Tensil custom hardware at the core.",United States of America,"['Edge Computing Semiconductors', 'Hardware', 'Open Source', 'AI']",Inactive
12736,S19,,United States of America,,Inactive
12676,S19,"Flow is building products to improve your browsing experience. The web browser is an indispensable part of our daily lives - we use it for work, shopping, entertainment, research, sharing memes, procrastinating, connecting with friends and family. Yet it remains tough to be organized and intentful when using it. We’re building products to dramatically improve your browsing experience, and Flow is our foray into intentful browsing.
",United States of America,['Developer Tools'],Inactive
12658,S19,Raised a +100M Debt fund to finance thousands of students in the US. Raised 7.5M in Equity from top-tier VCs and multiple Unicorn Founders. Sold all assets in 2022 after regulatory changes in our space. Lots of learnings and many lives we changed for the better :) ,United States of America,"['Education', 'Fintech']",Inactive
12657,S19,,Canada,"['Fertility Tech', 'Hardware']",Inactive
12656,S19,"Adla curates and delivers clothes to try on at home for free, you only pay for what you want to keep and Adla picks up any returns. We're starting in colleges.",United States of America,['E-commerce'],Inactive
12650,S19,,United States of America,,Inactive
12630,S19,"Tandem is a digital office for remote teams. You can see who's online, what app they're working in, and talk/screenshare/video in one click. 

We designed Tandem by deconstructing the affordances and benefits of a physical space, and transcribing them to a virtual space.",United States of America,"['SaaS', 'Collaboration']",Inactive
12629,S19,,India,['India'],Inactive
12624,S19,Revel offers events and online communities that nourish women at midlife and beyond. We are backed by Forerunner Ventures and Y Combinator and were recently named one of the Most Innovative Companies of 2020 by Fast Company. ,United States of America,['Community'],Inactive
12613,S19,Dashblock is the easiest way to access websites programmatically and collect structured data.,France,"['Developer Tools', 'Machine Learning', 'Robotic Process Automation']",Inactive
12610,S19,"User behavior monitoring for modern product teams.
It works autonomously—  no code, no configuration, no data expertise required.",United States of America,['Artificial Intelligence'],Inactive
12583,S19,"Muddy is a chat-like web browser (built on Chromium). Teams use Muddy to work with their teammates and software all in one window.

Muddy consists of Spaces: project, event, or competency based feeds in which users can send updates that consist of basic multimedia messages, specific files from applications (Google Doc, Airtable Base, Figma File, +anything web based), and annotations on both.

Recipients can then use those apps right in line of the messages to take the requested action or give the solicited feedback (review my design, update the CRM, approve the PR, confirm PTO in Gusto, etc).",United States of America,"['Productivity', 'Collaboration']",Inactive
12579,S19,"EncepHeal is developing medications to treat substance abuse. Our first product is a small molecule therapeutic for stimulants like cocaine and methamphetamine, of which there are no FDA approved treatments.

Our small molecule technology are atypical inhibitors of the dopamine transporter. Cocaine itself is an inhibitor of the same transporter. Directly reducing craving or positive reinforcement is a successful treatment strategy for addiction. Methadone or buprenorphine (Suboxone) are key examples of this for opioid use disorder. However, these types of medications can be addictive themselves. This has been a major hurdle for medication development for cocaine addiction and has led to many leaders in the addiction space to abandon the dopamine transporter as a target. At EncepHeal, we believe that the dopamine transporter should not be abandoned and instead focusing on fixing the abuse liability problem. Therefore with our partners at the National Institutes of Health, we have shown that these new, allosteric modulators at the dopamine transporter do not display addictive tendencies in animal models. They are also effective at curbing cocaine addiction. 

Our management team has two co-founders, Omeed Rahimi and Aaron Lazarus, as well as an experienced addiction pharmacologist as their research officer. The team has an advisory board with entrepreneurial and addiction drug development experience as well as expert partners at the National Institute on Drug Abuse, a subset of the NIH, and Wake Forest.

Our team has had success in raising non-dilutive funding and has expertise with SBIR/STTR grants. We are looking for help in better connecting with the biotech/pharmaceutical industry.

",United States of America,"['Therapeutics', 'Drug discovery']",Inactive
12571,S19,,United States of America,"['Compliance', 'Privacy', 'Regtech']",Inactive
12570,S19,,,['CRM'],Inactive
12544,S19,"We're building a LinkedIn 2.0 where user profiles are based on credible recommendations, much more curated, above and beyond schools, jobs, and a resume.

Users recommend people they trust by answering questions like Who would you hack a product MVP together with over a weekend? or Who are designers you'd trust to benchmark design talent? or Who are investors that have incredible empathy for founders?, etc.

We are building the trust graph of the world: who trusts whom and in what context.",United States of America,['Social Network'],Inactive
12541,S19,"ReverCare helps families select products and services that make care easier. We do this by connecting families to social workers who help them find and vet elder care solutions (estate planning software, home care, meal delivery, senior transportation, etc.). We’re able to offer social worker support at no cost. We make money through affiliate fees from products and services. ",United States of America,['Health Tech'],Inactive
12539,S19,,United States of America,,Inactive
12526,S19,"Museum of Future Experiences (MoFE) is a media tech company that creates, publishes and distributes high end immersive VR experiences.",United States of America,"['Virtual Reality', 'Entertainment', 'Media']",Inactive
12461,S19,"Safely Finance (YCS19) is a pay-over-time solution for moving and renting. We remove price as a barrier to leasing for renters. We increase NOI and decrease bad debt for properties. Safely Finance embeds directly in moving and renting experiences with easy-to-integrate options via widget, API, or property management solution.",United States of America,"['Fintech', 'SaaS']",Inactive
12453,S19,"Path gives you a money manager who:

- gets you money for college
- builds your credit with a debit card
- gives you a savings account that pays you 5% interest
- helps you make more money

and makes sure you don’t f**k up your financial future in your 20’s 

all for $20/mo",United States of America,"['Education', 'Fintech', 'Crypto / Web3']",Inactive
12452,S19,"A cross-platform, click-to-talk collaboration tool with features like NLP-powered transcription, screen sharing, multiplayer app collaboration, voice and video channels, and file sharing.",United States of America,['SaaS'],Inactive
11987,S19,"Hutsy is a new way to buy a home for the modern home buyer.

For the first time, we’ve built a hybrid agent-tech process that will help you with your entire home buying process. We are committed to helping you from searching & submitting offers to signing closing documents in the simplest manner possible.

We find the best local agents, title officers, lenders, inspectors and streamline the process start-to-finish so that you don't have to worry about dealing with shady folks.

We've eliminated redundant back-and-forth so that you can search, schedule and sign easily online.

We give you a clean dashboard to keep track of any upcoming closing costs, and the transaction progress at all times, so that you can prepare for what is required of you well ahead of time.

Ultimately, we've retained the humanistic elements of the process, provided by the best agents and third parties, and fused it with the latest tech for your convenience. This means that you consistently get the best home buying experience, every single time. ",United States of America,['Real Estate'],Inactive
11947,S19,,United States of America,"['E-Commerce', ""Women's Health"", 'Fashion']",Inactive
11929,S19,"Pippin is building the autonomous homebuilding factory for the $1.7 trillion housing crisis. 

Building a home requires human labor to: measure, cut, lift, drill, paint, and attach. This labor is used for a building’s: structure, vapor barriers, windows, insulation, siding, roofing, electrical, plumbing, fixtures, appliances, and cabinetry. The construction industry solves this complex variety of tasks by dividing them among tiny companies of specialized artisans. Few lessons learned are shared and the industry has had no growth in labor productivity since 1947.

Building technology, methods, and materials have advanced and the constraints limiting home manufacturing can now be removed. Regulations have changed to allow small and simple accessory dwelling units (a.k.a. ADUs or backyard homes), making it easier to mass-produce housing. Pippin started in the ADU market with its brand ""Rent the Backyard"" and will build duplexes, quadplexes, and eventually large apartment buildings.",United States of America,"['Construction', 'Housing', 'Proptech']",Inactive
13412,W20,"Easyplan is an investment app for beginner investors in India (kind of a cross between Betterment and Qapital in the US). We also provide users with a credit card secured by their investments. 

We launched with money market funds and have ~40,000 customers who’ve invested (~40% MoM growth). The pandemic spurred interest among new investors, and our AUM has grown 3x since April 2020. And we’ve done this with a cost of acquisition that is 10% of the industry average. 

Here’s the problem we see. Only 10% of the 100 million middle-income Indian workers have invested in the markets. This is despite the fact that they save ~30% of their income, making this a $325B potential market in assets under management. 

However, current investment apps in India are built for active investors. With over 16,000+ mutual funds and 5000+ stocks to choose from, they are far too complicated for beginners, who make up most of the market.

We’re building an AI - driven investment planning software that is designed for beginners. Users use our conversational AI to get diversified mutual fund portfolios tailored to their goals. We also offer users a credit card secured by their investments, so they can earn return without losing liquidity.

In terms of business model, we make commissions on the asset we manage, and interchange fees on the fund. We estimate we can make $12 per user per year, which is 6x our current acquisition cost of $2 per investor.",India,"['Fintech', 'India', 'Investing']",Inactive
13348,W20,"We put life into a building by designing it’s mechanical, fire, electrical, plumbing services. Architects and contractors hire consultants, who still design the building manually. Our software automates this design step and even calculates the bill of materials with project cost estimates.",India,"['Artificial Intelligence', 'Construction', 'B2B']",Inactive
13344,W20,Flasho enables user interviews on auto pilot for customer obsessed product teams. It moderates 1000s of user interviews simultaneously and gives insights in seconds! ,India,"['Artificial Intelligence', 'Generative AI', 'SaaS', 'B2B', 'AI']",Inactive
13320,W20,"Laserfocus makes your sales process as simple as possible, but not simpler:

- Maximizes the time salespeople can spend on selling by showing them what they need to focus on
- Ensures that all data lands into Salesforce in the proper fields so you can make informed business decisions",Germany,"['B2B', 'Productivity', 'Sales']",Inactive
13302,W20,,United States of America,"['Mobility', 'Electric Vehicles']",Inactive
13273,W20,"Dropbase is a prompt-based app builder that empowers developers to create custom back-office software fast and efficiently.

With Dropbase, you can build backend panels, order/billing dashboards, and internal tools that can fetch data and trigger action across any database or service.

Key Features:
* Rapid development of backend panels, order/billing dashboards, and internal tools
* Seamless data fetching and action triggering across any database or service
* Intuitive prompt-based interface for streamlined app development

Dropbase customers are companies in support and operations-intensive industries such as financial services, telecom, logistics, and retail that want to:
* Dramatically reduce software development costs
* Enhance operational efficiency
* Accelerate the creation of tools to empower business teams ",United States of America,"['Developer Tools', 'SaaS', 'B2B', 'AI']",Inactive
13227,W20,Welcome lets you create virtual events that feel like an Apple Keynote.,United States of America,['SaaS'],Inactive
13164,W20,"Edlyft, backed by Kleiner Perkins, Kapor Capital, and YC, builds software that blue-chip enterprises like Google and Dropbox use to train college computer science students on essential skills required for the workforce, so they can be productive day one.

It takes new grad engineers 6-12 months to ramp up and add value to their company. Instead of relying on experienced engineers and wasting salary costs, Tinder and LinkedIn use Edlyft to train college CS students before they’re hired on skills to succeed in their role. 

Co-founders, Erika and Arnelle, are CS grads from Yale and Stanford, who have been featured by Forbes, TechCrunch and Business Insider for Edlyft. They're former engineers at Facebook and Google, and an ex-LinkedIn product manager and Bain consultant. ",United States of America,"['Education', 'B2B', 'Enterprise']",Inactive
13096,W20,A developer-focused message builder and API that makes it easy to send emails and texts from your app using one simple implementation. We’re doing for mailer libraries what Prisma does for ORMs. ,United States of America,"['Developer Tools', 'SaaS', 'B2B', 'Messaging', 'Analytics']",Inactive
12726,W20,"We are creating an aggregated network of Ambulances, and ""MedCabs"", i.e. ridesharing cabs converted into Medical first responder network, to drastically reduce medical help arrival time in India and save 70,000+ lives daily.
",India,['Health Tech'],Inactive
13674,W20,"Carupi is the world's 1st lightly managed peer-to-peer digital marketplace (""C2C""), like Airbnb, for used cars, allowing individuals to safely and conveniently buy and sell cars from home with the push of a button. Differently from pure marketplaces such as craigslist, we take care of every transaction end-to-end (as 'concierges'), from taking car photos at the user's place to advertising his car, managing offers, taking his car (fully insured) to buyers for free at-home test drives, handling paperwork and payment. And differently from dealers or dealer-like companies, we don't use any physical infrastructure or need to buy cars for inventory.",Brazil,"['Auto Commerce', 'Marketplace']",Inactive
13536,W20,"A holistic solution to best activate your company's talent. Deliver top-notch Candidate Experiences, run People Ops best practices from top companies, and nurture the growth of your team's culture. Syncro integrates with your HRIS, ATS, communication stack, and more.",United States of America,"['Workflow Automation', 'Recruiting']",Inactive
13526,W20,"LabGrid makes browser-first tools for biotech. We enable high-throughput science by tracking workflows and data records in-browser, helping teams work faster and more collaboratively.",United States of America,"['Health Tech', 'Biotech']",Inactive
13496,W20,,Brazil,"['Fintech', 'Subscriptions']",Inactive
13486,W20,"Valienta helps Dropshippers in Colombia (and Latinamerica, eventually) to run the business, reduce costs and increase sales.

Through Valienta, our users have access to a marketplace of 160+ suppliers and thousands of products, to the possibility of shipping the orders to most of the country, and to multiple payment methods. 

In addition to that, our users are able to create their own e-commerce site for free, increase their advertising budget with our credit line, and improve their knowledge on sales and digital marketing with our educational content. 

We are working to democratize e-commerce by giving any person access to the capabilities that only established companies enjoy. We are working to become The Dropshipping Operating System. ",Colombia,"['Fintech', 'Logistics', 'Sales', 'E-commerce', 'Retail']",Inactive
13480,W20,"Orchata is an app where you can get groceries & daily essentials delivered in 20 min in Latin America. All the way from fresh fruits, meat, alcohol, pharmacy, groceries, snacks and top e-commerce brands with no substitutes and at supermarket prices.

We launched the service in Mexico and grew it from $0 to $6.3M in revenue and +30k customers. 

LATAM grocery is a huge US$ 451B market that is moving online fast. Orchata goes further with all-in-one software for darkstores around the city. We are following the Billion USD playbook that Gopuff built in the US.
",Mexico,"['Grocery', 'Delivery']",Inactive
13473,W20,"We make living in city centers affordable in LATAM. We offer room and apartment leases paired with seamless services (cleaning, maintenance, laundry, dry cleaning) to make our tenant's lives less hectic. With a current MRR at $60k growing 20% weekly for last 3 months with margins tracking 40%. Team is from MIT with background in real estate looking to improve rental experience for tenants and owners with technology. ",Mexico,"['Real Estate', 'Latin America']",Inactive
13406,W20,,India,"['Marketplace', 'SaaS', 'B2B']",Inactive
13405,W20,"At Zumo Labs, we generate synthetic training data for computer vision models.

Computer vision is the essential technology that powers the products of the future: autonomous vehicles, smart retail, robotics, smart fitness, security and vision-based analytics. These algorithms require huge amounts of training data. This data is currently collected and labeled manually; a slow, imprecise, expensive process that is rife with bias and privacy issues. 

Zumo Labs solves all of these problems (and more!) by creating feature rich synthetic training data in the cloud: cheaper, faster to generate and iterate on, covers all the edge cases, and has no bias or privacy issues. 
",United States of America,"['Artificial Intelligence', 'Machine Learning', 'Data Engineering']",Inactive
13362,W20,"Thunderpod is a no-code platform that helps workplaces and communities engage their members by providing them with an Engagement Management System (EMS).

What SurveyMonkey is for surveys, Thunderpod is for engagement.",India,"['SaaS', 'Community']",Inactive
13349,W20,AI Platform that powers the brands & retailers of tomorrow. SprintAI helps the brands in better decision making & automating various processes in Inventory Management & Omnichannel Fulfilment.,India,"['Machine Learning', 'SaaS', 'Retail Tech']",Inactive
13337,W20,"goDutch is a new-age fintech app that powers group payments for millennials. We’re on a mission to reimagine group payments and enable people to enjoy with their friends without any worry of awkward reminders, delayed payments, and multiple transactions.

We've first-hand seen that group payments are very tedious - one person first pays on behalf of the entire group, then calculates and makes a note of who owes whom how much, and then individually reminds each person to pay back. At goDutch, we are passionately working towards re-imagining this multi-step process that extends over numerous days and multiple apps. Our focus is on being design-led and driving cutting-edge fintech innovation.

goDutch is founded by IIT Bombay grads with a total work experience of 10+ years in fintech and we are backed by global VC investors including Y Combinator.",India,['Fintech'],Inactive
13323,W20,,United Kingdom,,Inactive
13310,W20,"Onetool provides businesses with their own app-store for business software. One login, one invoice, and centralized user management. Onetool offers everything from project management software and video conferencing to document signing.
",Germany,"['SaaS', 'B2B']",Inactive
13223,W20,"Multiverse is a web-based game creation system inspired by Dungeons & Dragons and Roblox with a marketplace for assets from A-list creators. We've already partnered with several prominent creators who have millions of followers and millions in revenue, and they're bringing their audiences to Multiverse. We charge 30-60% of those sales based on how much we help the creators make the content.

Check out our [gameplay trailer here](https://drive.google.com/file/d/1rPwwhw03HO7uda_YDXBfKfvCZ_fHV795/view?usp=sharing).

The best way to get Multiverse is to play it. If you're into games, creativity and representation, hit us up and we'll play with you. ",United States of America,['Gaming'],Inactive
13220,W20,,United States of America,"['Health Tech', 'Diagnostics']",Inactive
13214,W20,,United States of America,"['Developer Tools', 'Robotics', 'Manufacturing']",Inactive
13209,W20,,United States of America,"['Machine Learning', 'DevOps']",Inactive
13206,W20,"Global Belly is a platform that helps creators and content companies add shoppable products to their content and monetize their audience. We drive social commerce for partnering brands, by matching their products to relevant content. 
We take care of technology, analytics and operations so that content creators can easily 
 create and start selling unique physical and virtual offerings in a matter of minutes. Global Belly has launched 100+ influencers in the food space and shipped thousands of products nationwide. Global Belly's co-founders are Ankita Sharma and Madhuri Sharma (unrelated). Ankita has a Masters in Computer Science (Carnegie Mellon) and MBA (NYU Stern) and experience working at Apple and Bloomberg. Madhuri brings the culinary and content marketing skills to the team, with a B.S in Film & Television (Boston University), a Culinary Arts degree (Institute of Culinary Education) and experience at Grey Global Group and The Food Network.",United States of America,"['Marketplace', 'Consumer', 'Social', 'Food Tech', 'Creator Economy']",Inactive
13204,W20,"Duffl delivers snacks to college students in 10 minutes. We use data to wholesale high demand/high margin products and deliver them directly to our customers using electric scooters and a student-driven workforce. We've launched at: UCLA, USC, UCSB, UC Berkeley, UofA, ASU, TSU and UT Austin. Join us on a journey of empowering students to better serve each other! www.jobs.duffl.com
",United States of America,"['Grocery', 'Delivery']",Inactive
13200,W20,"Fitness professionals have large, loyal followings, but don’t have the tools to build scalable businesses. Blok makes it easy for fitness professionals to teach live classes, sell content, get paid for differentiated services, partner with brands, reward their community, and build a unique brand online.""Fitness entrepreneurs"" will continue to unbundle from brands and will be armed with Blok's digital tools to monetize their audiences directly.
",United States of America,"['Sports Tech', 'Fitness', 'Health & Wellness']",Inactive
13199,W20,,United States of America,['Sustainable Fashion'],Inactive
13195,W20,"Zaam is an end-to-end SaaS solution for business onboarding. It provides:
(i) smart data entry form with real time validation 
(ii) automated individual and business checks 
(iii) case management dashboard with customizable rules ",United States of America,"['Fintech', 'SaaS']",Inactive
13178,W20,We are building the first end-to-end digital viral design platform to protect the world against the coming threat of antimicrobial resistance.,United States of America,"['Biotech', 'Genomics', 'Therapeutics']",Inactive
13177,W20,,United States of America,"['Artificial Intelligence', 'Security']",Inactive
13171,W20,"The Mercer Club is e-commerce's first-ever men’s rental service offering luxury and streetwear fashions at affordable pricing— think of it as Rent the Runway for men. Founded on the principle that fashion should be affordable and accessible, The Mercer Club aims to deliver an assortment of clothing, shoes and accessories to fulfill all a man's wardrobe needs, helping them stay on trend while considering their budget. Customers can rent pieces from well-known streetwear brands such as Yeezy, Nike and Supreme or luxury designers such as Gucci, Margiela, Acne and Balenciaga for as little as $25 a day or a monthly subscription for $75 a month. With the subscription plan, renters get 2 items at a time and swap out each week for another set of 2 items. The process is seamless from beginning to end— after placing an order, items arrive in 2-3 days in a custom box with a prepaid return shipping label. Our specialized team takes care of any laundering on your behalf and minor wear and tear is covered by us.",United States of America,"['Marketplace', 'Smart Clothing', 'Sustainable Fashion']",Inactive
13166,W20,"Homestead enables homeowners to become their own real estate developer. We're empowering homeowners, allowing them to take advantage of California's new $6T regulatory opportunity: SB9. SB9 allows homeowners to split their lots in half, build a new unit, and sell it on the open market. Use our website to see if a property qualifies for our services.",United States of America,"['FinOps', 'Marketplace', 'Proptech']",Inactive
13161,W20,,United States of America,"['Machine Learning', 'SaaS', 'B2B', 'Productivity', 'AI']",Inactive
13158,W20,"Protobase is a 10x, next-generation spreadsheet. It lets you use things like sheets, grids, and
formulas, with better structures like tables, queries, filters, search, sorting, and more.",United States of America,['Productivity'],Inactive
13148,W20,,United States of America,"['SaaS', 'B2B']",Inactive
13140,W20,"Exosonic is an early-stage aerospace start-up based in Los Angeles, CA developing supersonic adversary air UAVs to support the adversary air training mission for both commercial and government customers. The goal is to mature these supersonic UAVs to become loyal wingmen (or collaborative combat aircraft) and eventually develop quiet supersonic airliners from the lessons learned and profits generated by the supersonic UAV product line. Founded in 2019, Exosonic has raised $4.5M+ in private capital and $2M+ in AFWERX funding. The team has 15 FTEs and is developing a subscale flight test vehicle to demonstrate autonomy and potentially crewed-uncrewed teaming with a first flight timeframe of Q2 2023. ",United States of America,"['Drones', 'Unmanned Vehicle', 'Aerospace']",Inactive
13117,W20,"Jamiphy is the destination for live music. All you have to do is watch, engage with what you like, skip what you don't, and you'll find an endless stream of live music that feels personalized just for you.

We make it easy for you to discover and create your own live music videos by providing easy-to-use tools to view and capture your greatest musical moments. Take your videos to the next level with Jamiphy!",United States of America,"['Video', 'Social', 'Music']",Inactive
13114,W20,"Ardis AI extracts information from your unstructured text data and automatically generates a knowledge graph that can be browsed and queried, by web app or by API. Users can ask complex questions about the content of your text data, and Ardis responds with the answers and the evidence -- even when the information needed to answer the questions comes from multiple documents. Ardis also provides summary views of the topics discussed in your data. 

Coming soon: an Ardis plug-in for Elasticsearch, and support for natural languages questions.",United States of America,"['Artificial Intelligence', 'Hard Tech']",Inactive
13113,W20,"Glisten AI automatically categorizes and tags product data. With Glisten AI, e-commerce retailers and marketplaces can taxonomize millions of products with ease to enable better search, filtering, recommendations, and analytics. ",United States of America,"['Artificial Intelligence', 'E-commerce']",Inactive
13112,W20,Orbiter’s ML models monitor business metrics automatically and send alerts when those metrics experience abnormal drops or spikes. Any company can onboard in less than five minutes with just their database credentials - no engineering required. ,United States of America,"['Machine Learning', 'SaaS', 'B2B']",Inactive
13111,W20,"Pantheon is an online competitive community of the brightest students in the world. High school and middle school students match with each other based on skill level and compete head-to-head in real-time to see who can answer questions fastest, much like offline competitions such as Science Bowl.",United States of America,"['Education', 'Gaming', 'Social']",Inactive
13107,W20,"We help our customers build sales documents that are personalized, actionable, and beautiful. Our platform is self-serve friendly and replaces outdated email attachments. ",United States of America,"['SaaS', 'B2B', 'Sales Enablement']",Inactive
13106,W20,,,"['Payments', 'API']",Inactive
13103,W20,Paneau puts tablets inside Uber/Lyfts for businesses to advertise directly to the riders. Riders can interact and do anything from make purchases to re-route the car.,United States of America,"['Transportation', 'Advertising']",Inactive
13087,W20,"In a fleet-centric world where everything is delivered to your doorstep, cost-per-mile and uptime are all that matter. Vehicles will be driving more miles and the decreased complexity of electric motors will fundamentally change the automotive service industry. ROBOTIRE will bring manufacturing-level automation to vehicle servicing. 

Tires are the perfect vertical to tackle first because they are future-proof (tires are going nowhere) and scale from luxury personal automobiles to freight-centric big-rigs. The current tire changing industry is entrenched with an aging workforce but maintains strong margins. We will build and deploy a robotic tire changing container that can change tires in 10 minutes. 

Our fully-integrated ROBOTIRE containers can be placed inside existing shops, Walmart parking lots or in the middle of a fleet service area hundreds of miles away from a major city. In the medium term, we will expand to brakes, oil, batteries, etc. becoming an uptime assembly line that keeps fleets on the road 24/7 at a fraction of the maintenance cost per mile we see today. In a fleet-centric world, cost-per-mile and uptime are all that matter. ROBOTIRE tackles both.
",United States of America,"['Hardware', 'Robotics', 'Automation']",Inactive
13086,W20,,United States of America,['Fertility Tech'],Inactive
13076,W20,,,,Inactive
13073,W20,,United States of America,,Inactive
13061,W20,,United States of America,['Ghost Kitchens'],Inactive
13053,W20,"Prevent Kubernetes misconfigurations from reaching production with Datree’s automated policy checks for your pipeline. 

The open-source CLI tool empowers engineers to write more stable and secure configurations, and further supports them in their roles so they can actually sleep at night. 

By revealing misconfigurations in seconds and combating the issues in early stages of the pipeline, your organization can enforce its standards and secure its infrastructure from development to production. ",Israel,"['Developer Tools', 'B2B']",Inactive
22323,S20,"CapWay is a financial technology company that creates financial access and opportunity for all via our ecosystem, including digital banking tools, savings tools, financial content, and inclusion consumer fintech products. 

The company fills financial gaps and provides solutions for the growing cashless economy and those who are looking to move away from the traditional financial system, including those who have been misunderstood, overlooked, and underserved.

CapWay has a B2C and B2B2C customer acquisition strategy. 

",United States of America,"['Fintech', 'SaaS', 'Consumer', 'Enterprise', 'Neobank']",Inactive
22307,S20,,United States of America,"['Housing', 'Proptech']",Inactive
22301,S20,"Quell is an immersive fitness game where players get fit fighting their way through a fantasy world. Our low-cost wearable uses smart resistance bands to guide you through an exciting, effective combat workout at home. We’re Peloton meets gaming at 1/10th of the price
",United Kingdom,"['Hardware', 'Machine Learning', 'Sports Tech', 'Fitness', 'Gaming']",Inactive
22246,S20,,Pakistan,"['Ghost Kitchens', 'Marketplace', 'Delivery']",Inactive
22151,S20,"AI.Fashion is the AI creative suite for the fashion industry - modernizing the traditional design and go to market fashion processes with our advanced AI platform and design tools.

On the design side - our platform allows brands to create physically accurate digital versions of their unreleased clothing line before even beginning their productions processes, dramatically helping to reduce waste. 

And on the marketing side - we enable them to create photorealistic imagery of the clothing on a multitude of sizes, which creates a better experience for their customers because they have way more information about how the clothing will actually fit before they purchase.",United States of America,"['Artificial Intelligence', 'Generative AI', 'Design', 'Fashion']",Inactive
22007,S20,"At the crossroads of online gaming and video chatting, jam.gg is a web platform to play awesome multiplayer games with your friends. Jam.gg focuses on hyper accessibility with a patented technology cutting the internet bandwidth requirement by 15 on average. Jam.gg features top retro, pc indie and board games.",United States of America,"['Cloud Gaming', 'Gaming', 'Social']",Inactive
21993,S20,"Hyper is an early stage startup with a mission to build the largest avatar platform in the world. We're starting by targeting consumer use-cases, and our first one is VTubing: an emerging type of content where creators use computer-vision and motion capture to pilot 3D avatars as content creation tools.

Avatar content (also known as VTubing) has broken into the multi-billion-view-per-month category on places like Twitch and YouTube. This has given a new group of people the power to tell stories and present themselves on their own terms online while also protecting their IRL identities.  Our goal is to build the largest platform tools for this new movement. We're now  the #1 US VTubing app on iOS. 

We also recently announced our seed funding: we're backed by Amazon, Two Sigma Ventures, MakersFund, YCombinator, and other great investors.

App Store: https://hyper.online/download
TechCrunch: https://techcrunch.com/2023/06/12/hyper-raises-3-6m-from-amazon-and-more-for-its-iphone-based-vtuber-friendly-avatar-platform/",United States of America,"['Artificial Intelligence', 'Augmented Reality', 'Entertainment', 'Social', 'Metaverse']",Inactive
21985,S20,"SaaS data platform for observing, repairing and replaying data in streaming systems.",United States of America,"['Developer Tools', 'Data Engineering', 'DevOps']",Inactive
21956,S20,"we’re the largest place where you give your idea a shot.

and, we mean any idea — a hip-hop album, short film, a novel, some indie software, a youtube channel — whatever.

no idea is too big or too small.

it all starts with nights & weekends.

it's six-weeks where you can start any idea from zero on your nights and weekends, and by the end you'll have your first fans, revenue, downloads, whatever.

in 2023:

- 12M+ ppl saw our content across Instagram and Twitter.
- more than 30,000 people joined nights & weekends to work on their own ideas.
- 1,000 people flew to meet us and others like them for 3-days.

and, we had 1,000 people come out to one of our physical, 3-day events.

to get a sense of what this all looks like in practice, see our video for season four [here](https://twitter.com/FarzaTV/status/1719091708775059754).

we even built a [physical campus](https://twitter.com/FarzaTV/status/1678561092308705281) for people who want to go full-time on their idea and need place to figure it out -- again, we don't care how big or small the idea is.

overall, it's been a journey.

so, now what?

in 2023, we built up massive distribution. it was all about creating really high-quality content + experiences. but, it was all very one-off.

in 2024, we're fully focused on taking all our learnings and building a world class product. a product that can help millions pursue their passions and build their ideas.

and, we're looking for talented engineers and designers to help us figure it out. ",United States of America,['Education'],Inactive
21896,S20,"Today the building design process is cumbersome and expensive. Architects submit their design to structural engineers for validation. Engineers need to design all structural elements such as walls, columns, and beams to ensure the structure will not collapse and complies with regulations.  The structural engineer needs four to six weeks to generate the initial solution. The engineer will submit his proposal to the architect and then engage in an extensive back and forth discussion until they agree on a satisfying solution. TANGObuilder generates the building structural design in real-time, cutting six weeks of the overall process, and reducing material usage by 30%.",United States of America,"['SaaS', 'Construction', 'Housing']",Inactive
21848,S20,"Duckly enables teams to talk and collaborate in real-time.

Teams can use a simple URL that is easy to join and remember. You can share a website and allow your colleagues to click, type, and browse with you. You can share your code directly from your IDE or even share a terminal session that your team can interact with. All with high-quality audio and video chat.

We are building tools for real-time remote collaboration that makes it easy for teams to work as if they were side by side and share what they know.",United States of America,"['Developer Tools', 'B2B', 'Team Collaboration']",Inactive
21814,S20,"Queue is an all-in-one platform for agencies and productized services to launch and grow their business. We integrate with your website so your clients can purchase your services, access their client portal, submit tasks, review work, and everything else in between. ",United States of America,"['SaaS', 'B2B']",Inactive
13089,S20,,United States of America,,Inactive
22268,S20,"Through a series of simple questions, Parade’s machine learning-based software helps startup founders articulate the vision for their company, translate it into a design aesthetic, and launch it online in under 10 minutes. Parade makes it easy to create a website, marketing emails, social media posts, and more, all without a graphic designer.",United States of America,"['SaaS', 'B2B', 'Design Tools']",Inactive
22256,S20,,United States of America,"['Crypto / Web3', 'Gaming', 'Social']",Inactive
22251,S20,"Nextstore has been built over e-merchants desire for greater performance, suited analytics, and sleek UX. With an opinionated approach and a low-code environment, Nextstore offers the first mobile-native website builder.

Our vision is to enable merchants to build outstanding online Experience with the control they need to be successful",France,"['B2B', 'E-commerce']",Inactive
22249,S20,"Artifact makes it easy to record stories with the most important people in your life. We set them up with a professional interviewer through our marketplace and we make it easy, from scheduling interviews to delivering a polished edit that wouldn’t sound out of place on NPR. We then host their stories in shareable, interactive listening experiences. ",United States of America,"['Marketplace', 'Podcasts']",Inactive
22205,S20,"Our team of farmers and chefs curate boxes of the finest quality local food for our customers each week. From seasonal produce, to humanely-handled pasture-raised meat, to organic eggs and dairy, there's something for every family. We deliver right to your door, as often as you want. Whether your family needs a delivery once a week or once a month, we're committed to helping you shop local. Delivery includes recipe suggestions, cooking videos, and more from our team of chefs. Whether you're looking for advice on how to roast a whole chicken or what that new-to-you vegetable is, we're here for you every step of the way.",United States of America,"['E-Commerce', 'Supply Chain', 'Agriculture']",Inactive
22195,S20,"Lume is a new kind of banking experience built just for nurses. As the one-stop shop for all your financial needs, we make wealth building easy by helping you make the most of your hard-earned money. Learn more about our full suite of benefits at uselume.com.",United States of America,"['Fintech', 'Healthcare']",Inactive
22106,S20,"Letter is a beautifully designed banking and financial platform made exclusively for high net-worth individuals. We make it easy to give customized debit cards to family members and staff, automatically donate to charity, and get access to exclusive investment and lending opportunities through our marketplace.",United States of America,['Fintech'],Inactive
22052,S20,Find the most profitable sites to build EV charging station,France,"['Energy Storage', 'Electric Vehicles']",Inactive
22049,S20,"The first ever ""Student Relationship Manager"" for online schools to bridge the gap between educators and students. Track attendance on Zoom, send reminders, and more. ",United States of America,"['Education', 'SaaS', 'eLearning']",Inactive
22033,S20,"We all know the attention economy is damaging our ability to focus. Memo is for people that are mad as hell about their time being sold to the highest bidder.

Forget laborious old email and hyperactive Slack.  We built Memo as the feel-good alternative that will make you love communication again and get back time for what matters to you.

Memo's features make every message high value so you can communicate more effectively.",United Kingdom,['SaaS'],Inactive
22032,S20,"We help businesses cut operational costs, while still exceeding customer expectations.
Most businesses are consistently under- or over-staffed, which either damages customer experience or leaves money on the table (by unnecessarily increasing staffing costs). Granular, high-accuracy demand forecasting solves this issue by allowing businesses to align resources to exactly meet demand. 
Our demand forecasting as a service, brings simplicity & precision to this often complex and error-prone process, and quickly provides business users the right answers to run their operations. ",United States of America,"['Machine Learning', 'SaaS', 'B2B']",Inactive
21999,S20,In Stock makes it easy to shop from local stores and get it delivered that day.  ,United States of America,['E-commerce'],Inactive
21984,S20,"Oico is the best way for large contractors in Brazil to buy construction material. We replace the time-consuming work of managing orders, deliveries and payments across dozens of suppliers, with a one-stop solution.",Brazil,"['Marketplace', 'Construction', 'B2B']",Inactive
21899,S20,Our platform connects expert producers with guests to record marketing videos remotely from anywhere - videos are produced 4x faster and at 10x lower cost.,United States of America,"['Video', 'Marketing']",Inactive
21895,S20,,United States of America,"['Education', 'Marketplace']",Inactive
21858,S20,Monosi is an extensible data observability platform that ensures teams achieve data reliability.,United States of America,"['Developer Tools', 'B2B', 'Open Source', 'Data Engineering']",Inactive
21855,S20,"Atomized helps developers launch applications in the cloud faster by deploying and managing the necessary infrastructure for you. Simply connect up your Github repo and your AWS account, and we'll handle the rest!

The best part is that all the infrastructure runs in your AWS account, and you have full ownership and visibility into it. No more black boxes that you can't troubleshoot and manage.

We want to empower engineers to build, deploy, secure, and monitor infrastructure faster than ever. Our long-term vision is to be the go-to platform to get started and to be able to manage all things cloud - no matter which cloud provider you choose.",United States of America,"['Developer Tools', 'B2B', 'DevOps']",Inactive
21815,S20,"Jeevam Health (YC S20) is a healthcare app for holistic thyroid treatment.. Even after taking medication, 60% of women are having unresolved symptoms like fatigue, weight issues, and pregnancy challenges. 
Jeevam software assists doctors to diagnose the root cause of dysfunctions & recommend treatment protocol. The treatment revolves around nutrition, supplements, lifestyle changes, and medicine. ",India,"['Consumer Health Services', 'Telehealth', 'Digital Health', 'Healthcare']",Inactive
21813,S20,"Nototo is a workspace that allows you to organize ALL of your information, on ONE map.",Canada,['Productivity'],Inactive
21810,S20,"WebRTC is the reason we’ve stayed connected and productive during the COVID era, powering most of the browser-based video communications platforms you use every day (Google Meet, Facebook Messenger, etc.). But when a call gets dropped or the audio cuts out, it’s hard for the video developers to understand why it happened. This is a major problem for new players in the video chat industry that lose customers because of call quality issues; customers should be able to use video platforms with the features they want without having to sacrifice call quality.",United States of America,"['SaaS', 'Analytics']",Inactive
21805,S20,"Bento empowers b2b SaaS companies to give customers great in-product onboarding, 10x faster than building it in house. From set-up, to trying out a new workflow, Bento's onboarding guides give users a home base to track progress, pull in a co-worker to help (looking at you, IT), and go back to the steps they've done before.",United States of America,"['SaaS', 'B2B']",Inactive
21802,S20,Video chat today is built for meetings but you wouldn't have your birthday party around a conference table. Rume re-creates the social dynamic of an in person event where you are easily able to have smaller conversations and fluidly move between groups when you see someone you know. ,United States of America,"['Consumer', 'Video', 'Social']",Inactive
21733,S20,,United States of America,"['Developer Tools', 'SaaS', 'B2B']",Inactive
13732,S20,"Reploy makes it dead simple to generate full-stack staging environments or “previews” of web apps on every pull request. This helps teams move faster by sharing changes instantly, with everyone!",United States of America,"['Developer Tools', 'DevOps']",Inactive
13435,S20,,United States of America,"['Artificial Intelligence', 'Fitness']",Inactive
13306,S20,"Trident Bioscience builds tools to expedite the discovery and optimization of useful proteins. Our technology first applies predictive models of protein structure and function to generate sets of potentially active protein sequences. We then apply our state-of-the-art sequence optimization algorithm to design gene libraries capable of testing these candidates extremely quickly and affordably. By combining these technologies, we're closing the design-build-test loop of protein optimization and cutting the total cycle time to help bring synthetic proteins to market faster than ever before.",United States of America,"['Hard Tech', 'Machine Learning']",Inactive
13173,S20,,United States of America,"['Delivery', 'Food & Beverage']",Inactive
13159,S20,"There are millions of open-source packages out there, and developers often spend hours researching and evaluating competing packages to find the right one.
Openbase is the first platform to offer user reviews for packages, powerful insights and categorization for open-source packages - so developers can choose the right package every time.",United States of America,"['Developer Tools', 'DevSecOps', 'Open Source']",Inactive
23202,W21,"Moxion Power manufactures mobile energy storage products and technologies, which enable last-mile electrification in industries such as construction, transportation, events and entertainment, film production and telecommunications. ",United States of America,"['Energy Storage', 'Climate', 'Energy', 'Renewable Energy', 'Electric Vehicles']",Inactive
23630,W21,"Alltruists is a subscription for at-home, kid-friendly volunteer & giving projects for families - delivered every other month.

We give kids (and grown-ups!) a way to give back anytime, anywhere. Each box is themed around one big issue in the world - from homelessness to clean water to hunger to climate action and more - and guides kids to engage with that issue in positive, meaningful ways.

In each box:

A proprietary mini-book to help kids learn about the issue at hand
1-2 empathy-building activities to help kids connect with others' experiences
1-2 unique volunteer projects designed with incredible nonprofit partners
Online giving experience where kids direct a $5 donation (included in the box) to one of three nonprofit partner projects
(There are also a few surprises in each box, little things kids can keep as reminders or touchstones so they can easily reflect on the lessons learned.)",United States of America,"['Subscriptions', 'Kids']",Inactive
23518,W21,"We help run engaging online conferences. Unlike Hopin or Zoom, we are super focused on connecting conference attendees with each other. Most attendees don’t actually go to watch the talks, they go for the networking. With us they can self-organize, meet and stay in touch. Usually it's incredibly hard for the organizer to build conferences which lead to key business opportunities for the attendees. We have good networking built-in.",Germany,"['SaaS', 'B2B', 'Social']",Inactive
23515,W21,,Philippines,"['Education', 'eLearning', 'Recruiting']",Inactive
23445,W21,"Blink provides same-day delivery to e-commerce companies, helping them acquiring and retaining more customers thanks to a great delivery experience. Merchants sell on their website and Blink picks-up orders directly from physical stores or from dark stores (small urban warehouses) deployed in cities. Crowdsourced riders and transportation companies complete the delivery following routes optimized in teal time. Consumers can track and personalize their delivery.",Italy,"['E-Commerce', 'Logistics']",Inactive
23434,W21,Broad is building global financial products that enable life without borders.,United Kingdom,['Fintech'],Inactive
23303,W21,"Dataherald enables you to embed Natural Language to SQL (“NL-to-SQL” or ""Text-to-SQL"") into your product. The NL-to-SQL API, built with an LLM, allows your users to conduct no-code data analytics, pull reports, get answers to data questions, and conduct complex data queries using just natural language.",United States of America,"['AI-Enhanced Learning', 'Artificial Intelligence', 'SaaS', 'B2B']",Inactive
23242,W21,"HomeBreeze offers the fastest and easiest way to make energy-efficient home upgrades, through our propriety scoping process and exceptional service.",United States of America,['Marketplace'],Inactive
23085,W21,"We’re currently working on:
* Frameboard.com — Visual curation for web3
* Launchcaster.xyz — Product Hunt for web3

We previously built:
* Launcher.xyz — Smart contract-based mini-apps
* Maindrop.xyz — Venmo for NFTs
* Sweethheartz.xyz — The first Valentine’s Day NFT",United States of America,"['Crypto / Web3', 'Consumer']",Inactive
23050,W21,"Milk Video is a video marketing platform that simplifies short-form video creation for marketers. 

Anyone can collect, clip, and ship video content such as customer testimonials, employee testimonials, and thought pieces in minutes.",United States of America,"['Machine Learning', 'Design Tools', 'Video']",Inactive
23041,W21,"For Business Operators: Connect & automate processes on top of any data, crazy fast.

For Engineering Teams: Connect any data, across any stack, in any format, crazy fast.",United States of America,"['B2B', 'Workflow Automation', 'Data Engineering', 'AI Assistant']",Inactive
22975,W21,"Noble helps companies quickly assess the creditworthiness of their customers and monitor it over time. We do this by providing the modular components needed to quickly build a complete credit-underwriting infrastructure.
",Israel,"['Fintech', 'SaaS']",Inactive
22784,W21,"Leverage partnerships with other SaaS companies, through Huddlefire, to accelerate your customer acquisition.",United States of America,['SaaS'],Inactive
22780,W21,Noya is radically reducing the upfront capital costs and installation time required to perform direct air capture. We're doing this by retrofitting existing pieces of industrial equipment like cooling towers and turning them into CO2 capture machines. ,United States of America,"['Carbon Capture and Removal', 'Climate']",Inactive
22711,W21,"We build software to allow anyone, anywhere to create in 3D together. We believe that collaborating in 3D should feel magical and we're working to make it happen.",Remote,"['SaaS', 'Productivity', 'Collaboration', 'Design Tools']",Inactive
22705,W21,"We, at JoinSub, are empowering the Indian small and medium retailers to drive repeat purchases & maximize their revenue by building a subscription-based model. 

India has over 14 million retail outlets, and we are poised to revolutionize the Retail Sector and enhance the buying experience both for retailers and consumers. We are dedicated to co-creating a community of futuristic retailers who are ready to embrace tech for growth.

Our Subscription Programs work wonderfully for everyone who is looking to drive repurchases, right from those in the F&B industry, to Salons, Nail Salons, Spas, Gyms, Yoga & Dance Studios, Coffee Shops, Bakeries, Dry Cleaners, Florists, etc. We can help you delight your consumers and accelerate your business, the JoinSub Way!",India,"['Fintech', 'B2B', 'Subscriptions']",Inactive
22704,W21,"Triplit is complete full-stack solution to data persistence, state management, and realtime synchronization for web applications that want to go fast",Remote,"['Developer Tools', 'SaaS', 'Web Development', 'Cloud Computing', 'Databases']",Inactive
22701,W21,"Live on iOS, Android and our web app (queenly.com). 

Queenly is the leading online marketplace for the formalwear industry. We are a Y Combinator company and backed by some of the top VC's in Silicon Valley such as Andreessen Horowitz (a16z), NextView Ventures, The House Fund, and more. The Queenly cofounders were also recently featured on the Forbes 30 Under 30: Art and Style cover for 2022. 

At Queenly, our mission is simple: make every woman look and feel like a queen. We strive to empower women and to feel confidently beautiful in their own skin by providing cutting-edge technology, seamless logistics, white-glove customer service and unique expertise within the industry.",United States of America,"['Marketplace', 'Sustainable Fashion', 'E-commerce']",Inactive
22672,W21,,India,"['SaaS', 'Community', 'Gaming', 'Chat', 'Live']",Inactive
22661,W21,"Quadrant Eye is on a mission to improve eyecare access and fight preventable blindness. We're building the next generation eye exam... inside the average American home. 

Our team wants to enable patients' best and most visually rich lives. To this end, we're looking for curious and nimble minds to help us develop the world's first fully online eye exam and ultimately deliver high-quality eyecare at scale.

Some QE highlights:

🐝 We're a team of surgeons, scientists, venture partners, and hackers who mean business.
💸 Our backers include Y Combinator, Khosla Ventures, and the creator of Google Image Search.
🍥 We're a mission-driven company tackling an eye health market worth $USD137B.
🌟 Our core focus is currently the development of patentable deep tech, and our overall vision is to change eyecare for good. 
",United States of America,"['Artificial Intelligence', 'Deep Learning', 'Digital Health', 'Telemedicine']",Inactive
22470,W21,"Degrees of Freedom offers a high-quality, low-cost degree, by blending virtual and traditional college models. Our students learn on-campus, and online on-line, and in-VR from diverse Ivy League professors and master teachers-- all at the cost of the Pell Grant
",United States of America,"['Education', 'Virtual Reality', 'Nonprofit']",Inactive
22883,W21,"We help our users align their money with their values by giving actionable environmental, social and governance data about the companies that they shop at. And we keep it fun with perks and rewards. ",United States of America,['Fintech'],Inactive
23462,W21,"Boitas.com is a B2B Food Service platform that makes easy for restaurants, hotels and cafeterias to order the supplies they need all in one place using their mobile phones or computers. ",Mexico,['Marketplace'],Inactive
23461,W21,"We sell DIY home renovations in a box.

We format our architect-designed templates to a customer's space. We then buy all the materials needed on their behalf, and ship it to their door for them to build.

The experience is accompanied by an app that guides from start-to-completion of the project.",United States of America,"['Consumer', 'Construction']",Inactive
23437,W21,"At Mezli, we're building ""auto-kitchens"", fully autonomous shipping-container restaurants that serve great, affordable meals for takeout and delivery.

While at Stanford, the three of us got fed up with having to either cook every day or spend $10 or more for healthy options like Chipotle, Sweetgreen, etc. So, we decided to democratize access to healthy, convenient food by building Mezli.",United States of America,"['Food Service Robots & Machines', 'Ghost Kitchens', 'Robotics']",Inactive
23435,W21,"Cheqout is a mobile POS for brick & mortar businesses that allows waiters and retail workers to take or accept orders & payments. You can think of it as a hybrid of the Apple Store and WeChat Pay, with both staff and customers using their own devices to facilitate the transaction through QR codes.",United States of America,['Payments'],Inactive
23400,W21,"Dressd is AirBnb for clothes; a P2P clothing rental marketplace. Unlike Rent the Runway, we don’t handle any inventory or deal with cleaning the items. Our initial target market is sorority girls who can have up to 3-4 events per week that they need a new outfit/dress for. One of our core theses is that this idea couldn’t have existed at scale until now because resale apps like Depop & Poshmark paved the way for a P2P model to work after familiarizing users with the process of taking pictures of items, shipping, etc. 

Advantages to our P2P model

- Entrepreneur-led
    - Similar to Depop, most of our growth will be spearheaded by a group of “top renters”
- More variety in inventory
    - Existing rental companies like Rent the Runway own all the inventory so they're limited to the brands they buy/partner with. Since we're P2P, our users can rent any item or brand that's in someone else's closet
- Better margins
    - we don’t touch any inventory or deal with the cleaning of any items
    - Unlike Rent the Runway, we don’t handle any inventory or the cleaning of items. This means people renting out their clothing on Dressd are responsible for shipping things out & returning them in good condition

Here are some of our links!

[dressd website](https://dressd.com/stylist-waitlist)

[dressd instagram](https://www.instagram.com/shop.dressd/)

[dressd tiktok](https://vm.tiktok.com/TTPdMPYFRY/)

read about dressd in Yahoo! Finance: [https://www.yahoo.com/now/dressd-app-someplace-2-133700219.html](https://www.yahoo.com/now/dressd-app-someplace-2-133700219.html)",United States of America,"['Marketplace', 'Consumer', 'E-commerce']",Inactive
23305,W21,"Add leaderboards, clans, and more to any mobile game in minutes.",United States of America,"['Developer Tools', 'Gaming']",Inactive
23304,W21,"Moonshot Brands is building the world’s largest - next-generation CPG (Consumer Product Goods) e-commerce company. We look for profitable e-commerce companies on Amazon or selling DTC on Shopify, purchase them from the founders giving them liquidity for their biggest asset, then turbocharge the growth with our proprietary data-driven technology platform and team. We scale e-commerce brands globally.",United States of America,['E-commerce'],Inactive
23278,W21,"Prendea offers live afterschool classes to Spanish-speaking kids ages 4 to 15.  For a fixed monthly price, kids can choose as many classes as they like from our large selection that ranges from TikTok choreography to astronomy.",Peru,"['Education', 'eLearning', 'Subscriptions']",Inactive
23276,W21,"Codeball finds bugs in your Pull Requests, lets you ship faster and with higher confidence. The Codeball AI is trained on millions of code contributions to recognise risky code changes.",Sweden,"['Artificial Intelligence', 'Developer Tools', 'SaaS']",Inactive
23264,W21,"Making Blueprint Protocol-inspired meals for longevity and performance. Organic, local, gluten-free, and seed oil free.",United States of America,"['Anti-Aging', 'Fitness', 'Food', 'Health & Wellness', 'Food & Beverage']",Inactive
23189,W21,Fable is a command center for product teams - we're building for PMs what Figma has done for designers and Linear for engineers. Product teams are acting on stale information. Fable is the place that keeps everything - from specs to decisions - fresh.,United States of America,"['SaaS', 'Productivity', 'Enterprise Software']",Inactive
23185,W21,,United States of America,"['Fintech', 'Gaming']",Inactive
23096,W21,"A modern calendar that helps people prioritize their work by goal setting, time blocking, and reducing fragmentation created by randomly placed meetings and distracting Slack messages.

Aerotime helps you create key goals for the week, helps break it down into tasks and meetings, and streamlines the calendar to support and align your team. This leads to people being effective and not busy.",United States of America,"['SaaS', 'Productivity']",Inactive
23084,W21,"Taste is an online marketplace where you can order ready-to-eat dinners from great restaurants, shipped nationwide. The next time you want to have a nice dinner at home, instead of cooking for hours or getting low quality take out, you can order a nice multi-course dinner from Taste to enjoy with friends or loved ones.
",United States of America,"['Ghost Kitchens', 'Marketplace', 'Delivery']",Inactive
23065,W21,"Finantier is Plaid for Southeast Asia, providing the infrastructure and data products required by businesses to build the next generation of financial services.",Singapore,"['Fintech', 'SaaS', 'B2B']",Inactive
23000,W21,Our mission is to enable FANG-like observability for every organization in the world. We're starting with an optimization engine to reduce datadog costs by an order of magnitude without manual effort from developers.,United States of America,"['Artificial Intelligence', 'Infrastructure', 'Operations']",Inactive
22948,W21,Marketplace for US companies to source products from LatAm manufacturers,Mexico,"['Marketplace', 'B2B']",Inactive
22944,W21,"Invoid currently processes more than 5 million KYC’s/ month and works with over 35 companies in India, including some of the leading banks, fintechs, investment platforms & shared economy companies. Using our solution, companies see onboarding speed increase by 5x and costs reduce by >80%.",India,"['Machine Learning', 'SaaS', 'B2B']",Inactive
22846,W21,,United States of America,"['Consumer', 'E-commerce']",Inactive
22783,W21,"YourQuote is a social writing app that helps regular people share their short-form creative writing. Much like how Instagram has turned each one of us into a photographer, YourQuote has turned 2.5 million people in India into amateur writers.",India,"['Subscriptions', 'Social Network']",Inactive
22775,W21,"Charge Running is a community for all runners. We host 20+ live virtual running classes and races per day, where runners join and run together from all over the world through a mobile app. Each class is hosted by a live, certified run coach, that tracks all participants' distances, paces, cadences, and interval summaries as they lead the runners via audio through effort-based run classes.

Each runner can chat with the coach and other participants of the run, as well as see in real-time the distance of every other runner, no matter where they run from. This creates an incredibly motivational experience. 

In addition to our daily lineup of classes, Charge hosts virtual races, partnering with race directors and charities to offer a virtual racing experience, with an in-person feel. ",United States of America,"['SaaS', 'Consumer Health Services', 'Subscriptions']",Inactive
22773,W21,"noHQ allows you to set up legal entities around the world, and compliantly hire and pay your international team.",United States of America,['Fintech'],Inactive
22755,W21,"Finary makes investing social by bringing together your portfolio and friends. Chat, hangout, and collaborate on investments.",United States of America,"['Fintech', 'Community']",Inactive
22718,W21,"4 Billion radiology scans are generated every year, but unfortunately, 1 in 5 reports are wrong and 35% of the studies are delayed. It can be primarily attributed to access and efficiency. BeWell is building the platform for access and efficiency",India,['SaaS'],Inactive
22712,W21,"We're building the trusted payments solution that enables small scale construction companies to grow. We help our customers grow by removing the cashflow strains of slow payments, mainly by:
- Increasing volume of jobs by offering standardized, low-cost initial deposit options for - customers,
- Improving productivity through consistent access to project-based working capital,
- Improving expense management by streamlining their subcontractor payout process, and
- Removing client collections risk from the construction company",United States of America,"['Fintech', 'Housing', 'Proptech']",Inactive
22710,W21,"CoVerified builds integrated software that uses COVID-19 test results, vaccine records and symptom data to verify real-time compliance and help organizations re-open safely.",United States of America,,Inactive
22709,W21,"A lending platform that enables truckers/trucking companies with no formal credit score to access loans from banks. Our platform creates a rich credit profile of a trucking company by pulling 200+ data points from varied sources via consent APIs and instantly offers loans from multiple banking partners in less than 60 seconds. The trucking company can also use the same product for order management, invoice generation, vendor payments, and collections.",India,"['Fintech', 'SaaS']",Inactive
22698,W21,,Remote,['Security'],Inactive
22696,W21,"Slashauth builds a developer platform for web3 enabled apps. Slashauth’s platform provides login functionality, role based access control, data storage, and more to any web3 enabled application.",United States of America,"['Crypto / Web3', 'B2B', 'Security']",Inactive
22675,W21,"Unfurl is a ghost kitchen, but instead of having one type of food we enable families to order many types of food all in one order. Think of it as an upscale food court where you and your kids can order from 8-15 different restaurants all at once.",United States of America,"['Delivery', 'Food Tech']",Inactive
22673,W21,"We are the Substack for millions of artists, musicians, indie producers, extreme sports athletes and video production companies. With us, creators have the freedom to choose flexible monetization plans such as PPV, micro-subscriptions, merch drops and many more.   Creators choose us because our platform is available in 4K on Apple TV, Roku, Amazon Fire, Gaming consoles and more. Creators also get audience analytics and marketing to retain and acquire their audience. So take care of marketing, distribution and monetization for creators so they can focus on their craft and we take care of the rest. ",United States of America,"['SaaS', 'Entertainment', 'Media']",Inactive
22664,W21,"SBX Robotics generates synthetic data that teaches robots to see. We use simulation software to create training data 10x faster and cheaper than annotation services or in-house teams. 

Instead of being blocked on data, our clients send 25 images from their robot’s camera, and receive 25,000 perfectly labeled synthetic training images. SBX data is ready to be used by deep learning computer vision models. ",Canada,"['Artificial Intelligence', 'Machine Learning', 'Robotics', 'Computer Vision', 'Data Engineering']",Inactive
22652,W21,"We're building the social, infrastructure layer for players of fantasy sports games, to provide them with a centralised place where they can own their identity as a fantasy sports player and get additional enjoyment and engagement out of watching live sports alongside their friends. ",Denmark,"['Sports Tech', 'Community']",Inactive
22600,W21,"Neverland is the first marketplace that connect buyers of everything needed for indoor and outdoor gardening with the 24,000 shops across the US. Neverland is taking this offline category online starting with this $26B market. ",United States of America,"['Marketplace', 'Gardening']",Inactive
22565,W21,"Gonddo is a B2B wholesale marketplace that digitalizes inventories purchases for independent retailers and brings technology to modernise distribution and trade credit for SMBs in Brazil. With gonddo, retailers can find fresh products, discover new brands and easily connect with wholesalers",Brazil,['Marketplace'],Inactive
24818,S21,"BlackOakTV is a subscription video platform hyper-serving black viewers and creators. We make it easy for black viewers to find, watch and engage with the content and creators that most reflect their lives and experiences. ",United States of America,"['Entertainment', 'Community', 'Subscriptions']",Inactive
24816,S21,"Spoken is a website where users compare buying options for the exact same product across multiple stores. We help our users never overpay online.

Dane is a two-time technical YC founder; he sold his previous company, Parklet, to Greenhouse where he was VP of Platform for 4.5 years. Geoff is a Stanford MBA grad and sold his previous company Cabrio Taxi. ",United States of America,"['Artificial Intelligence', 'Machine Learning', 'Marketplace', 'Consumer', 'E-commerce']",Inactive
24787,S21,"Squire is a devtool that works with you by writing pull request descriptions, reviewing PRs, and writing code to implement code review feedback.",United States of America,"['Artificial Intelligence', 'Developer Tools', 'SaaS', 'Compliance', 'Security']",Inactive
24779,S21,"Mindmesh is the virtual desk that puts you in control. 
Centralize work, notes, todos, and meetings. Jump back in an instant. Focus on what you should be doing, right now.",United States of America,"['SaaS', 'Productivity', 'Remote Work']",Inactive
24774,S21,"Opkit uses AI to automate routine phone calls for medical practices, telehealth companies, and other leading healthcare provider organizations. Opkit's AI agent is capable of executing a wide-range of non-clinical phone call tasks, including Verification of Benefits, patient intake, and appointment scheduling, without human intervention. Opkit is HIPAA-compliant and SOC 2 Type 2 certified.",United States of America,"['SaaS', 'Health Tech', 'Digital Health', 'Healthcare', 'Conversational AI']",Inactive
24669,S21,"Ruth Health treats the 83% of post-pregnancy womxn who pee in their pants. We deliver 30-minute Postpartum Recovery + Training Sessions via telehealth, so moms around the globe with pelvic floor prolapse can get back to work, sex, and normal life—5x faster.

Using conversational AI + biometric readings, Ruth Health will accumulate the largest, most diverse database in America on longitudinal maternal health",United States of America,"['Telehealth', ""Women's Health""]",Inactive
24605,S21,"As developers, we’re constantly going through the cycle of starting to write tests, deciding we can’t prioritize them because we need to ship new features, and then running into bugs in production as a result. Autotest lets you build comprehensive integration tests for your website with basically no work on your part, so you get the benefits of testing without wasting dev time on it.",United States of America,,Inactive
24580,S21,We make software for HVAC contractors to help them sell equipment that's better for their business and helps mitigate climate change.,United States of America,"['Construction', 'B2B', 'Climate']",Inactive
24556,S21,"We are building the TikTok for fashion — a platform for creators to showcase their works, gain traction and build their brands. 

### Reverie is powered by two pieces of core technology:
- An AI-enhanced design tool for creators to turn their design ideas into e-commerce quality product images very efficiently.
- An AI-powered Virtual Dressing Room to create professional fashion photography directly from product images. Both fashion creators and other users can easily style outfits on different models.

With our core tech, we are building an active community of fashion creators (designers, stylists, influencers, bloggers, artists, casting directors, etc..) who produce original designs and engaging content around the published pieces. The social media platform will provide a streamlined path for fashion creators to experiment with their ideas and build traction. 

We want to eventually become the default choice for anyone who wants to launch their fashion label, and have the future Off-White, Balenciaga, Rick Oven, etc. originate from Reverie. Our team combines deep expertise in technology (AI Phds) and the fashion industry (Community builder). Our Virtual Dressing room is live with top retailers (such as Neiman Marcus) and has ~1M ARR. We are backed by YCombinator, TSVC, Cabra VC, and other amazing angels with retail experience and connections. Join us to reshape the fashion industry!",United States of America,"['Artificial Intelligence', 'Generative AI', 'Social', 'E-commerce', 'Creator Economy']",Inactive
24424,S21,"We empower people to a lasting, healthier lifestyle through wellness programs and personalized support.",Mexico,"['Consumer Health Services', 'Digital Health', 'Health & Wellness']",Inactive
24304,S21,"ScratchDB is a platform that automates all aspects of managing an analytical database: server configuration, data ingestion, queries, replication, and sharding. We are built on top of Clickhouse with a developer experience that you'll love.",United States of America,"['Developer Tools', 'SaaS', 'B2B', 'Analytics', 'Databases']",Inactive
24257,S21,"Interacting with insurance across a variety of carriers should be undifferentiated heavy lifting - a piece of infrastructure like Stripe, Twilio, or AWS that ""just works""in the background while your business focuses on what makes it different. We provide programmatic building blocks to make this a reality, putting a carrier-neutral API and tooling on top of insurance, starting with policy access (think Plaid, but for your insurance company) and monitoring.

Our technology has a variety of use cases that range from insurance verification and tracking, financial advising, compliance & risk management, and marketing/distribution of insurance products.",United States of America,"['Fintech', 'Health Tech', 'Insurance']",Inactive
24156,S21,"Lariat is a Continuous Data Quality monitoring platform to discover data bugs before your consumers do. Ensure data products don’t break even as business logic, input data and infrastructure change.

Use Lariat to define and then automatically extract, store and visualize data quality metrics on raw event-level data through to delivered data products.
",United States of America,"['Machine Learning', 'Big Data', 'Data Engineering']",Inactive
24108,S21,"Chronic pelvic pain is a debilitating condition, that impacts over 15 million US women and costs over $39 Billion each year to manage. V-Flow medical has developed a trio of products that target the root cause of chronic pelvic pain, allowing millions of women to avoid opioid use and restart living a normal, pain free life. 

The V-Flow team has successfully scaled, multiple start-up medical device companies in various clinical disciplines with a combined exit value of over $4B. We have developed a broad IP portfolio covering both device design and method of application.  A recent landscaping identified no competing IP for our indication of use. We have tested our beta prototypes and are initiating animal models ahead of a planned first in human investigation in Q1 2023. Following discussion with the NIH program advisors, we have been encouraged to apply for a phase 1 grant, call to action for the Heal initiative to find new diagnostic and non-drug treatments for chronic pelvic pain. 
",United States of America,['Medical Devices'],Inactive
24042,S21,"Akudo is a digital bank for teenagers in India that gets them their own sleek, personalized prepaid card that they can use independently, helps them save money and gives them exciting rewards under a gamified setup when they're good at their personal finance.  
We are crafting the concept of ""Learning-first Banking"" where financial learning is seamlessly intertwined with full scale banking.",India,['Fintech'],Inactive
24026,S21,"Flowbo provides financing to online revenue-generating companies including creators and eCommerce. 

We package assets into investable products so creators can raise money. For example, we package receivables into factoring products.",United States of America,"['Fintech', 'Marketplace', 'Creator Economy']",Inactive
24024,S21,"We integrate solar, storage and energy trading for each home in one smart solution via our software platform. We’re starting in Spain which has the highest potential for solar and one of the lowest market penetration in Europe (0.1%). 
 
We will help 5M Spanish homeowners produce, store and distribute their clean energy ($50B market). We are backed by GFC, Liquid2 Ventures, Soma Capital, Y Combinator and other investors including Atomico angels.
",Spain,"['Solar Power', 'Climate', 'ClimateTech']",Inactive
23985,S21,"Turn B2B sales into a fully scalable and fully autonomous system with artificial intelligence. FirstQuadrant encompasses a complete suite of AI tools for inbound, outbound, and nurturing sales, ensuring a unified approach to relationship management.",United States of America,"['Artificial Intelligence', 'SaaS', 'Sales', 'Sales Enablement', 'AI']",Inactive
24867,S21,"Online convenience stores on DoorDash, UberEats. We use automated dark stores to pass items to delivery drivers.",United States of America,"['Marketplace', 'Delivery']",Inactive
24858,S21,"Quest is a Q&A app where experts answer questions in short audio clips. We’re starting with career advice, hosting founders and operators from YC and companies like Google, who share intimate and personal stories about work you've never heard before.",Netherlands,"['Community', 'Podcasts']",Inactive
24843,S21,,United States of America,"['SaaS', 'E-commerce']",Inactive
24839,S21,"When it comes to hiring, there are lots of resources to help managers get more candidates. But on average, only 1 in every 300 of these candidates actually get hired. Hiring managers and recruiters end up taking a robotic, brute force approach to sourcing - the kind of approach top talent hates.

Managers are increasingly finding that the simplest and most personable way to attract talent starts with their network. The best candidates want to work for great people, not faceless companies. Sharing open roles on places like LinkedIn, Slack, and Twitter unlocks enormous potential for a personalized recruiting approach across a curated talent pool, but these referrals are difficult to track across platforms and end up lost in the shuffle. We are changing that.

After more than a decade building teams at high-growth consumer tech companies like Instacart, Snapchat, and Uber, Maddy Nguyen turned her attention to creating collaborative tools for hiring managers and recruiters to source candidates from a wider range of networks and communities - while staying human.",United States of America,"['Marketplace', 'SaaS', 'Recruiting']",Inactive
24823,S21,"Protego helps companies recover lost revenue from chargebacks. The company automates chargeback management and dispute processes. It provides real-time monitoring, reporting, and analytics on chargeback information for providing valuable insights into fraudulent consumer behavior.",Colombia,"['SaaS', 'B2B']",Inactive
24762,S21,,United States of America,"['Carbon Capture and Removal', 'Crypto / Web3', 'Climate']",Inactive
24700,S21,"Moving Parts is a library of components for iOS. Everything your designers and engineers are building that isn’t unique to your app, we can do better and cheaper.

We're building high-level SwiftUI components that plug right into your application, made to solve real-world problems when designing and building a native mobile app.

Our components are also highly styleable and take care of responsiveness, localization, accessibility, and follow all platform best practices around dark mode, dynamic font size etc.",Germany,['Developer Tools'],Inactive
24692,S21,"Membo is a next-day grocery delivery app for premium customers in Europe. Like PinDuoDuo Groceries in China, Membo is the fastest way to order your weekly groceries directly from local food producers. The convenience of supermarkets & 15-minute grocery apps comes at the expense of freshness: food that should be delivered fresh, gets bought in bulk and sits on warehouse shelves for days. To get the freshest produce, you need quick producer-to-end-customer delivery, not just quick warehouse-to-customer delivery. Membo lets you order food directly from hundreds of local food producers & organises delivery so you always get the freshest version of every product. Membo's CEO, Vahur Hansen, was an early engineer at TransferWise, and co-founder, Paula Kink, built her own healthtech startup. Launched in Dec 2020, we've grown 30% MoM for the past 8 months and have delivered over 4000 orders in Tallinn, Estonia.",Estonia,"['Grocery', 'Marketplace', 'Delivery']",Inactive
24600,S21,"At Algofi, we're building the new financial system. Our work will reduce barriers to entry and promote democracy in the financial system.",,['Crypto / Web3'],Inactive
24498,S21,"Levo is a regulated treasury management platform for startups and SMBs to optimize idle cash with tailor-made investment, cash management and working capital strategies ",Mexico,"['Fintech', 'B2B', 'Investing']",Inactive
24460,S21,"Google Calendar is built on hypotheses that are now deprecated. Now that most of our meetings are virtual, there is a massive opportunity to remove frictions at each step of the lifecycle of these meetings, and finally make calendars actionable.

From Hera, users can:
- Schedule a meeting or share availabilities
- Prepare a meeting with the right context on attendees and past discussions
- Join a meeting in one-click
- Snooze a meeting to make sure you don't forget to follow-up

All of that without leaving the keyboard.",France,"['Productivity', 'Calendar']",Inactive
24405,S21,"Mixr is a social platform for remote and hybrid teams; we host virtual game tournaments and an ongoing office competition.  Mixr tournaments have built-in audio/video chat, a library of fun games, ice breakers, and automatic breakout rooms - all built with the goal of being easy for managers and employees to use.  By participating in tournaments, players earn high scores and trophies which places them on the company-wide leaderboards.  Our goal is to bring companies together, boost employee engagement and help companies bolster a collaborative corporate culture.",Canada,,Inactive
24383,S21,"We help CPG brands to understand how their products are being displayed, priced and what are their competitors are doing across millions of physical stores in real time with our computer vision powered mobile app. 

Each year these brands spend $500 bn annually buying prime retail shelf space to influence customer purchasing decisions, but they have no easy way to audit it. 

Our mobile app reduces the time of these audits by 10x and cost by 3x.",Singapore,"['Artificial Intelligence', 'SaaS', 'Computer Vision']",Inactive
24380,S21,"FastFarma is the digital pharmacy for latam, that offers best price guaranteed and 30 minute delivery with a full service offering. 
",Ecuador,['E-commerce'],Inactive
24370,S21,,United States of America,"['Consumer Health Services', 'Telemedicine']",Inactive
24351,S21,"Hypercontext helps managers run more effective meetings that tie back to their OKRs and is trusted by over 100k managers in companies like Netflix, Linkedin, and Facebook. 

Managers use our app to run their 1:1s, team meetings, and OKRs in one workflow that increases the odds of their team hitting their goals by 95%.",Canada,['Productivity'],Inactive
24343,S21,Apollo is a debit card that rewards you with stock. Every swipe earns guaranteed fractional shares plus a chance to win big with a full share of your favorite stocks. ,United States of America,['Fintech'],Inactive
24339,S21,"Ruta Health is the trusted digital health platform connecting individuals seeking a more efficient and personal approach to health information, who are tired of sifting through unreliable sources, directly with licensed doctors for personalized health information. Unlike scattered internet searches and AI symptom checkers, our async expert-led process ensures accurate, one-on-one answers to all your health questions. We aim to make health information accessible and understandable for everyone to be your trusted ""doctor friend"".",United States of America,"['Consumer Health Services', 'Health Tech', 'Digital Health', 'Healthcare', 'Health & Wellness']",Inactive
24266,S21,"Ivella builds banking and savings products that are designed for couples, no matter where they are in their relationship. Whether you've been dating for months are signing up for the The Split Account or have been married for decades and are signing up for The Joint Account and Savings Pods, we've got a product for you.",United States of America,"['Banking as a Service', 'Fintech', 'Consumer Finance']",Inactive
24255,S21,"Over 1/3 of food is being thrown away and in Latin America 72% of it prior to the consumer stage. Mainly due to physical imperfections or surplus production, despite being fresh and edible.

Perfekto offers a grocery subscription box with imperfect and surplus food, home-delivered. Thereby, consumers save time and money while reducing food waste.

The founders are experienced leaders scaling startups & grocery operations. Anahí previously led the Uber Grocery initiative for Latam. Jan scaled Swiss FinTech Sonect to pre-Series B and to Mexico. Juan led Walmart's eCommerce logistics and operations in Mexico. 

By the end of 2022, Perfekto had:
🌱 rescued over 500,000kgs of food from being wasted
🚚 delivered over 60,000 orders
📈 grown 1,120% year-over-year
🥖 gone beyond just produce and now help rescue items like bread or packaged goods from companies like Heartbest Foods, Bové, Tuny - with major multinationals in the pipeline
💚 become a beloved brand with an NPS of 70
🫂 built an online community of over 20,000 people and several thousand homes receiving Perfekto boxes",Mexico,"['Grocery', 'Sustainability', 'Climate', 'E-commerce', 'Subscriptions']",Inactive
24235,S21,"SenpAI.gg is a gaming coach for the 1.4 billion PC gamers globally. SenpAI.gg’s desktop application makes personalized recommendations in the game and provides post-game feedback to help gamers improve faster. It is the most comprehensive assistant that supports gamers before and during the game via Voice Assistant, or an overlay that uses computer vision. The company is Boston-based and founded by Olcay Yilmazcoban (MIT researcher & gamer) and Berk Ozer (engineer & gamer). We raised $3M seed funding (ACT Venture Partners) and we are in the Summer 2021 Batch of Y Combinator. https://senpai.gg/",United States of America,"['Artificial Intelligence', 'Assistive Tech', 'Gaming']",Inactive
24185,S21,,Mexico,"['Hard Tech', 'Cultured Meat', 'Biotech', 'Climate', 'Food Tech']",Inactive
24163,S21,"Commery makes it easy for commercial tenants to find their perfect space, whether it is retail, industrial or office space.

Instead of browsing a list of available spaces like Zillow, tenants can publicly list their commercial space requirements (sqft, location, use case, etc.) and receive inbound from brokers and landlords who have spaces that are good matches. By listing demand first, tenants can even source off-market spaces that aren't publicly available yet. ",United States of America,"['Marketplace', 'Proptech']",Inactive
24157,S21,"Nexus offers a unified checking and investment account. Your full balance is invested to get market returns, all while retaining instant access to cash even when the markets are closed. We are two ex-Googlers with CS PhDs from Stanford and the University of Washington who have worked together for 7 years.",United States of America,"['Fintech', 'Neobank']",Inactive
24147,S21,"Abbot helps customer-facing teams work with their customers in Slack. Abbot watches activity to make sure that customers get replies quickly. Once Abbot joins a room, it summarizes conversations, tags relevant topics, and even suggests next steps. Abbot's Insights make it easy to see your team's responsiveness at a glance. Want to automate common tasks? Abbot's built-in Skills functionality (think: small bits of code we run for you) can be triggered by customer topics, on a schedule, in response to external webhooks, or directly from chat.",United States of America,"['Developer Tools', 'SaaS', 'Customer Success']",Inactive
24025,S21,"Buzzle help product marketing teams identify competitive moats and weaknesses, marketing teams generate & understanding voice of customer and product teams gauge demand in feature requests based on customer pain points, all automatically from a company’s library of recorded sales and success calls. Buzzle is founded by alumni from the University of Michigan. Adithya operated as the NLP modeling lead at Capital One's Center for Machine Learning. Michael was the lead developer of Capital One's privacy portal, serving millions of customers. Bhairav dropped out of his PhD at MIT to found Buzzle, after publishing research on deep learning and robotics at NVIDIA Research, NASA's Jet Propulsion Laboratory, and the Montreal Institute for Learning algorithms.
	
Buzzle was formerly named q&ai!",United States of America,"['AI-Enhanced Learning', 'SaaS', 'B2B']",Inactive
23970,S21,,United States of America,"['Hardware', 'Housing', 'Manufacturing', 'Proptech', 'Climate']",Inactive
23963,S21,"Gobillion is the Pinduoduo for India, we make e-commerce social by enabling customers to buy together in groups and get great deals!
",India,['E-commerce'],Inactive
23861,S21,"We are Shopify for the $15B creator economy in LATAM starting with online coaching businesses. For example, a fitness coach can use our no-code builder to get a branded landing page integrated with payments and a website that can host their online coaching programs and subscriber-only content.",United States of America,"['SaaS', 'Creator Economy']",Inactive
23842,S21,"Hedgehog is a crypto robo-adviser that manages your funds in broad baskets of digital assets covering up to 85% of crypto's market cap. We already have 15k users monitoring $176m in crypto assets and over $548k in GTV on our V1 product, we have completed our exit interview with the SEC as of 4/24, and our custodial product is now live in the App Store and Google Play.",United States of America,"['DeFi', 'Fintech', 'Crypto / Web3']",Inactive
23831,S21,"Selling healthcare products online is hard. You need accurate health data to serve customers. Getting this data is extremely difficult. 

We are building a network of locations that companies can use to collect this health data and onboard their customers. 

Today our focus is the $270B health tourism industry. We help health tourism clinics onboard customers coming from the UK.  Our licensed guides help them collect dental scans and other important health data. 

They use this data to create personalised treatment plans.
",United Kingdom,"['Marketplace', 'Telehealth', 'Healthcare']",Inactive
23727,S21,"Hyperseed is the Zapier for billing. 
 
We help companies handle their custom billing workflows without code and instead, with spreadsheet formulas. Hyperseed replaces manual work borne of billing system limitations and lets companies avoid spending engineering resources on homegrown systems. ",United States of America,"['FinOps', 'Fintech', 'SaaS', 'Finance', 'B2B']",Inactive
23659,S21,Making the exchange of value magical and seamless for everyone.,United States of America,['Fintech'],Inactive
26043,W22,"Cashmere is a multisig solana wallet for enterprises to manage their digital assets. Instead of running their business from one person’s wallet, startups can use our wallet to securely manage their funds.",United States of America,"['DeFi', 'Crypto / Web3', 'DAO']",Inactive
25921,W22,"Nophin helps commercial real estate professionals screen deals faster with Cresa, an AI Analyst that automates multifamily deal screening and diligence processes, freeing up time for what truly matters—closing the best opportunities.
 
Acquisition teams are overwhelmed with manual tasks, from screening countless deals that don't meet buying criteria to analyzing complex documents and conducting market research. These inefficiencies lead to missed opportunities and slowed decision-making, making it difficult to focus on high-potential opportunities.

Cresa is the first fine-tuned multimodal Agent capable of handling various workflows for acquisition teams around the clock so they can focus on high-potential deals that align with their buying criteria. Cresa can screen deals, analyze documents, and generate comprehensive reports.  
",United States of America,"['Generative AI', 'SaaS', 'Real Estate', 'Proptech', 'AI Assistant']",Inactive
25892,W22,"AvairSense is building the smartest AI-enabled cameras ever. We believe cameras are one of those products that really have not evolved over time. Our first product is Sense 1, a smart home camera that has AI built in to analyze on the edge and create a seamless viewing experience of real-time video and audio from their smartphone.

We are a smart camera company that believes every environment requires a different camera. AI Cameras for Homes. Restaurants, Factories, Dealerships, and many more. We aim to own the data pipeline from start to end and give utmost importance to data security and privacy. ",India,"['Artificial Intelligence', 'Hardware', 'Consumer', 'Electronics']",Inactive
25820,W22,"Fello is a game-based savings and investment application for the gen-z and young millennials of India to save play and earn returns more than a traditional savings bank account. We are merging the worlds of gaming and finance to make finance fun, easy and rewarding!

Users can save and invest in financial assets and for every rupee they save they get one gaming token using which they can play daily and weekly games and if they win in these games they get to win Rs.1 lakh every week!

Just within a short span of 12 weeks of launch, we onboarded 250,000 users with 92% of them being referred users, 88% of them being first-time investors who are spending over 12 minutes on an average per day on the app saving and playing games together!",India,"['Fintech', 'Consumer', 'Gaming']",Inactive
25817,W22,"We make tools for state-of-the-art 3D VR video, which fix motion sickness for a more comfortable and immersive experience. Our team's experience includes building VR cameras at Facebook, and robot perception systems at Lyft and Google X.",United States of America,"['Machine Learning', 'Robotics', 'Virtual Reality']",Inactive
25757,W22,"An up-skilling platform that empowers teams with continuous learning tracks to equip them with the right skills at the right time. 

Our up-skilling programs are customised to business objectives of organisations across sales, customer success, general management, technology & product functions & promote employee development by enhancing their existing competencies and developing newer ones. 

AntWalk is powered by 3000+ Experts from 500+ Global Brands across 40+ Countries to power these courses and 1:1 Interactions.",India,"['Education', 'eLearning', 'Enterprise']",Inactive
25727,W22,"Sendme is an on-demand provider of clean meat to individuals and food businesses. We built a chatbot that lets customers place orders for meat on WhatsApp and they get it within 3hours.
",Nigeria,"['Artificial Intelligence', 'E-commerce', 'Food Tech']",Inactive
25678,W22,"Botin a mobile app where people in Latin America can invest in US Stocks, Crypto and more. 

We are building a one stop shop product for consumers to create wealth in Latin America by giving them the investment tools of the 1%.  
",Costa Rica,"['Fintech', 'Crypto / Web3']",Inactive
25592,W22,"Ole brings fashion with delivery and return on-demand.
Customers use our app to order clothes from nearby stores, try them at home while the driver is waiting, take only what they like and return to the driver what they don't.

We already have $35k monthly GMV, growing 35% MoM.

What’s unique about our business is our average order value which is 7X higher than typical on-demand business. While their average order is $30, ours is $200, which is why we are already positive in unit economics.",Israel,"['Delivery', 'E-Commerce', 'Fashion']",Inactive
25588,W22,"Castled.io is a Customer Engagement Platform (CEP) that brings the power of data in the warehouse to the marketer.  

Essentially, Castled.io is similar in feature set to Braze, CustomerIO or MoEngage with a major difference - We don't store your customer data. Instead Castled sits on top of your cloud data warehouse to create segments and engage them across channels.",India,['SaaS'],Inactive
25529,W22,"Criya, a Y Combinator and venture backed AI startup that empowers anyone to create professional collateral in seconds. Criya AI makes you and your ideas look exceptional. Save hours by effortlessly creating perfectly designed, interactive and high converting collateral in seconds.
Complete with on-brand, AI generated interactive landing pages, 1-pagers, presentation decks , built in engagement buttons, analytics, CRM, scheduler and more, Criya is a pivotal platform for entrepreneurs and sales professionals to capture prospects and decision makers within seconds.",United States of America,"['B2B', 'Sales', 'Sales Enablement', 'AI', 'AI Assistant']",Inactive
25516,W22,"Emigre is the fastest and the only end-to-end digital Indian banking solution for Indian expats (Non-Resident Indians) so they can support their families back home, shop on Indian websites, and invest in Indian stocks and real estate.",United States of America,"['Fintech', 'Consumer', 'Neobank']",Inactive
25513,W22,"At Valari, we are on a mission to democratize access to financial services in LatAm, by allowing any company to launch fintech products and services. 

With our simple APIs, tech companies can easily embed a financial product in their platforms.
",Mexico,"['Banking as a Service', 'Fintech', 'B2B', 'API']",Inactive
25472,W22,Ozone is the world’s first collaborative video editor in the cloud. We are making the world a more creative place by building the next generation of creative tools.,United States of America,"['Productivity', 'Collaboration', 'Design Tools']",Inactive
25360,W22,"Pursuit offers you the opportunity to own and enjoy high-end recreational properties via turnkey co-ownership and ongoing property management.

- We specialize in top-tier recreational properties throughout the world that possess scarce natural resources. 

- We coordinate small ownership groups (ten or fewer) that cooperatively steward the land, enjoy it together, and benefit from investment growth. 

- We manage the property on your behalf with your enjoyment and investment goals in mind.

Don’t play for a day. Own the whole playground.",United States of America,"['Marketplace', 'Sustainable Tourism', 'Real Estate', 'Travel', 'Investments']",Inactive
25334,W22,"FlowDeploy helps bioinformaticians manage their data analysis pipelines. We provide everything they need to try, run, develop, and share their pipelines. That includes integrations with AWS, Snakemake, Nextflow, GitHub, Slack, SSO, and more, as well as a clean API and web app for launching and monitoring pipelines and managing their data.

FlowDeploy is built for bioinformaticians: it doesn't restrict how pipelines are built and managed, as long as a bioinformatics workflow manager like Nextflow or Snakemake is used. But it does eliminate several footguns like idle spend and accidental data egress, and it reduces the potential for users accidentally sharing credentials.

FlowDeploy runs the pipelines in either our managed cloud or the customer's cloud – eliminating the need to transfer data externally.

Non-computational biologists can use FlowDeploy, too: features like pipelines templates decrease the complexity to launch a new pipeline, which reduces user error and decreases the need for advanced cloud training for non-computational users.",United States of America,"['Developer Tools', 'Drug discovery', 'Data Engineering']",Inactive
26278,W22,"NFTScoring is the place for you to discover, analyze and trade NFTs.
We give you the superpowers to understand the NFT market in any given moment, make the best decisions, and take faster actions.",United States of America,['NFT'],Inactive
26238,W22,"Flike trains AI models on your product marketing knowledge, enabling your sales team to generate relevant&hyper-personalized emails that are aligned with your brand voice throughout the entire sales funnel (from cold outbound to upselling). And we're already partnering with some of the largest YC companies.",United States of America,"['Artificial Intelligence', 'Machine Learning']",Inactive
26206,W22,"We make it easy for real estate developers in LATAM to sell new properties and close mortgages, unifying the experience, so home buyers  can buy a home in just a few steps and without the need to look for more intermediaries. We do it all online: selling homes and approving mortgages is 6x faster.",Colombia,"['Fintech', 'SaaS', 'Proptech']",Inactive
25912,W22,"Vessel is the developer-first, native integration platform for GTM tools. We make it easy for developers to integrate with your customer’s CRMs, Sales Engagement, Marketing Automation, Chat, Dialers, and more. Integrate in different ways customized for your use cases: 

- Speed: Use our Unified APIs to roll out many integrations quickly through a common data model and unified interface.
- Depth: Use our actions API to build deeper integrations when working with entities custom to each app.
- Ease: Use ETL to let us handle pulling and pushing customer data to your DB
- Extensible: Support any integrations through our open-source integrations library

Breadth and depth, make your integrations limitless.",United States of America,"['Sales', 'API', 'Marketing', 'Customer Support', 'CRM']",Inactive
25731,W22,"Demo Gorilla is a browser extension for live SaaS demos that tells your sales team exactly what to say to sell your product.

Keep everyone on the same page with the best customer stores, competitive talking points and feature explanations. Collect insights across product, engineering, marketing, and sales experts to ensure your sales team always knows exactly what will close this deal.

- Automatically get relevant talking points for the part of the product you're on and who you're talking to
- Track notes and metrics back in to your CRM
- Share slides and images in line while demoing to set the stage
- Clean up your UI to keep attendees focused
",United States of America,"['SaaS', 'Sales']",Inactive
25723,W22,"With Aklimate, enterprises provide their suppliers with carbon management tools for free, in exchange for their emissions data. You can imagine it as the company paying for a Watershed-lite for each of their suppliers.",United Kingdom,"['SaaS', 'B2B', 'Climate']",Inactive
25644,W22,"Kable makes it easy for developers to add usage-based billing, invoicing, analytics, and authentication to their API products with just three lines of code.

We help API companies bring their products to market faster, more securely, and with flexible billing tools that help businesses scale. We provide everything needed to create a delightful experience for developer communities and to optimize revenue while giving time back to engineering teams to focus on what matters most.",United States of America,"['Developer Tools', 'API', 'Billing']",Inactive
25641,W22,"Suggestr is a self-serve, no-code personalization solution for the 20M+ e-commerce brands that sell on platforms like Shopify. Marketplaces like Amazon drive up to 30% of their sales from personalized surfaces (recommendations, bundles, frequently bought together, et cetera). They have large data science teams that build such in-house recommendation engines. However, DTC brands can't afford to do this, and they don't have enough customer data to make the conventional recommendation approaches work. Suggestr uses innovative multi-modal AI technology that sees and understands products (needs 100x less data), allowing it to work with brands of all sizes (SME, mid-market, enterprise). The solution takes less than 30 minutes to integrate and helps merchants increase online store revenues by up to 10% with AI-driven upsells and cross-sells.",Singapore,"['SaaS', 'E-commerce']",Inactive
25576,W22,"Drivingforce is building “Rippling for trucking”, an all-in-one workforce management solution for the trucking industry. We consolidate multiple back office functions such as compliance, payroll, and recruiting, so trucking fleets can manage their entire workforce in one place.


Check us out on TikTok!
tiktok.com/@truckingnewbie",United States of America,"['Fintech', 'SaaS', 'Logistics', 'HR Tech']",Inactive
25569,W22,"We write smart contracts that can automatically transfer assets during end-of-life events.
When you hold your own keys to your own wallet, your funds are lost in worst-case-scenarios. We make an on-chain dead-mans-switch to help your loved ones claim your holdings.",United States of America,"['Crypto / Web3', 'Finance', 'Cryptography']",Inactive
25515,W22,"Whiz revolutionizes the way you manage finances, providing innovative solutions for a wealthier future—where your money earns more, fully insured by Indonesia Deposit Insurance Corporation (IDIC). Join us on this journey toward financial empowerment.",Indonesia,"['Fintech', 'Payments', 'Consumer', 'Neobank']",Inactive
25404,W22,"Castia is the first rent payment platform in Latam that allows tenants and landlords to get benefits for one of their single biggest monthly expense. Get rewards, pay with any payment method, build your credit score and even save for your future home downpayment, just by paying rent through Castia.",Colombia,"['Fintech', 'Consumer', 'Proptech']",Inactive
25379,W22,"Skillza works with schools, teachers, students, and their parents in the Middle East and Africa to build tools to maximize learning outcomes.

We help today's teachers to integrate new technologies into their classrooms to improve the learner-centeredness of their classrooms.

Our flagship product Quest is a tool that helps teachers and schools to simplify the process of creating and managing assessments. Teachers create and distribute assessments as well as measure and manage student performances in seconds saving them hours everyday to allow for them to focus on what they do best - teaching.",United Arab Emirates,['Education'],Inactive
25355,W22,Supertone makes it easy to find and share samples with musicians around the world,United States of America,"['SaaS', 'Consumer', 'Music']",Inactive
25343,W22,"Send targeted emails and LinkedIn messages that are as unique as the person receiving it. At scale.

📈 2x your response rates
Every aspect of your outbound email - from the pitch and opener to the call-to-action - is personalized.

Our AI uses trillions of bytes of data to create a deep understanding of your prospects to brew up the perfect message.

📨 Fully tailored in 10 seconds
Still spending 10 minutes researching a prospect? 🥱
CoffeeAI does your research for you - we use tons of different sources of information to create an email that feels unique and thought out.

Let us do the boring stuff so you can focus on building relationships - Or grab a coffee ☕",New Zealand,"['Artificial Intelligence', 'SaaS', 'B2B', 'Sales', 'Sales Enablement']",Inactive
25337,W22,"Cherry is the only AI promotion management platform. We help online stores boost revenue and increase their marketing ROI by delivering and tracking dynamic promotions. 

Cherry uses AI to improve the targeting of promotions to new and existing customers in real-time

Cherry has helped its customers increase conversion rates by up to 51%. 

Cherry is lead by an expert founding team. Isaac has a PhD in maths and delivered AI at McKinsey, Rian is an ex-Microsoft software engineer.

",Singapore,"['Machine Learning', 'SaaS', 'E-commerce']",Inactive
25278,W22,"Pelm is building an API that allows companies to access their user's energy data from utilities. Using Pelm, you can query hourly electricity usage or transfer service for a specific property. Instead of building clunky integrations with hundreds of utilities across the U.S., you only need to integrate with one seamless API to start harnessing energy data. Our platform will provide the infrastructure for a whole new wave of climate focused technology companies to flourish. As sustainability-oriented efforts like automated demand response, home electrification, or solar installations (to name a few) become more popular, they will need certain tools to succeed. We at Pelm hope our universal API will help our world reduce carbon emissions, meet climate goals, and create a more sustainable life for everyone.",United States of America,"['Climate', 'API', 'Energy']",Inactive
25086,W22,"Northwind is a tele-dermatology start-up changing how chronic skin conditions Psoriasis and Atopic Eczema are treated. 

We connect 31 million American patients to specialists in under 12 hours, and provide a tailor-made treatment plan with our proprietary line of clinically tested vegan OTC and Rx products. 

Patients register and go through our digital questionnaire, uploading pictures of their affected skin. In under 12 hours the patient receives their own specialised dermatologist who then decides the correct treatment plan required - with monthly checkpoints where the plan is adjusted based on patient feedback and results. 

Today, thousands of users rely on, and love Northwinds proprietary Swedish formulas. The company is led by a patient suffering from 20 years of severe Psoriasis.",United States of America,"['Consumer Health Services', 'Health Tech', 'Digital Health', 'Healthcare', 'Telemedicine']",Inactive
27264,S22,We help scale automation leveraging LLMs and computer vision,United States of America,"['Artificial Intelligence', 'B2B', 'Productivity', 'Enterprise']",Inactive
27221,S22,"CAPSULE is a mobile app that makes it easy to save and buy the things you find on any social media platform. Just snap a screenshot of anything you like, from any platform, and we search the entire internet to instantly give you shoppable links. 

Instead of searching hundreds of websites and sifting through thousands of products on your own, CAPSULE lets you find inspiration from anywhere and uses advanced machine learning to return results that feel like magic. ",United States of America,"['Artificial Intelligence', 'Generative AI', 'Machine Learning', 'Computer Vision', 'E-commerce']",Inactive
27158,S22,"Jasmine makes the buying and selling of renewable energy assets easy, accessible, and transparent.",United States of America,"['Marketplace', 'Crypto / Web3', 'Climate']",Inactive
27155,S22,"Sonnet is an end-to-end meeting assistant, combining a human-quality notetaker with an auto-updating CRM.

Our AI notetaker uses the most powerful AI models to transcribe, summarize, and generate notes for your meeting recordings. With Sonnet, collaboration and recollection is both faster and better. 

Sonnet CRM updates itself automatically using conversation data, so you'll never have to wrangle with CRM fields again. Get up to speed on the context of an entire relationship, in seconds. ",United States of America,"['Generative AI', 'B2B', 'Productivity']",Inactive
27150,S22,"Drip combines the best of Pix and a credit card. We enable customers to pay with credit and earn 2%+ cashback with the speed and widespread acceptance of Pix.

Through our app customers can onboard, shop nearly anywhere and manage their payments. We're enabling transactions via  Pix's existing network (85%+ of e-comm).",Brazil,,Inactive
27045,S22,"We help healthcare providers increase profitability and cashflow by automating their patient billing and collections processes.

Today, healthcare providers in the US are leaving up to 20% of their profit margins on the table due to subpar patient billing and collections processes. Billing patients and collecting their payments is a complex process that requires specialized skills and a lot of effort. Traditionally, healthcare providers have done this manually, with limited automation around one-way reminders. This leads to limited engagement with payers and subpar collection results.

Argovox changes this by making new levels of payer engagement possible at scale. Through both voice and text conversations, our AI agents can engage in complex, multi-turn patient billing and collection conversation. This leads higher engagement with payers and optimal collection results.",United States of America,"['Fintech', 'Healthcare', 'LegalTech', 'Call Center', 'AI Assistant']",Inactive
27040,S22,"Grai is open source version control for metadata. We can determine how database changes will affect deployed machine learning models, apis, and dashboards because we understand how data relates across systems which don’t otherwise talk to each other.",United States of America,"['Developer Tools', 'SaaS', 'Analytics', 'Open Source', 'Data Engineering']",Inactive
26770,S22,"Bridgecard is the card issuer for Africa.  We make it easy for any fintech company to offer their customers a card that will carry a Mastercard or Visa logo and will work anywhere in the world.

Previously Tunde was building open banking APIs connecting Large banks in Nigeria to fintech companies. He also had to turn down a job at Google to build Bridgecard. 
Festus the CTO built the loan and retail management app at Trade depot (Salesforce for Africa). We've been working together and sharing the same room for over 10 years now.",Nigeria,"['Banking as a Service', 'Fintech', 'Payments', 'B2B', 'API']",Inactive
26752,S22,"Financial statements are definitely a hassle for business owners. Many accounting software are available, yet not everyone has the capability to operate them.

Amidst this problem, Delegasi dares to provide a solution. As the first virtual financial manager in Indonesia, we assist SMB owners in putting together their financial statements and business analysis. By simply uploading receipts and bank statements, owners will receive their financial statements and business analyses with guaranteed accuracy, allowing them to make well informed financial decisions.",Indonesia,"['Fintech', 'SaaS', 'B2B']",Inactive
26738,S22,"Integration Labs makes it easy to interact with your business customers' financial data.

Leading SaaS, payments, and financial service companies use a single API to seamlessly retrieve and sync data across their customers' accounting, commerce, and payments platforms.

With Integration Labs, B2B companies integrate once to connect to 30+ accounting, payments and e-commerce integrations and build innovative business tools for invoice financing, digital lending, expense management, automated AP/AR reconciliation, and more.",India,"['SaaS', 'Workflow Automation', 'API', 'Automation']",Inactive
26732,S22,"BricksAI is an open-source AI gateway that helps you manage how each of your services is calling different LLM providers.

You can create API keys with rate-limits, spend-limits, and expiration dates, then use them to make requests to different LLMs. With our SSO dashboard, you also get (1) role-based access control, and (2) fine-grained metrics (e.g. cost, number of requests, tokens) over each API key.",United States of America,"['Developer Tools', 'B2B']",Inactive
26715,S22,,United States of America,['Gaming'],Inactive
26706,S22,"Superpowered AI makes it easy to build production-ready LLM applications with access to external knowledge.

Our API lets you connect external sources of knowledge (like regulatory archives, for example) to LLMs. We leverage proprietary RAG technology to dramatically improve retrieval performance and reliability for a wide variety of use cases.

If you have an LLM-based application in mind, please reach out! We've helped companies build real-world applications, ranging from internal productivity tools to complete external products.",United States of America,"['Artificial Intelligence', 'Developer Tools', 'Generative AI', 'SaaS', 'B2B']",Inactive
26673,S22,"Dialect uses AI trained on your company’s internal knowledge to automate response generation for forms,  RFPs, and other complex business communications.",United States of America,"['Generative AI', 'SaaS', 'AI']",Inactive
26666,S22,"Airtrain AI is a no-code data platform for Large Language Models.

Proprietary AI models such as GPT-4 are very powerful but also very costly, slow, unreliable, and unsecured.

As businesses look to scale their AI prototypes into production-grade products, they struggle with large AI bills, slow APIs and large failure rates.
On the other hand, smaller language models have been proven to be able to perform on-part with large ones with fine-tuned on high-quality datasets.

Airtrain AI lets AI practitioners explore alternatives to proprietary models, build up training datasets, evaluate, fine-tune, and serve a large selection of open-source LLMs.",United States of America,"['AIOps', 'Developer Tools', 'SaaS', 'Cloud Computing', 'AI']",Inactive
26658,S22,"
",Remote,,Inactive
27262,S22,"Africa has experienced robust macroeconomic growth over the last five years and was the second fastest growing region in 2019 with a GDP of $2.6T, a 3.7% increase on 2018. Nigeria makes up $0.5T, 50% of which comes from Small and Medium Enterprises (SMEs) – a huge number of these operate within large manufacturing supply chains.

Starting with Freight Carriers Pivo makes financial services easily accessible for truck owners and truck drivers by providing a bank account, debit card and digital invoicing tools so they can get paid faster and avoid cash flow problems.

This will be further augmented by more fundamental financial products such as credit, transaction management, and expense management, to improve their cashflow. ",Nigeria,"['Fintech', 'Payments', 'B2B', 'Supply Chain', 'Neobank']",Inactive
27251,S22,"Lotus is an open-core pricing and billing engine. We enable API companies to automate their custom usage-based pricing for any metric. Rather than guess on how to charge their customers, Lotus provides companies with powerful new tools from metering to invoicing to testing new pricing.

Our self-hosted software is free on GitHub, and we offer a paid cloud version and enterprise tier for support.",United States of America,"['Fintech', 'SaaS', 'Open Source', 'Enterprise']",Inactive
27048,S22,"Payfura is a fiat<>crypto on/off ramp payment gateway for web3 applications. We are a bridge between fiat and crypto so web3 applications can seamlessly onboard users across different geographies with local payment methods.

Key Features:
- Currencies supported: 150+ fiat currencies, 100+ crypto currencies.
- Regions supported: US, Europe, LATAM, SEA, Africa.
- Payment methods: Credit/Debit cards, E-wallets, Bank transfers and many more.
- Partner Dashboard: A powerful dashboard for partners to get detailed insights and analytics for their orders
- Handle KYC and AML compliances of local regions.
- API and SDK integration.",United States of America,"['DeFi', 'Fintech', 'SaaS', 'Crypto / Web3', 'Payments']",Inactive
26899,S22,"We let you see everything about how prospects interact with your demos, then convert them into paying customers.",United States of America,"['B2B', 'Sales']",Inactive
26876,S22,,United States of America,"['SaaS', 'Customer Success', 'Customer Support', 'Enterprise Software']",Inactive
26847,S22,"Slauth.io generates and rightsizes IAM policies in order to save engineering time and secure the organization. We use PR's to suggest what good functional and secure IAM policies should look like and integrate with IaC (Terraform)  to have a seamless end-to-end IAM policy creation and deployment. Save hundreds of DevOps engineering time each year and increase your security to scale faster. 
",Israel,"['Developer Tools', 'DevSecOps', 'Productivity', 'Compliance', 'Security']",Inactive
26814,S22,We are a consumer facing biotech company using the power of plant protein and biotechnology to deliver the next generation of sustainable seafood. Our mission is to bring balance back into our food system by empowering people to make greener choices one bite at a time.,Germany,,Inactive
26780,S22,"A fool-proof goals platform using GPT to help teams write and track SMART goals at every level. Automates manual, redundant tasks that take time away from team’s high-impact contributions.
",United States of America,"['SaaS', 'B2B', 'Productivity', 'Analytics']",Inactive
26779,S22,"Notebook solves the Web3 identity problem by using Zero-Knowledge to provide both anonymous proof-of-humanity and credential aggregation. Notebook initially verifies users’ identifying information to ensure that each person has just a single Notebook. Neither Notebook, nor any other company knows the link between a user’s personal information and their Notebook. Once a user’s Notebook account is created they can begin proving their humanity and aggregating their credentials across wallets.

Notebook can be used to increase the safety of DeFi, governance, and airdrops. With Notebook, creators and communities can run Sybil-resistant airdrops, DAOs can verify the humanity and aggregate the credentials of participants, and lending protocols can build credit scoring systems to offer lower-collateralized loans. ",United States of America,"['DeFi', 'Crypto / Web3', 'Identity']",Inactive
26726,S22,"We’re retool for data pipelines. We allow less-technical people to edit data pipelines, with easy to use tools.",United Kingdom,"['Developer Tools', 'B2B', 'Analytics', 'Enterprise', 'Data Engineering']",Inactive
26681,S22,,United States of America,"['Fintech', 'Payments', 'Gaming', 'Consumer Finance', 'Neobank']",Inactive
26676,S22,Penguin AI help B2B companies identify the exact PEOPLE and companies visiting their site and auto-sequences them in a personalized way; book more demos without scaling headcount.,United States of America,"['Generative AI', 'SaaS', 'B2B', 'Sales']",Inactive
26669,S22,"Mercator is your AI-assisted data analytics platform for writing faster, cheaper, and smarter SQL. Co-founders Andrew and Dayton met on the Instacart data science team. Dayton earned a physics PhD at UC Berkeley before entering DS. Andrew spent six years as a SWE at Uber, where he developed pydeck, a geospatial data visualization library with over 12M downloads. Mercator is backed by Y Combinator, Tribe Capital, Soma Capital, Valor Equity Partners, Amplify Partners, and Rebel Fund.",United States of America,"['Generative AI', 'SaaS', 'B2B']",Inactive
26659,S22,"Weltio gives users access to a fully fledged brokerage account in USD, through unique features such as local instant cash rails, a robo-advisor, and tailored portfolios for the LatAm user.  Starting with MX we’re going after a market with a potential in AUM of >$60B and 40M accounts",Mexico,"['Fintech', 'Crypto / Web3', 'Investing', 'Retail']",Inactive
28415,W23,"moonrepo is a developer tool that reduces build/test/deploy times, and maintenance costs for companies. We’ve achieved this through moon, our open source build system and repository management tool. moon can be paired with moonbase, our paid service that provides cloud caching, CI insights, code ownership, and health score related metrics. The company is founded by Miles Johnson and James Pozdena who have a combined 25+ years in the software development industry with tenure at Airbnb and Coinbase.",United States of America,"['Developer Tools', 'SaaS', 'Productivity', 'Open Source', 'Enterprise']",Inactive
28372,W23,"Upfront is a personal assistant for home projects, powered by AI and partnerships with local businesses. Instead of sifting through reviews and playing phone tag, homeowners text us, and we connect them with a curated set of home service professionals in their neighborhood.",United States of America,"['Marketplace', 'Consumer', 'Home Services', 'AI Assistant']",Inactive
28368,W23,"AI-native enterprise codebase maintenance, including automated migrations and codebase intelligence for engineering teams who need to get stuff done.",,"['Developer Tools', 'Enterprise', 'AI']",Inactive
28221,W23,"Serial is software to help manufacturers root cause problems in minutes not days and avoid millions in liabilities. Our solution integrates with data sources from any production line, enabling engineering & operations teams to ask questions about their manufacturing data and instantly get answers. Serial will become the single source of truth for manufacturing data.

Our founding team has 10+ years of manufacturing and product design experience from Apple, Tesla, and more. We have suffered this problem firsthand and are building the tool to fix it.",United States of America,"['SaaS', 'Analytics', 'Manufacturing']",Inactive
28129,W23,"Pricing Strategy is one of the most powerful levers that retailers have at their disposal to create growth, yet it is underleveraged. Most retail pricing teams settle for making decisions in spreadsheets, shooting in the dark, and working backward from a cost-plus margin target, leaving a LOT of money on the table.

Our founders experienced these problems at scale when they built pricing tech at Uber that made Uber a billion dollars in profit a year. They realized that retail was lacking the same quality and sophistication of price tooling. So, they built Luca.

Luca is an AI-powered co-pilot for retail operators, which constantly identifies revenue and profit headroom, makes recommendations for price adjustments and saves countless work hours along the way. 

Luca is backed by Y Combinator, Menlo Ventures, and others.",United States of America,"['Machine Learning', 'SaaS', 'Retail']",Inactive
28108,W23,CodeParrot is a developer first design to code tool. It uses AI to convert components from Figma files / screenshots to production-ready code. ,India,"['Artificial Intelligence', 'Developer Tools', 'Productivity', 'AI']",Inactive
28096,W23,"Evefan enables developers to privately capture, transform and deliver customer events at internet scale. Evefan is open source and self-hosted on Cloudflare workers.",Remote,"['Developer Tools', 'SaaS', 'Open Source']",Inactive
28082,W23,"The first completely automated SaaS management software. 
Scrap the spreadsheets and avoid slack surveys when you need to run compliance audits, provisioning users, or track unused licenses. Sorted provides visibility to admins in 2 minutes without sacrificing employee flexibility.",Denmark,"['SaaS', 'B2B', 'Productivity', 'Collaboration', 'Subscriptions']",Inactive
27967,W23,"Echo helps B2B founders know exactly what to say during a sales call to win the business, including how to respond to any objections that come up. We do this by generating a personalized sales playbook based on best practices and providing an intuitive interface for following its guidelines in real time.",Israel,"['Generative AI', 'B2B', 'Sales']",Inactive
27942,W23,Technician helps you get your pull requests merged faster. We do this by listening to your check run logs for failures and provide suggested changes that you can instantly commit to your branch.,United States of America,"['SaaS', 'DevOps', 'AI']",Inactive
27909,W23,"Prompt engineers, visual artists and AI data scientists are using Magicflow to run experiments at scale and perfect their pipelines

Our product is ready to use: https://console.magicflow.ai try it out! we have some preloaded examples you can try.

🤟 Talk to us about anything! We love meeting new people https://calendly.com/magicflowai/",Israel,"['Artificial Intelligence', 'Developer Tools', 'Generative AI', 'AI']",Inactive
27899,W23,"GoodCourse is the TikTok-style corporate learning platform achieving 10x better completion rates, training employees on topics like compliance and inclusion.",United Kingdom,['eLearning'],Inactive
27879,W23,"Keto friendly, flexitarian entrees made from plant protein combined with pure beef fat, collagen, and broth. Full of authentic flavor and ready in four minutes, Choppy! is better for you AND the planet. 

The company was founded by Stanford mechanical engineers Saba Fazeli and Brice Klein:

-Saba was the first R&D engineer at Beyond Meat where he developed and scaled all of their textured proteins.
-Brice was the fourth engineer at vertical farming company Plenty where he led the commissioning of their new, multi-million dollar farm. ",United States of America,"['Consumer', 'Climate', 'Food Tech', 'Food & Beverage', 'Consumer Products']",Inactive
27831,W23,"Neptyne is the first natively programmable spreadsheet, with a full Python environment, just like a Jupyter notebook. And we built in AI to make it easy to use, even if you’re not a Python expert. Neptyne turns anyone who can use Excel into a programmer.

At Google, Douwe launched products to millions in Search, Mobile and workplace. He founded multiple startups, and published a book on deep learning. 4 years ago Douwe rejoined Google, where he met his cofounder Jack and the rest of the team.

Neptyne launched on Hacker News in February 2023, and since then users have made thousands of spreadsheets.  People have built everything from option trading systems to machine learning classifiers using Neptyne.",United States of America,"['Generative AI', 'Data Science', 'Data Visualization']",Inactive
27825,W23,CreatorML builds predictive AI for video virality to help businesses scale their social media strategy. ,United States of America,"['B2B', 'Analytics', 'AI']",Inactive
27810,W23,"We make it possible to build a serverless cloud platform that hosts custom user code with just APIs and no infrastructure team. For example, an open source framework can build a cloud offering that deploys their users code from Github or local dev environments in days instead of months. ",United States of America,"['Developer Tools', 'B2B', 'Cloud Computing', 'Infrastructure']",Inactive
27734,W23,"Do you want to optimize revenue, engagement, or both? Our team of experts will get you great results, quickly. ",Remote,,Inactive
27713,W23,"CodeComplete is Github Copilot for Enterprise. Large companies can't use Copilot because of the security and privacy risks, so we're building a self-hosted version that's also fine-tuned to the company's codebase.",Remote,,Inactive
27708,W23,,,['AI'],Inactive
27705,W23,,United States of America,"['Developer Tools', 'Generative AI', 'SaaS', 'B2B', 'Enterprise']",Inactive
27694,W23,"Paperplane helps builders', plumbing, and timber merchants mitigate their credit risk by predicting which customers will default 4+ weeks before anyone else. Instead of relying solely on credit reports and lagging public data, Paperplane uses the company's own transaction data and customer knowledge directly from sales reps to make more accurate predictions in real-time. ",United States of America,"['Fintech', 'SaaS', 'AI']",Inactive
27684,W23,Struct is the platform for multi-lingual AI voice agents for any phone-based task. Our agents are already live doing tens of thousands of calls daily across the globe and in multiple languages. ,Remote,"['Fintech', 'SaaS', 'LegalTech', 'CRM']",Inactive
28113,W23,,United States of America,['Artificial Intelligence'],Inactive
27972,W23,"Defer enables Node.js developers to move slow code out of the user's journey.
Its simple and well-documented API enables developers to improve web applications' performance in a few minutes instead of days.

Bryan and Charly noticed that all companies end up building similar abstractions and dashboards over the existing open-source (BullMQ) or commercial solutions (AWS SQS + Lambdas) to support background jobs, CRONs, and workflows.

Defer brings a full-featured and managed platform with a Vercel-like developer experience that comes with an operational dashboard, enabling developers to focus on product work.

After building the self-serve version of Defer in 8 weeks and onboarding 5 paying customers, their recent HN launch brought 250+ users and a warm welcome from the Node.js community with the 2 biggest newsletters featuring Defer and tech influencers spreading the word.

Defer is now available as a Node.js solution but aims to become a cross-language reference.",France,"['Developer Tools', 'SaaS']",Inactive
27924,W23,"OutSail Technologies is building unlimited-range wind-powered vessels using aerospace technology.

We know modern aerodyamics can make wind cheaper and more reliable than internal combustion.

The effects of fossil-fuel use are degrading the ocean and destroying the planet. It’s time for modern wind power.

Outsail has brought a groundbreaking technology from satellites, the tape spring, to earth. Our fully autonomous, retractable wingsail allows vessels to access more wind power than ever before by providing both the aerodynamic efficiency of a wing and the perfect amount of area for the wind strength.

OutSail is backed by Y Combinator (W23), and founded by two engineers and an aerodynamics PhD who have led teams, managed products, and designed hardware for Momentus, Nuro, AEye, Tesla and SpaceX.

",United States of America,"['Logistics', 'Climate', 'ClimateTech']",Inactive
27823,W23,"Overflux automates the EV charger purchase, installation, and government incentive application processes for commercial real estate properties.",United States of America,"['Logistics', 'Proptech', 'Climate', 'Transportation', 'Electric Vehicles']",Inactive
27816,W23,"OpenSight helps companies quickly scale up their support function and resolve customers' questions much faster. With the latest advancement in LLMs, OpenSight offers accurate answers and action resolution paths resolving >70% of inbound customer inquiries. ",United States of America,"['Generative AI', 'B2B', 'Customer Success', 'Customer Support']",Inactive
27725,W23,"Parabolic is an AI assistant that autodrafts ready-to-send responses for your customer support team. 

Equip your team with the best possible response at their fingertips.
",United States of America,"['Generative AI', 'Customer Success', 'Customer Support']",Inactive
27672,W23,"Blyss is an AI model provider built on strong security guarantees. We run AI workloads in GPU-based secure enclaves, which keep data encrypted even while it's being processed. Our customers get a privacy model similar to on-premises deployment, without ever having to think about AI infrastructure or GPU supply.  

The Blyss team has strong experience in cryptography and AI from Stanford, Apple, Nvidia, and more. We think data privacy is fundamental to safe, trustworthy AI, so it's our job to make end-to-end encrypted AI a no-compromise option - just like Signal and WhatsApp did for messaging.",United States of America,"['Security', 'Privacy', 'AI']",Inactive
27424,W23,"Mogara automates software R&D capitalization.

We replace accounting leaders chasing down engineers for timesheets with software that plugs directly into the developer workflow.
",United States of America,"['Finance', 'B2B']",Inactive
29045,S23,"Movley is building Rippling for supply chain. Just like Rippling centralizes all your HR tools, we give Amazon & Shopify sellers one platform to manage their entire supply chain.",United States of America,"['Marketplace', 'SaaS', 'E-commerce', 'Supply Chain']",Inactive
28967,S23,Mantle brings modern data engineering to the lab to help scientists turn insights into world-changing breakthroughs.,,"['SaaS', 'Biotech', 'Data Science']",Inactive
28931,S23,"Vizly helps you get the most out of your data by turning it into actionable insights in seconds. Whether you're a researcher, professor, data analyst, or business leader, Vizly's AI capabilities enable you to visualize, analyze, and interpret your data effortlessly.

For example, Vizly can automatically generate interactive visualizations, perform detailed statistical analyses, and offer predictive insights, making your data analysis workflow seamless.

Before Vizly, Ali built out people-based AI recommendations at Apple and Sami built mission-critical data visualization systems at NASA's Jet Propulsion Laboratory.",United States of America,"['Artificial Intelligence', 'Privacy', 'Data Science', 'Data Visualization', 'AI']",Inactive
28894,S23,"Lysto is a task automation platform built for go-to-market (GTM) teams, designed to streamline workflows and reduce time spent on administrative tasks. By aggregating data from your video calls, emails, and other data sources like internal documents and product analytics, Lysto automates key GTM tasks such as updating CRM records, drafting personalized follow-up emails, and logging customer issues in tools like Slack or JIRA. Each task can be fully automated or flagged for final review in Lysto’s task inbox, providing both efficiency and oversight.",United States of America,"['Artificial Intelligence', 'B2B', 'Workflow Automation', 'Customer Success', 'Sales']",Inactive
28868,S23,"Briefer helps data scientists and analysts build interactive visualizations and data apps using a Notion-like interface.

Connect to your data sources, write SQL or Python, collaborate through comments and multiplayer editing, and run code in whichever compute environments you need.",Brazil,"['Developer Tools', 'B2B', 'Data Science', 'Data Engineering', 'Data Visualization']",Inactive
28858,S23,"CraftOS is how wineries track and sell their wine. 83% of wine production in the US comes from small batch wineries, we provide inventory tracking and POS tools for them.",United States of America,"['SaaS', 'B2B', 'Retail']",Inactive
28838,S23,"Empower is a developer platform for fine-tuned LLMs. It aims to provide best-in-class infrastructure and prebuilt, task-specific base models as building blocks, enabling developers to cost-effectively build and deploy fine-tuned LLMs for their specific use cases, offering an alternative to expensive and slow general-purpose LLMs without compromising on response quality.
",United States of America,"['Artificial Intelligence', 'Generative AI', 'Machine Learning', 'SaaS', 'AI']",Inactive
28813,S23,,United States of America,['Generative AI'],Inactive
28799,S23,"Use Remy to discover upcoming engineering work, perform automatic triage and speed up your design reviews. ",United States of America,"['Artificial Intelligence', 'Generative AI', 'B2B', 'Productivity', 'Security']",Inactive
29124,S23,"Onward is a new take on conversation intelligence and automation. We streamline follow-ups, CRM updates, ticket creation, and other tasks after every conversation — helping you connect this knowledge to the rest of your tools.",,,Inactive
29107,S23,"Saatvy is a transparent, personalized and natural wellness platform to manage chronic conditions such as gut/sleep disorder, diabetes, arthritis, and postpartum thyroiditis. We do this by personalizing the health plans which are created by experienced and authentic Ayurveda practitioners.

Several people in the USA have trusted us with their natural wellness journeys. The biggest benefit our customers find in the first consultation is understanding the root causes of their health issues, where traditional medicine often falls short. Our Ayurvedic practitioners have decades of experience, with some serving on Ayurveda boards in the USA.",United States of America,"['Consumer Health Services', 'Health & Wellness', 'AI']",Inactive
29102,S23,Kips Health enables physical therapists to automatically collect RTM reimbursements with only 5 minutes of work.,United States of America,"['Artificial Intelligence', 'Consumer Health Services', 'Health Tech', 'Healthcare']",Inactive
29089,S23,"Line.Build is software for contractors to seamlessly find and apply for financing and rebates for energy efficiency upgrades. With buildings accounting for almost 40% of US GHG emissions, retrofitting for efficiency is essential to reduce emissions and load on the grid, but expensive. Over $80B of rebates, incentives and financing is available but hyper-fragmented across utilities, federal funds, grants, and green lending programs. Line consolidates disparate sources of funds and simplifies finding and applying for incentives and financing.

Line is designed to be user-friendly, available in multiple languages, and accessible on both web and mobile devices. Additionally, it provides an API that seamlessly integrates with existing quoting tools, enhancing efficiency and convenience.",United States of America,"['Payments', 'Construction', 'Climate', 'Renewable Energy', 'ClimateTech']",Inactive
28994,S23,"We built Vango excited by the future where generative visual AI models like stable diffusion dramatically reduce the barrier to create content. While spending 8 months building products for creatives, we found ourselves building hacky tools to address many of frustrations we had with visual AI. 

So we decided to build the devtool we needed: Vango is a flexible evaluation platform that makes it 10x improve visual models. Developers using visual AI models at scale use Vango to learn quantitative ways to improve their model, saving them ~10 hours per week. 

Major companies building visual products have already begun integrating diffusion models, including Adobe, Disney, Activision Blizzard, Canva, and Snap. By 2025, it is estimated that 1 billion images per day will be AI-generated. ",United States of America,"['Developer Tools', 'Generative AI', 'Design', 'Gaming', 'AI']",Inactive
28920,S23,"Unhaze is a revenue optimization tool for mid-market B2B teams.

Unhaze finds the leads that sales teams are most likely to close right now. We do this by analyzing previous deals and continuously monitoring for similar traits among all our collected company data.

By focusing on the right leads (at the right time!), we can almost double win rates.",Denmark,"['SaaS', 'B2B', 'Sales', 'AI']",Inactive
28902,S23,"Sidenote is a Chrome extension that turns meeting notes into drafted emails, calendar invites, tickets, and reminders.",United States of America,"['Productivity', 'Automation', 'AI']",Inactive
28759,S23,"Boost conversions & organic SEO traffic by adding AI to your search box, unlocking personalized answers, suggestions, comparisons & more

Solutions
- Add AI Overviews to Search (Boost Conversions) 
- Save Answers as Landing Pages (Boost Organic SEO)",Singapore,"['Artificial Intelligence', 'SaaS', 'B2B', 'Retail', 'Search']",Inactive
29391,W24,"Abel transforms law firm document review workflows, eliminating the need to choose between depth and breadth. Attorneys use Abel to answer nuanced questions based on the context spread across thousands of documents.",United States of America,"['Artificial Intelligence', 'Generative AI', 'B2B', 'Legal', 'LegalTech']",Inactive
29361,W24,"Wuri is an app for reading fiction stories that transforms stories into visual novels having audio, images & video. This opens a new world of storytelling for our writers and readers, who can now offer or consume stories in the format of their choice.",,,Inactive
29354,W24,"Quantic helps salespeople generate better pipeline. Quantic researches your book of business and presents buying signals, insights, and pipeline opportunities. This helps reps target the right people, at the right time, with the right messaging. ",United States of America,"['Artificial Intelligence', 'Sales', 'Sales Enablement', 'Automation', 'Databases']",Inactive
29335,W24,"Toolify is dev-first internal tooling. At some point, companies using low-code builders hit a brick wall, and are bogged down by their limitations rather quickly.

We offer:
- A starter kit with sensible defaults,
- A VSCode extension which has AI that creates the internal tool for you, end to end, and,
- A web app where you can deploy your tools.

This gives you the best of both worlds -- everything you need to build tools just as fast as low-code, and an escape hatch when you need it.",India,"['Artificial Intelligence', 'Developer Tools', 'B2B']",Inactive
29320,W24,"Celest is a backend-as-a-service for Flutter and Dart developers. It empowers Flutter developers with the tools and capabilities they need to become full-stack developers. We are introducing ""Cloud Widgets"", a set of primitives which enable you to declaratively define every piece of your backend and infrastructure in Dart.

As the role of the front-end developer evolves towards full-stack proficiency, we recognize that existing tools have fallen short for those specializing in Flutter. Using the programming language and patterns Flutter developers already know from building their frontend, Celest enables developers to build and connect their apps to their backend with no additional tooling.

We enable Flutter developers to concentrate on building features and delivering value to their customers rather than learning additional domains and fragmenting themselves across disparate toolchains.",United States of America,"['Developer Tools', 'SaaS', 'B2B', 'Cloud Computing', 'Infrastructure']",Inactive
29311,W24,"Parasale is an AI recruiter. It can find, engage and schedule candidates for you. We're empowering founders and recruiters to automate their candidate outbound to reach quality candidates faster. We’re building Parasale based on our deep experience in recruiting as early engineers at Gem (S17), a recruiting tech unicorn.",United States of America,"['Artificial Intelligence', 'Recruiting', 'HR Tech']",Inactive
29285,W24,"Patchwork replaces your inefficient Slack with an intelligent feed personalized for each team member with all of their daily updates, design and engineering discussions, and announcements. ",United States of America,"['SaaS', 'B2B', 'Productivity', 'Collaboration', 'AI']",Inactive
29271,W24,"DGI Apparel is a B2B marketplace for custom screenprinters to purchase all of the supplies needed to operate their business. DGI enables users to connect their existing vendor accounts to compare prices, inventory, and shipping time across all of their vendors on a single website. They can also manage all of their vendor carts, checkout, and view purchase tracking and analytics right from DGI.",United States of America,"['Marketplace', 'B2B', 'Apparel']",Inactive
29268,W24,"Mango Health gets physicians paid for sending patients to therapy. Our AI-optimized platform allows therapists to build their practice, while enabling primary care providers to get reimbursed, leveraging new reimbursement codes that facilitate this relationship. 

Connect with us here -> jamie@themangohealth.com",United States of America,"['Health Insurance', 'Primary Care', 'Mental Health', 'AI']",Inactive
29260,W24,"Quary is the first analytics engineering platform that brings the entire model-test-deploy workflow into the browser. 

At our first customer, a fast-growing fintech company, Quary empowers analysts in the growth team to self-serve, contribute, and reduce reliance on the data engineering team, letting teams ship metrics faster & executives get answers sooner",United Kingdom,"['Artificial Intelligence', 'Analytics', 'Data Science', 'Data Engineering', 'AI']",Inactive
29189,W24,"We’re building the AI copilot for radiologists, powered by a foundational model for medical imaging. RadMate AI will read radiology images and generate full reports for radiologists to review and submit.

Mohamed and Adam are technical co-founders who met while studying Computer Science at Cornell University. Before starting RadMate AI to solve the problems his dad faced as a radiologist, Adam worked at Palantir on the initial launch of Palantir’s Al Platform. Mohamed has experience at AWS, where his goal was to help enterprises innovate on the cloud, and PathAl, where he worked on their image viewer platform to improve the workflow of pathologists. ",United States of America,"['Artificial Intelligence', 'SaaS', 'Digital Health', 'Enterprise Software', 'AI Assistant']",Inactive
29178,W24,"Lantern is the easiest way to build AI applications using Postgres.

We started Lantern because we believe AI is going to impact every single enterprise in every single industry. We want to allow every company to tap into their unstructured data to build better applications.

With Lantern Cloud, developers have access to everything they need to build an AI application: embedding generation, vector compression, vector search, efficient indexing, and more. All on top of the database they already know, Postgres, and using infrastructure that scales to billions.

Check out our code on Github: https://github.com/lanterndata/lantern",United States of America,"['B2B', 'Open Source', 'Enterprise', 'AI', 'Databases']",Inactive
29449,W24,"Fileforge is an API for PDF document workflows. 

With Fileforge, you can generate, manipulate, host, share, sign and track your documents - all in on place. Our open-source library helps developers build complex documents that integrate with our API and external services to build document-centric workflows.",United States of America,"['Documents', 'Developer Tools', 'B2B', 'API']",Inactive
29307,W24,"Blume is a web app that streamlines insurance quoting, renewal, and revenue ops processes for health insurance brokers. We are working with our first cohort of health insurance brokers to help them save the, on average, 6 hours of manual data entry they do every week.",United States of America,"['Artificial Intelligence', 'Health Insurance', 'AI Assistant']",Inactive
29206,W24,,United Kingdom,"['Developer Tools', 'SaaS']",Inactive
29793,S24,"Zephr is an AI customer success manager that lets you manage hundreds of customers with ease. Our AI monitors customer health, identifies expansion opportunities and churn, and automates repetitive tasks.",United States of America,"['Artificial Intelligence', 'SaaS', 'B2B', 'Customer Success', 'Enterprise']",Inactive
29747,S24,,United States of America,"['Edge Computing Semiconductors', 'Hard Tech', 'AI']",Inactive
29641,S24,"Patchwork automates logging from code to storage. We make it possible to automatically add actionable, structured event logs across your entire codebase. OTel is automated instrumentation for the ideal world, Patchwork is for everyone else.

Patchwork was founded by three engineers who know what good looks like when it comes to observability, but also know it's takes a lot of dev effort to do manually. ",United Kingdom,"['Artificial Intelligence', 'Developer Tools', 'DevOps']",Inactive
29637,S24,"""I don’t know how I would have found these leads myself.""  - YC Founder

Flyflow enables companies to find prospective customers using AI workflows instead of drowning in tables. Try out our product at app.flyflow.ai.

How are we different?

(1) Higher quality leads: get to a list that’s so relevant, you’ll want to spend time getting introduced to people there, instead of sending another 1,000 cold emails

(2) Incredibly easy to set up: get up and running with a list of prospects in hand  in under 10 minutes

(3) Integrate the best of different sales tools all in one place: no need to switch between different tabs for web research, filtering by company size, and finding prospect LinkedIns",United States of America,"['Generative AI', 'B2B', 'Sales', 'Market Research', 'AI']",Inactive
